{
  "lesbica": "#nome# tem #level#% de chance de ser lésbica! 🏳️‍🌈",
  "burra": "#nome# tem #level#% de burrice! 🤡",
  "inteligente": "#nome# tem #level#% de inteligência! 🧠",
  "otaku": "#nome# tem #level#% de otaku! 🎌",
  "fiel": "#nome# tem #level#% de fidelidade! 💍",
  "infiel": "#nome# tem #level#% de infidelidade! 💔",
  "corna": "#nome# tem #level#% de chance de ser corna! 🐮",
  "gado": "#nome# tem #level#% de gadice! 🐂",
  "gostosa": "#nome# tem #level#% de gostosura! 🔥",
  "feia": "#nome# tem #level#% de feiura! 😬",
  "rica": "#nome# tem #level#% de riqueza! 💰",
  "pobre": "#nome# tem #level#% de pobreza! 💸",
  "bucetuda": "#nome# tem #level#% de bucetude! 🍑",
  "nazista": "#nome# tem #level#% de nazismo! 🚨",
  "ladra": "#nome# tem #level#% de ladra! 🏴‍☠️",
  "safada": "#nome# tem #level#% de safadeza! 😈",
  "vesga": "#nome# tem #level#% de vesguice! 👀",
  "bebada": "#nome# tem #level#% de bebedeira! 🍻",
  "machista": "#nome# tem #level#% de machismo! 🚫",
  "homofobica": "#nome# tem #level#% de homofobia! 🏳️‍🌈❌",
  "racista": "#nome# tem #level#% de racismo! 🚨",
  "chata": "#nome# tem #level#% de chatice! 🙄",
  "sortuda": "#nome# tem #level#% de sorte! 🍀",
  "azarada": "#nome# tem #level#% de azar! 😞",
  "forte": "#nome# tem #level#% de força! 💪",
  "fraca": "#nome# tem #level#% de fraqueza! 🥀",
  "pegadora": "#nome# tem #level#% de pegadora! 😏",
  "otaria": "#nome# tem #level#% de otária! 🤡",
  "boba": "#nome# tem #level#% de bobice! 🤪",
  "nerd": "#nome# tem #level#% de nerd! 🤓",
  "preguicosa": "#nome# tem #level#% de preguiça! 😴",
  "trabalhadora": "#nome# tem #level#% de trabalhadora! 💼",
  "braba": "#nome# tem #level#% de bravura! 🔥",
  "linda": "#nome# tem #level#% de beleza! 😍",
  "malandra": "#nome# tem #level#% de malandragem! 😎",
  "simpatica": "#nome# tem #level#% de simpatia! 😊",
  "engracada": "#nome# tem #level#% de graça! 😂",
  "charmosa": "#nome# tem #level#% de charme! 😏",
  "misteriosa": "#nome# tem #level#% de mistério! 🕵️‍♀️",
  "carinhosa": "#nome# tem #level#% de carinho! ❤️",
  "desumilde": "#nome# tem #level#% de desumildade! 😒",
  "humilde": "#nome# tem #level#% de humildade! 🙌",
  "ciumenta": "#nome# tem #level#% de ciúmes! 😠",
  "corajosa": "#nome# tem #level#% de coragem! 🦸‍♀️",
  "covarde": "#nome# tem #level#% de covardia! 😨",
  "esperta": "#nome# tem #level#% de esperteza! 🧐",
  "talarica": "#nome# tem #level#% de talaricagem! 🐍",
  "chorona": "#nome# tem #level#% de choro! 😭",
  "brincalhona": "#nome# tem #level#% de brincadeira! 🤡",
  "bolsonarista": "#nome# tem #level#% de bolsonarismo! 🇧🇷",
  "petista": "#nome# tem #level#% de petismo! 🌹",
  "comunista": "#nome# tem #level#% de comunismo! 🚩",
  "lulista": "#nome# tem #level#% de lulismo! 🐙",
  "traidora": "#nome# tem #level#% de traição! 🔪",
  "bandida": "#nome# tem #level#% de bandidagem! 🏴‍☠️",
  "cachorra": "#nome# tem #level#% de cachorrice! 🐶",
  "vagabunda": "#nome# tem #level#% de vagabundagem! 💤",
  "pilantra": "#nome# tem #level#% de pilantragem! 🕵️",
  "mito": "#nome# tem #level#% de mitagem! 🤯",
  "padrao": "#nome# tem #level#% de padrão! 🏆",
  "comedia": "#nome# tem #level#% de comédia! 😂",
  "psicopata": "#nome# tem #level#% de psicopatia! 🔪",
  "fortona": "#nome# tem #level#% de força bruta! 💪",
  "magrela": "#nome# tem #level#% de magreza! 🦴",
  "bombada": "#nome# tem #level#% de maromba! 🏋️",
  "chefe": "#nome# tem #level#% de chefia! 👑",
  "presidenta": "#nome# tem #level#% de presidência! 🎩",
  "rainha": "#nome# tem #level#% de realeza! 👑",
  "patroa": "#nome# tem #level#% de autoridade! 💼",
  "playboy": "#nome# tem #level#% de playboy! 🏎️",
  "zueira": "#nome# tem #level#% de zoeira! 🤪",
  "gamer": "#nome# tem #level#% de gamer! 🎮",
  "programadora": "#nome# tem #level#% de programação! 💻",
  "visionaria": "#nome# tem #level#% de visão de futuro! 👀",
  "bilionaria": "#nome# tem #level#% de bilionária! 💵",
  "poderosa": "#nome# tem #level#% de poder! 🔥",
  "vencedora": "#nome# tem #level#% de vitória! 🏆",
  "senhora": "#nome# tem #level#% de senhoridade! 👵"
}