{
  "games": {
    "gay": {"image": {"url": "https://telegra.ph/file/ff2be6c80a680ccf867d2.jpg"}},
    "lesbica": {"image": {"url": "https://telegra.ph/file/ff2be6c80a680ccf867d2.jpg"}},
    "burro": {"image": {"url": "https://img.freepik.com/fotos-gratis/de-perto-observe-um-burro-marrom-selvagem-em-um-campo_493961-1060.jpg"}},
    "burra": {"image": {"url": "https://img.freepik.com/fotos-gratis/de-perto-observe-um-burro-marrom-selvagem-em-um-campo_493961-1060.jpg"}},
    "otaku": {"image": {"url": "https://telegra.ph/file/796eed26a8f761970d9f5.jpg"}},
    "fiel": {"image": {"url": "https://img.freepik.com/fotos-premium/duas-aliancas-de-casamento-em-fundo-branco-ilustracao-3d-isolada_356060-3381.jpg"}},
    "infiel": {"image": {"url": "https://img.freepik.com/fotos-premium/papel-quebrado-com-aliancas-de-casamento_23-2148542362.jpg"}},
    "corno": {"image": {"url": "https://telegra.ph/file/3182942e577dbbc27b17e.jpg"}},
    "corna": {"image": {"url": "https://telegra.ph/file/3182942e577dbbc27b17e.jpg"}},
    "gado": {"image": {"url": "https://telegra.ph/file/6ac2858647969cca031fd.jpg"}},
    "gostoso": {"image": {"url": "https://telegra.ph/file/9ef6ab67c9217ba381803.jpg"}},
    "lindo": {"image": {"url": "https://telegra.ph/file/9ef6ab67c9217ba381803.jpg"}},
    "feio": {"image": {"url": "https://telegra.ph/file/f3deb5e69a5f8bdfcdae2.jpg"}},
    "rico": {"image": {"url": "https://telegra.ph/file/ec311b1d73937cbc5a6aa.jpg"}},
    "pobre": {"image": {"url": "https://img.freepik.com/fotos-premium/homem-segurando-carteira-vazia_225446-1635.jpg?w=1380"}},
    "feia": {"image": {"url": "https://telegra.ph/file/f3deb5e69a5f8bdfcdae2.jpg"}},
    "rica": {"image": {"url": "https://telegra.ph/file/ec311b1d73937cbc5a6aa.jpg"}},
    "nazista": {"image": {"url": "https://telegra.ph/file/fb2762032047db19d206b.jpg"}},
    "ladrao": {"image": {"url": "https://telegra.ph/file/76dfcf91fb7b54184445f.jpg"}},
    "ladra": {"image": {"url": "https://telegra.ph/file/76dfcf91fb7b54184445f.jpg"}},
    "vesgo": {"image": {"url": "https://telegra.ph/file/2c6675f5bc489c219fbb0.jpg"}},
    "vesga": {"image": {"url": "https://telegra.ph/file/2c6675f5bc489c219fbb0.jpg"}},
    "bebado": {"image": {"url": "https://telegra.ph/file/b69ac603e275e610d2c34.jpg"}},
    "bebada": {"image": {"url": "https://telegra.ph/file/b69ac603e275e610d2c34.jpg"}},
    "racista": {"image": {"url": "https://img.youtube.com/vi/eKw4yjqmjcA/maxresdefault.jpg"}},
    "homofobico": {"image": {"url": "https://i0.wp.com/episcopalnewsservice.org/wp-content/uploads/2021/06/IMG_7437-2.jpeg?resize=600%2C450&ssl=1"}},
    "machista": {"image": {"url": "https://img.cadaminuto.com.br/cadaminuto/imagens/3bea1604-1140-42c4-b99a-f4fd7cf70e32.jpg/:/rs=w:364,h:272,i:true,cg:true,ft:cover?cache=true"}},
    "forte": {"image": {"url": "https://animenew.com.br/wp-content/uploads/2021/12/Baki-Biscuit-Olivia.jpg"}},
    "fraco": {"image": {"url": "https://st.depositphotos.com/2510389/2988/v/380/depositphotos_29889615-stock-illustration-woodcut-illustration-of-boy-showing.jpg"}},
    "nerd": {"image": {"url": "https://pt.quizur.com/_image?href=https%3A%2F%2Fdev-beta.quizur.com%2Fstorage%2Fv1%2Fobject%2Fpublic%2F%2Fimagens%2F%2F20016419%2Faf069ae4-78c7-44ea-a9e4-bd1b1839d302.jpeg&w=600&h=600&f=webp"}},
    "charmoso": {"image": {"url": "https://wallpapers.com/imagestpsatured-small/belo-garoto-de-anime-cg334vuuw3kudtay.webp"}},
    "bolsonarista": {"image": {"url": "https://www.pragmatismopolitico.com.br/wp-content/uploads/2018/10/voto-em-bolsonaro-ha-raiva-e-tristeza-mostra-datafolha.jpg"}},
    "petista": {"image": {"url": "https://i1.wp.com/www.esmaelmorais.com.br/wp-content/uploads/2023/06/lula-faz-l.jpg?resize=1200%2C675&ssl=1"}},
    "comunista": {"image": {"url": "https://static-mundoeducacao-uol-com-br.cdn.ampproject.org/ii/w820/s/static.mundoeducacao.uol.com.br/mundoeducacao/2020/09/foice-e-o-martelo.jpg"}},
    "lulista": {"image": {"url": "https://fly.metroimg.com/upload/q_85,w_700/https://uploads.metroimg.com/wp-content/uploads/2022/10/20172225/240417DF-lula-em-brasilia-032-1.jpg"}},
    "bandido": {"image": {"url": "https://t2.tudocdn.net/315102?w=477&h=286"}},
    "vagabundo": {"image": {"url": "https://t2.tudocdn.net/315102?w=477&h=286"}},
    "pilantra": {"image": {"url": "https://t2.tudocdn.net/315102?w=477&h=286"}},
    "mito": {"image": {"url": "https://fly.metroimg.com/upload/q_85,w_700/https://uploads.metroimg.com/wp-content/uploads/2018/10/25185012/bolsomito-jogo-760x4281.jpg"}},
    "gostosa": {"image": {"url": "https://telegra.ph/file/1527a63a1290c9c04cb1c.jpg"}}
  },
  "ranks": {
    "rankgay": {"image": {"url": "https://telegra.ph/file/c478d248692d8c92ab94c.jpg"}},
    "rankburro": {"image": {"url": "https://img.freepik.com/fotos-gratis/de-perto-observe-um-burro-marrom-selvagem-em-um-campo_493961-1060.jpg"}},
    "rankotaku": {"image": {"url": "https://telegra.ph/file/796eed26a8f761970d9f5.jpg"}},
    "rankfiel": {"image": {"url": "https://img.freepik.com/fotos-premium/duas-aliancas-de-casamento-em-fundo-branco-ilustracao-3d-isolada_356060-3381.jpg"}},
    "rankinfiel": {"image": {"url": "https://img.freepik.com/fotos-premium/papel-quebrado-com-aliancas-de-casamento_23-2148542362.jpg"}},
    "rankcorno": {"image": {"url": "https://telegra.ph/file/3182942e577dbbc27b17e.jpg"}},
    "rankgado": {"image": {"url": "https://telegra.ph/file/6ac2858647969cca031fd.jpg"}},
    "rankgostoso": {"image": {"url": "https://telegra.ph/file/030489699735abe38e174.jpg"}},
    "rankforte": {"image": {"url": "https://animenew.com.br/wp-content/uploads/2021/12/Baki-Biscuit-Olivia.jpg"}},
    "rankfraco": {"image": {"url": "https://st.depositphotos.com/2510389/2988/v/380/depositphotos_29889615-stock-illustration-woodcut-illustration-of-boy-showing.jpg"}},
    "ranknerd": {"image": {"url": "https://pt.quizur.com/_image?href=https%3A%2F%2Fdev-beta.quizur.com%2Fstorage%2Fv1%2Fobject%2Fpublic%2F%2Fimagens%2F%2F20016419%2Faf069ae4-78c7-44ea-a9e4-bd1b1839d302.jpeg&w=600&h=600&f=webp"}},
    "ranklindo": {"image": {"url": "https://telegra.ph/file/9ef6ab67c9217ba381803.jpg"}},
    "ranklesbica": {"image": {"url": "https://telegra.ph/file/ff2be6c80a680ccf867d2.jpg"}},
    "rankcorna": {"image": {"url": "https://telegra.ph/file/3182942e577dbbc27b17e.jpg"}},
    "rankgada": {"image": {"url": "https://telegra.ph/file/6ac2858647969cca031fd.jpg"}},
    "rankgostosa": {"image": {"url": "https://telegra.ph/file/dcff0d1e5ea578ade62fb.jpg"}}
  },
  "games2": {
    "chute": {"video": {"url": "https://files.catbox.moe/7w071w.mp4"}},
    "chutar": {"video": {"url": "https://files.catbox.moe/7w071w.mp4"}},
    "tapa": {"video": {"url": "https://files.catbox.moe/xuxi46.mp4"}},
    "soco": {"video": {"url": "https://files.catbox.moe/d67ypd.mp4"}},
    "socar": {"video": {"url": "https://files.catbox.moe/d67ypd.mp4"}},
    "beijo": {"video": {"url": "https://files.catbox.moe/p83rvi.mp4"}},
    "beijar": {"video": {"url": "https://files.catbox.moe/p83rvi.mp4"}},
    "beijob": {"video": {"url": "https://files.catbox.moe/cjo9d6.mp4"}},
    "beijarb": {"video": {"url": "https://files.catbox.moe/cjo9d6.mp4"}},
    "abraco": {"video": {"url": "https://files.catbox.moe/1jdvbi.mp4"}},
    "abracar": {"video": {"url": "https://files.catbox.moe/1jdvbi.mp4"}},
    "mata": {"video": {"url": "https://files.catbox.moe/e95ldo.mp4"}},
    "sexo": {"video": {"url": "https://raw.githubusercontent.com/nazuninha/uploads/main/videos/1747546236161_iyddq6.mp4"}},
    "matar": {"video": {"url": "https://files.catbox.moe/e95ldo.mp4"}},
    "tapar": {"video": {"url": "https://files.catbox.moe/iahlh5.mp4"}},
    "goza": {"video": {"url": "https://files.catbox.moe/3hsy6p.mp4"}},
    "gozar": {"video": {"url": "https://files.catbox.moe/3hsy6p.mp4"}},
    "mamar": {"video": {"url": "https://files.catbox.moe/6mt85w.mp4"}},
    "mamada": {"video": {"url": "https://files.catbox.moe/6mt85w.mp4"}},
    "cafune": {"video": {"url": "https://files.catbox.moe/1342p2.mp4"}},
    "morder": {"video": {"url": "https://files.catbox.moe/x51541.mp4"}},
    "mordida": {"video": {"url": "https://files.catbox.moe/x51541.mp4"}},
    "lamber": {"video": {"url": "https://files.catbox.moe/toztg8.mp4"}},
    "lambida": {"video": {"url": "https://files.catbox.moe/toztg8.mp4"}},
    "explodir": {"video": {"url": "https://files.catbox.moe/rqxtr2.mp4"}}
  }
}