{
  "gay": "🌈 #nome# tem #level#% de gay! Amor e diversidade no ar! 💕",
  "burro": "🐴 #nome# tem #level#% de burrice! Parece que pulou umas aulas... 😂",
  "inteligente": "🧠 #nome# tem #level#% de inteligência! Einstein que se cuide! 🤯",
  "otaku": "🎌 #nome# tem #level#% de otaku! Vive no mundo dos animes! 🍜",
  "fiel": "💍 #nome# tem #level#% de fidelidade! Leal até o fim! ❤️",
  "infiel": "💔 #nome# tem #level#% de infidelidade! Cuidado com as traições... 👀",
  "corno": "🐂 #nome# tem #level#% de chifres! Será verdade ou fofoca? 🤭",
  "gado": "🐄 #nome# tem #level#% de gado! Sempre correndo atrás... 😂",
  "gostoso": "🔥 #nome# tem #level#% de gostosura! Um verdadeiro galã! 😏",
  "feio": "👹 #nome# tem #level#% de feiura! Mas beleza é relativa, né? 😬",
  "rico": "💰 #nome# tem #level#% de riqueza! Tá podendo, hein? 🤑",
  "pobre": "💸 #nome# tem #level#% de pobreza! Bora fazer um pix? 🤲",
  "pirocudo": "🍆 #nome# tem #level#% de pirocudo! Será que confere? 👀",
  "pirokudo": "🍆 #nome# tem #level#% de pirocudo! Diga-nos, será que é grande? 😏",
  "nazista": "🚫 #nome# tem #level#% de nazista! Isso não é brincadeira, viu?! ⚠️",
  "ladrao": "🕵️‍♂️ #nome# tem #level#% de ladrão! Melhor esconder a carteira! 😅",
  "safado": "😏 #nome# tem #level#% de safadeza! Pegador nato! 🔥",
  "vesgo": "👀 #nome# tem #level#% de vesgo! Olhando pra dois lugares ao mesmo tempo! 😂",
  "bebado": "🍻 #nome# tem #level#% de bêbado! Hora de parar ou pedir mais uma? 🤪",
  "machista": "🚫 #nome# tem #level#% de machismo! Vamos evoluir, parceiro! 🚀",
  "homofobico": "🏳️‍🌈 #nome# tem #level#% de homofobia! Isso não é legal, hein? 😡",
  "racista": "✊ #nome# tem #level#% de racismo! Vamos espalhar respeito! 💖",
  "chato": "😴 #nome# tem #level#% de chatice! Melhor sair de perto... 😅",
  "sortudo": "🍀 #nome# tem #level#% de sorte! Está no caminho certo! 🍀",
  "azarado": "🍂 #nome# tem #level#% de azar! Parece que a maré está contra... 😞",
  "forte": "💪 #nome# tem #level#% de força! Tá preparado para qualquer desafio! ⚡",
  "fraco": "🥴 #nome# tem #level#% de fraqueza! Melhor treinar mais! 🏋️",
  "pegador": "💘 #nome# tem #level#% de pegador! Deixando corações perdidos! 💓",
  "otario": "🤡 #nome# tem #level#% de otário! Pega leve, irmão! 😂",
  "macho": "🐂 #nome# tem #level#% de macho! Força e garra! 💥",
  "bobo": "🤪 #nome# tem #level#% de bobeira! Ah, quem nunca? 😂",
  "nerd": "👾 #nome# tem #level#% de nerd! Seus superpoderes vêm dos livros! 📚",
  "preguicoso": "😴 #nome# tem #level#% de preguiça! Levanta do sofá! 🛋️",
  "trabalhador": "💼 #nome# tem #level#% de trabalhador! Rala e conquista! 💪",
  "brabo": "😤 #nome# tem #level#% de brabeza! Cuidado, o bicho vai pegar! 🔥",
  "lindo": "💎 #nome# tem #level#% de beleza! O mundo é seu passarela! 😍",
  "malandro": "😏 #nome# tem #level#% de malandragem! Cuidado, pode estar planejando algo... 👀",
  "simpatico": "🙂 #nome# tem #level#% de simpatia! Todo mundo adora estar ao seu lado! 💖",
  "engracado": "😂 #nome# tem #level#% de engraçado! Sua vida é um show de comédia! 🎤",
  "charmoso": "💋 #nome# tem #level#% de charme! Difícil resistir ao seu magnetismo! 😏",
  "misterioso": "🕵️‍♂️ #nome# tem #level#% de mistério! Sempre deixando um ar de enigma... 🧐",
  "carinhoso": "💞 #nome# tem #level#% de carinho! Todos te amam por ser tão fofo! 🥰",
  "desumilde": "🙄 #nome# tem #level#% de desumildade! Precisa aprender um pouco sobre humildade... 😬",
  "humilde": "🙏 #nome# tem #level#% de humildade! Um exemplo para todos! 🌟",
  "ciumento": "👀 #nome# tem #level#% de ciúmes! Melhor dar um espaço, hein? 😜",
  "corajoso": "🦁 #nome# tem #level#% de coragem! Nada pode te parar! 💥",
  "covarde": "🐰 #nome# tem #level#% de covardia! Precisa encarar mais os desafios! 😅",
  "esperto": "🧠 #nome# tem #level#% de esperteza! Sabe como se sair de qualquer situação! 😉",
  "talarico": "🍑 #nome# tem #level#% de talaricagem! Cuidado, ele/ela vai roubar seu crush! 👀",
  "chorao": "😭 #nome# tem #level#% de chorão! Precisa aprender a segurar as lágrimas! 😜",
  "brincalhao": "😆 #nome# tem #level#% de brincalhão! Adora fazer piadas e zoar todo mundo! 😂",
  "bolsonarista": "🇧🇷 #nome# tem #level#% de bolsonarista! Defende com tudo o mito! ✌️",
  "petista": "🐾 #nome# tem #level#% de petista! A luta é pelo social! 💚",
  "comunista": "✊ #nome# tem #level#% de comunista! A revolução vai acontecer! 🟥",
  "lulista": "💚 #nome# tem #level#% de lulista! O Brasil acima de tudo! 💛",
  "traidor": "💔 #nome# tem #level#% de traição! Cuidado com quem você confia... 👀",
  "bandido": "🚨 #nome# tem #level#% de bandido! Melhor correr da polícia! 😅",
  "cachorro": "🐶 #nome# tem #level#% de cachorro! Leal até o fim! 🐾",
  "vagabundo": "🛋️ #nome# tem #level#% de vagabundo! Melhor levantar e agir! 💪",
  "pilantra": "🎩 #nome# tem #level#% de pilantragem! Não deixe enganar, parceiro! 😎",
  "mito": "👑 #nome# tem #level#% de mito! Um verdadeiro líder! 💥",
  "padrao": "🔥 #nome# tem #level#% de padrão! Aquele que todos admiram! 💎",
  "comedia": "😂 #nome# tem #level#% de comédia! Sempre arrancando risadas! 🎤",
  "psicopata": "🧠 #nome# tem #level#% de psicopatia! Melhor tomar cuidado... 😈",
  "fortao": "💪 #nome# tem #level#% de fortão! A academia te preparou bem! 🏋️",
  "magrelo": "🏃 #nome# tem #level#% de magrelo! Melhor começar a malhar, né? 😂",
  "bombado": "💥 #nome# tem #level#% de bombado! Um verdadeiro monstro na academia! 🏋️",
  "chefe": "👑 #nome# tem #level#% de chefe! Comanda tudo e todos! 💼",
  "presidente": "🇧 🇷 #nome# tem #level#% de presidente! O país está em boas mãos! 🏛️",
  "rei": "👑 #nome# tem #level#% de rei! O trono te espera! 👑",
  "patrao": "💼 #nome# tem #level#% de patrão! O chefe do rolê! 💼",
  "playboy": "💸 #nome# tem #level#% de playboy! Está sempre na ostentação! 💎",
  "zueiro": "🎉 #nome# tem #level#% de zueiro! A zoeira nunca tem fim! 😂",
  "gamer": "🎮 #nome# tem #level#% de gamer! Sempre mandando bem nos jogos! 👾",
  "programador": "💻 #nome# tem #level#% de programador! Codificando o futuro! 💻",
  "visionario": "👀 #nome# tem #level#% de visionário! Sempre pensando à frente! 🚀",
  "billionario": "💰 #nome# tem #level#% de bilionário! O mundo é seu! 🤑",
  "poderoso": "💪 #nome# tem #level#% de poderoso! Não há limites para você! ⚡",
  "vencedor": "🏆 #nome# tem #level#% de vencedor! O sucesso é seu destino! 🚀",
  "senhor": "👴 #nome# tem #level#% de senhor! Respeito e sabedoria são suas marcas! 🧓",
  "rainha": "👸 #nome# tem #level#% de rainha! Elegância e poder em cada passo! 👑"
}