{
  "rankgay": "🌈 *Rank dos Mais Gays* 🌈",
  "rankburro": "🐴 *Rank dos Mais Burricos* 🐴",
  "rankinteligente": "🧠 *Rank dos Mais Inteligentes* 🧠",
  "rankotaku": "🎮 *Rank dos Maiores Otakus* 🎮",
  "rankfiel": "💖 *Rank dos Mais Fieis* 💖",
  "rankinfiel": "💔 *Rank dos Mais Infieis* 💔",
  "rankcorno": "👑 *Rank dos Reis do Corno* 👑",
  "rankgado": "🐄 *Rank dos Maiores Gados* 🐄",
  "rankgostoso": "🔥 *Rank dos Mais Gostosos* 🔥",
  "rankrico": "💰 *Rank dos Mais Ricos* 💰",
  "rankpobre": "💸 *Rank dos Mais Pobres* 💸",
  "rankforte": "💪 *Rank dos Mais Fortes* 💪",
  "rankpegador": "🔥 *Rank dos Maiores Pegadores* 🔥",
  "rankmacho": "👊 *Rank dos Machos Alfa* 👊",
  "ranknerd": "📚 *Rank dos Maiores Nerds* 📚",
  "ranktrabalhador": "💼 *Rank dos Mais Trabalhadores* 💼",
  "rankbrabo": "💥 *Rank dos Mais Bravos* 💥",
  "ranklindo": "😍 *Rank dos Mais Lindos* 😍",
  "rankmalandro": "😎 *Rank dos Mais Malandros* 😎",
  "rankengracado": "😂 *Rank dos Mais Engraçados* 😂",
  "rankcharmoso": "✨ *Rank dos Mais Charmosos* ✨",
  "rankvisionario": "🔮 *Rank dos Maior Visionários* 🔮",
  "rankpoderoso": "⚡ *Rank dos Mais Poderosos* ⚡",
  "rankvencedor": "🏆 *Rank dos Maiores Vencedores* 🏆",
  "ranklesbica": "🌈 *Rank das Mais Lésbicas* 🌈",
  "rankburra": "🐴 *Rank das Mais Burras* 🐴",
  "rankinteligente": "🧠 *Rank das Mais Inteligentes* 🧠",
  "rankotaku": "🎮 *Rank das Maiores Otakus* 🎮",
  "rankfiel": "💖 *Rank das Mais Fieis* 💖",
  "rankinfiel": "💔 *Rank das Mais Infieis* 💔",
  "rankcorna": "👑 *Rank das Rainhas do Corno* 👑",
  "rankgada": "🐄 *Rank das Maiores Gadas* 🐄",
  "rankgostosa": "🔥 *Rank das Mais Gostosas* 🔥",
  "rankrica": "💰 *Rank das Mais Ricas* 💰",
  "rankpobre": "💸 *Rank das Mais Pobres* 💸",
  "rankforte": "💪 *Rank das Mais Fortes* 💪",
  "rankpegadora": "🔥 *Rank das Maiores Pegadoras* 🔥",
  "ranknerd": "📚 *Rank das Maiores Nerds* 📚",
  "ranktrabalhadora": "💼 *Rank das Mais Trabalhadoras* 💼",
  "rankbraba": "💥 *Rank das Mais Bravas* 💥",
  "ranklinda": "😍 *Rank das Mais Lindas* 😍",
  "rankmalandra": "😎 *Rank das Mais Malandras* 😎",
  "rankengracada": "😂 *Rank das Mais Engraçadas* 😂",
  "rankcharmosa": "✨ *Rank das Mais Charmosas* ✨",
  "rankvisionaria": "🔮 *Rank das Maior Visionárias* 🔮",
  "rankpoderosa": "⚡ *Rank das Mais Poderosas* ⚡",
  "rankvencedora": "🏆 *Rank das Maiores Vencedoras* 🏆"
}