{"v":"5.6.5","fr":24,"ip":0,"op":28,"w":48,"h":48,"nm":"Comp 1","ddd":0,"assets":[],"layers":[{"ddd":0,"ind":1,"ty":4,"nm":"pupils","sr":1,"ks":{"o":{"a":0,"k":100,"ix":11},"r":{"a":0,"k":0,"ix":10},"p":{"a":0,"k":[24.5,21.968,0],"ix":2},"a":{"a":0,"k":[24.5,21.968,0],"ix":1},"s":{"a":0,"k":[100,100,100],"ix":6}},"ao":0,"shapes":[{"ty":"gr","it":[{"ind":0,"ty":"sh","ix":1,"ks":{"a":0,"k":{"i":[[0,-1.122],[0.276,0],[0,1.122],[-0.276,0]],"o":[[0,1.122],[-0.276,0],[0,-1.122],[0.276,0]],"v":[[0.5,0],[0,2.032],[-0.5,0],[0,-2.032]],"c":true},"ix":2},"nm":"Path 1","mn":"ADBE Vector Shape - Group","hd":false},{"ty":"fl","c":{"a":0,"k":[0.270588248968,0.352941185236,0.392156869173,1],"ix":4},"o":{"a":0,"k":100,"ix":5},"r":1,"bm":0,"nm":"Fill 1","mn":"ADBE Vector Graphic - Fill","hd":false},{"ty":"tr","p":{"a":0,"k":[29.5,21.968],"ix":2},"a":{"a":0,"k":[0,0],"ix":1},"s":{"a":0,"k":[100,100],"ix":3},"r":{"a":0,"k":0,"ix":6},"o":{"a":0,"k":100,"ix":7},"sk":{"a":0,"k":0,"ix":4},"sa":{"a":0,"k":0,"ix":5},"nm":"Transform"}],"nm":"Group 1","np":2,"cix":2,"bm":0,"ix":1,"mn":"ADBE Vector Group","hd":false},{"ty":"gr","it":[{"ind":0,"ty":"sh","ix":1,"ks":{"a":0,"k":{"i":[[0,-1.122],[0.276,0],[0,1.122],[-0.276,0]],"o":[[0,1.122],[-0.276,0],[0,-1.122],[0.276,0]],"v":[[0.5,0],[0,2.032],[-0.5,0],[0,-2.032]],"c":true},"ix":2},"nm":"Path 1","mn":"ADBE Vector Shape - Group","hd":false},{"ty":"fl","c":{"a":0,"k":[0.270588248968,0.352941185236,0.392156869173,1],"ix":4},"o":{"a":0,"k":100,"ix":5},"r":1,"bm":0,"nm":"Fill 1","mn":"ADBE Vector Graphic - Fill","hd":false},{"ty":"tr","p":{"a":0,"k":[19.5,21.968],"ix":2},"a":{"a":0,"k":[0,0],"ix":1},"s":{"a":0,"k":[100,100],"ix":3},"r":{"a":0,"k":0,"ix":6},"o":{"a":0,"k":100,"ix":7},"sk":{"a":0,"k":0,"ix":4},"sa":{"a":0,"k":0,"ix":5},"nm":"Transform"}],"nm":"Group 2","np":2,"cix":2,"bm":0,"ix":2,"mn":"ADBE Vector Group","hd":false}],"ip":0,"op":28,"st":0,"bm":0},{"ddd":0,"ind":2,"ty":4,"nm":"eyes","sr":1,"ks":{"o":{"a":0,"k":100,"ix":11},"r":{"a":0,"k":0,"ix":10},"p":{"a":0,"k":[24.5,23.287,0],"ix":2},"a":{"a":0,"k":[24.5,23.287,0],"ix":1},"s":{"a":0,"k":[100,100,100],"ix":6}},"ao":0,"shapes":[{"ty":"gr","it":[{"ind":0,"ty":"sh","ix":1,"ks":{"a":1,"k":[{"i":{"x":0.667,"y":1},"o":{"x":0.167,"y":0.167},"t":3,"s":[{"i":[[0,-0.003],[1.933,0],[0,0.003],[-1.933,0]],"o":[[0,0.003],[-1.933,0],[0,-0.003],[1.933,0]],"v":[[3.5,0],[0,0.006],[-3.5,0],[0,-0.006]],"c":true}]},{"i":{"x":0.667,"y":1},"o":{"x":0.333,"y":0},"t":9,"s":[{"i":[[0,-1.243],[1.933,0],[0,1.243],[-1.933,0]],"o":[[0,1.243],[-1.933,0],[0,-1.243],[1.933,0]],"v":[[3.5,0],[0,2.25],[-3.5,0],[0,-2.25]],"c":true}]},{"i":{"x":0.833,"y":0.833},"o":{"x":0.333,"y":0},"t":19,"s":[{"i":[[0,-1.243],[1.933,0],[0,1.243],[-1.933,0]],"o":[[0,1.243],[-1.933,0],[0,-1.243],[1.933,0]],"v":[[3.5,0],[0,2.25],[-3.5,0],[0,-2.25]],"c":true}]},{"t":25,"s":[{"i":[[0,-0.003],[1.933,0],[0,0.003],[-1.933,0]],"o":[[0,0.003],[-1.933,0],[0,-0.003],[1.933,0]],"v":[[3.5,0],[0,0.006],[-3.5,0],[0,-0.006]],"c":true}]}],"ix":2},"nm":"Path 1","mn":"ADBE Vector Shape - Group","hd":false},{"ty":"fl","c":{"a":0,"k":[1,1,1,1],"ix":4},"o":{"a":0,"k":100,"ix":5},"r":1,"bm":0,"nm":"Fill 1","mn":"ADBE Vector Graphic - Fill","hd":false},{"ty":"tr","p":{"a":0,"k":[29.5,23.287],"ix":2},"a":{"a":0,"k":[0,0],"ix":1},"s":{"a":0,"k":[100,100],"ix":3},"r":{"a":0,"k":0,"ix":6},"o":{"a":0,"k":100,"ix":7},"sk":{"a":0,"k":0,"ix":4},"sa":{"a":0,"k":0,"ix":5},"nm":"Transform"}],"nm":"Group 1","np":2,"cix":2,"bm":0,"ix":1,"mn":"ADBE Vector Group","hd":false},{"ty":"gr","it":[{"ind":0,"ty":"sh","ix":1,"ks":{"a":1,"k":[{"i":{"x":0.667,"y":1},"o":{"x":0.167,"y":0.167},"t":3,"s":[{"i":[[0,-0.003],[1.933,0],[0,0.003],[-1.933,0]],"o":[[0,0.003],[-1.933,0],[0,-0.003],[1.933,0]],"v":[[3.5,0],[0,0.006],[-3.5,0],[0,-0.006]],"c":true}]},{"i":{"x":0.667,"y":1},"o":{"x":0.333,"y":0},"t":9,"s":[{"i":[[0,-1.243],[1.933,0],[0,1.243],[-1.933,0]],"o":[[0,1.243],[-1.933,0],[0,-1.243],[1.933,0]],"v":[[3.5,0],[0,2.25],[-3.5,0],[0,-2.25]],"c":true}]},{"i":{"x":0.833,"y":0.833},"o":{"x":0.333,"y":0},"t":19,"s":[{"i":[[0,-1.243],[1.933,0],[0,1.243],[-1.933,0]],"o":[[0,1.243],[-1.933,0],[0,-1.243],[1.933,0]],"v":[[3.5,0],[0,2.25],[-3.5,0],[0,-2.25]],"c":true}]},{"t":25,"s":[{"i":[[0,-0.003],[1.933,0],[0,0.003],[-1.933,0]],"o":[[0,0.003],[-1.933,0],[0,-0.003],[1.933,0]],"v":[[3.5,0],[0,0.006],[-3.5,0],[0,-0.006]],"c":true}]}],"ix":2},"nm":"Path 1","mn":"ADBE Vector Shape - Group","hd":false},{"ty":"fl","c":{"a":0,"k":[1,1,1,1],"ix":4},"o":{"a":0,"k":100,"ix":5},"r":1,"bm":0,"nm":"Fill 1","mn":"ADBE Vector Graphic - Fill","hd":false},{"ty":"tr","p":{"a":0,"k":[19.5,23.287],"ix":2},"a":{"a":0,"k":[0,0],"ix":1},"s":{"a":0,"k":[100,100],"ix":3},"r":{"a":0,"k":0,"ix":6},"o":{"a":0,"k":100,"ix":7},"sk":{"a":0,"k":0,"ix":4},"sa":{"a":0,"k":0,"ix":5},"nm":"Transform"}],"nm":"Group 2","np":2,"cix":2,"bm":0,"ix":2,"mn":"ADBE Vector Group","hd":false}],"ip":3,"op":25,"st":0,"bm":0},{"ddd":0,"ind":3,"ty":4,"nm":"logo","sr":1,"ks":{"o":{"a":0,"k":100,"ix":11},"r":{"a":0,"k":0,"ix":10},"p":{"a":0,"k":[24,24,0],"ix":2},"a":{"a":0,"k":[24,24,0],"ix":1},"s":{"a":0,"k":[100,100,100],"ix":6}},"ao":0,"shapes":[{"ty":"gr","it":[{"ind":0,"ty":"sh","ix":1,"ks":{"a":0,"k":{"i":[[8.8,0],[0,8.8],[-8.8,0],[0,-8.8]],"o":[[-8.8,0],[0,-8.8],[8.8,0],[0,8.8]],"v":[[0,16],[-16,0],[0,-16],[16,0]],"c":true},"ix":2},"nm":"Path 1","mn":"ADBE Vector Shape - Group","hd":false},{"ind":1,"ty":"sh","ix":2,"ks":{"a":0,"k":{"i":[[11,0],[0,-11],[-11,0],[0,11]],"o":[[-11,0],[0,11],[11,0],[0,-11]],"v":[[0,-20],[-20,0],[0,20],[20,0]],"c":true},"ix":2},"nm":"Path 2","mn":"ADBE Vector Shape - Group","hd":false},{"ty":"fl","c":{"a":0,"k":[0,0.737254917622,0.831372559071,1],"ix":4},"o":{"a":0,"k":100,"ix":5},"r":1,"bm":0,"nm":"Fill 1","mn":"ADBE Vector Graphic - Fill","hd":false},{"ty":"tr","p":{"a":0,"k":[24,24],"ix":2},"a":{"a":0,"k":[0,0],"ix":1},"s":{"a":0,"k":[100,100],"ix":3},"r":{"a":0,"k":0,"ix":6},"o":{"a":0,"k":100,"ix":7},"sk":{"a":0,"k":0,"ix":4},"sa":{"a":0,"k":0,"ix":5},"nm":"Transform"}],"nm":"Group 1","np":3,"cix":2,"bm":0,"ix":1,"mn":"ADBE Vector Group","hd":false},{"ty":"gr","it":[{"ind":0,"ty":"sh","ix":1,"ks":{"a":1,"k":[{"i":{"x":0.667,"y":1},"o":{"x":0.333,"y":0},"t":0,"s":[{"i":[[0,0],[0.5,0],[0.5,1],[1.5,1],[-0.5,0],[-0.7,-0.9],[-1.3,0],[-0.8,0.9]],"o":[[0,0],[-1.2,0],[-0.6,-1.1],[-0.3,-0.2],[0.5,0.1],[0.7,0.9],[1.3,0],[0,0]],"v":[[-2.796,10.95],[-5.596,10.95],[-8.396,9.45],[-10.996,6.15],[-10.596,5.75],[-8.496,6.85],[-5.696,8.85],[-2.196,7.95]],"c":true}]},{"i":{"x":0.667,"y":1},"o":{"x":0.333,"y":0},"t":14,"s":[{"i":[[0,0],[0.5,0],[0.734,0.694],[-0.068,1.638],[-0.167,-0.472],[-0.444,-0.937],[-1.3,0],[-0.8,0.9]],"o":[[0,0],[-1.2,0],[-0.938,-0.916],[0.015,-0.36],[0.181,0.477],[0.488,1.03],[1.3,0],[0,0]],"v":[[-2.796,10.95],[-5.596,10.95],[-8.803,9.512],[-9.938,5.209],[-9.292,5.116],[-8.515,7.299],[-5.696,8.85],[-2.196,7.95]],"c":true}]},{"t":28,"s":[{"i":[[0,0],[0.5,0],[0.5,1],[1.5,1],[-0.5,0],[-0.7,-0.9],[-1.3,0],[-0.8,0.9]],"o":[[0,0],[-1.2,0],[-0.6,-1.1],[-0.3,-0.2],[0.5,0.1],[0.7,0.9],[1.3,0],[0,0]],"v":[[-2.796,10.95],[-5.596,10.95],[-8.396,9.45],[-10.996,6.15],[-10.596,5.75],[-8.496,6.85],[-5.696,8.85],[-2.196,7.95]],"c":true}]}],"ix":2},"nm":"Path 1","mn":"ADBE Vector Shape - Group","hd":false},{"ind":1,"ty":"sh","ix":2,"ks":{"a":0,"k":{"i":[[0,0],[3.1,0],[-0.4,-1]],"o":[[0,0],[-1.2,1.2],[0,0]],"v":[[-2.496,-8.65],[-7.296,-10.95],[-7.296,-5.15]],"c":true},"ix":2},"nm":"Path 2","mn":"ADBE Vector Shape - Group","hd":false},{"ind":2,"ty":"sh","ix":3,"ks":{"a":0,"k":{"i":[[0,0],[-3.1,0],[0.4,-1]],"o":[[0,0],[1.2,1.2],[0,0]],"v":[[5.704,-8.65],[10.504,-10.95],[10.504,-5.15]],"c":true},"ix":2},"nm":"Path 3","mn":"ADBE Vector Shape - Group","hd":false},{"ty":"fl","c":{"a":0,"k":[0.270588248968,0.352941185236,0.392156869173,1],"ix":4},"o":{"a":0,"k":100,"ix":5},"r":1,"bm":0,"nm":"Fill 1","mn":"ADBE Vector Graphic - Fill","hd":false},{"ty":"tr","p":{"a":0,"k":[22.896,24.95],"ix":2},"a":{"a":0,"k":[0,0],"ix":1},"s":{"a":0,"k":[100,100],"ix":3},"r":{"a":0,"k":0,"ix":6},"o":{"a":0,"k":100,"ix":7},"sk":{"a":0,"k":0,"ix":4},"sa":{"a":0,"k":0,"ix":5},"nm":"Transform"}],"nm":"Group 2","np":4,"cix":2,"bm":0,"ix":2,"mn":"ADBE Vector Group","hd":false},{"ty":"gr","it":[{"ind":0,"ty":"sh","ix":1,"ks":{"a":0,"k":{"i":[[0,4.4],[-5.7,0],[0,-4.5],[7,0]],"o":[[0,-4.4],[5.7,0],[0,4.5],[-7,0]],"v":[[-10.3,0.5],[0,-8],[10.3,0.5],[0,8]],"c":true},"ix":2},"nm":"Path 1","mn":"ADBE Vector Shape - Group","hd":false},{"ty":"fl","c":{"a":0,"k":[0.270588248968,0.352941185236,0.392156869173,1],"ix":4},"o":{"a":0,"k":100,"ix":5},"r":1,"bm":0,"nm":"Fill 1","mn":"ADBE Vector Graphic - Fill","hd":false},{"ty":"tr","p":{"a":0,"k":[24.5,23],"ix":2},"a":{"a":0,"k":[0,0],"ix":1},"s":{"a":0,"k":[100,100],"ix":3},"r":{"a":0,"k":0,"ix":6},"o":{"a":0,"k":100,"ix":7},"sk":{"a":0,"k":0,"ix":4},"sa":{"a":0,"k":0,"ix":5},"nm":"Transform"}],"nm":"Group 3","np":2,"cix":2,"bm":0,"ix":3,"mn":"ADBE Vector Group","hd":false},{"ty":"gr","it":[{"ind":0,"ty":"sh","ix":1,"ks":{"a":0,"k":{"i":[[0,0],[0,0.1],[0,0.1],[-1.5,0.2],[-0.2,0],[0,0],[0,0],[0,0],[1.3,-0.2],[0,0]],"o":[[0,0],[0,-0.1],[0.1,0],[1.3,-0.2],[0.1,0],[0,0.1],[0,0],[0,0],[-1.5,0.3],[0,0]],"v":[[-15.85,-5.4],[-15.95,-5.5],[-15.95,-5.7],[-13.05,-6.7],[-8.85,-6.6],[-8.75,-6.5],[-8.85,-6.4],[-8.85,-6.4],[-12.95,-6.5],[-15.85,-5.4]],"c":true},"ix":2},"nm":"Path 1","mn":"ADBE Vector Shape - Group","hd":false},{"ind":1,"ty":"sh","ix":2,"ks":{"a":0,"k":{"i":[[0,0],[0,0.1],[-0.1,0.1],[-0.9,0],[-0.1,0],[0,0],[0,0],[0.8,0],[0.8,-0.2]],"o":[[-0.1,0],[0,-0.1],[0.8,-0.2],[0.8,0],[0.1,0],[0,0.1],[0,0],[-1.1,0.2],[0,0]],"v":[[-16.25,-6.9],[-16.35,-7],[-16.25,-7.2],[-12.95,-7.7],[-9.35,-7.5],[-9.25,-7.4],[-9.35,-7.3],[-12.85,-7.5],[-16.25,-6.9]],"c":true},"ix":2},"nm":"Path 2","mn":"ADBE Vector Shape - Group","hd":false},{"ind":2,"ty":"sh","ix":3,"ks":{"a":0,"k":{"i":[[0.1,0],[0,0],[1.2,0],[0.1,0],[0,0.1],[-0.1,0],[-0.9,0],[0,0],[0,-0.1]],"o":[[0,0],[0,0],[-0.9,0],[-0.1,0],[0,-0.1],[0.1,0],[1.3,0],[0.1,0],[0,-0.1]],"v":[[15.75,-6.1],[15.75,-6.1],[13.15,-6.5],[10.05,-6.3],[9.95,-6.4],[10.05,-6.5],[13.15,-6.7],[15.75,-6.3],[15.85,-6.1]],"c":true},"ix":2},"nm":"Path 3","mn":"ADBE Vector Shape - Group","hd":false},{"ind":3,"ty":"sh","ix":4,"ks":{"a":0,"k":{"i":[[0.1,0],[0,0],[1.1,0],[0,0],[0,0],[0,0.1],[-0.1,0],[-1.1,0],[-0.1,0],[0,-0.1]],"o":[[0,0],[0,0],[0,0],[-1.1,0],[-0.1,0],[0,-0.1],[0.1,0],[1.1,0],[0.1,0],[-0.2,-0.1]],"v":[[16.05,-6.9],[16.05,-6.9],[13.65,-7.3],[13.55,-7.3],[10.65,-7],[10.55,-7.1],[10.65,-7.2],[13.75,-7.5],[16.25,-7.1],[16.35,-6.9]],"c":true},"ix":2},"nm":"Path 4","mn":"ADBE Vector Shape - Group","hd":false},{"ind":4,"ty":"sh","ix":5,"ks":{"a":0,"k":{"i":[[0,0],[0,0],[-0.3,0],[0,-0.3],[0,0],[0,0],[0,0],[-0.3,0],[0,-0.3],[0,0],[0,0],[0,0],[-0.3,0],[0,-0.3],[0,0],[0,0],[0,0.5],[0,0],[2.4,0],[0,0],[0,-2.1],[0,0],[-0.1,-0.3],[0,0]],"o":[[0,0],[0,-0.3],[0.3,0],[0,0],[0,0],[0,0],[0,-0.3],[0.3,0],[0,0],[0,0],[0,0],[0,-0.3],[0.3,0],[0,0],[0,0],[0.2,-0.3],[0,0],[0,-2.2],[0,0],[-2.3,0],[0,0],[0,0.4],[0,0],[0,0]],"v":[[-3.05,7.7],[-3.05,2.2],[-2.55,1.7],[-2.05,2.2],[-2.05,7.7],[-0.05,7.7],[-0.05,1.2],[0.45,0.7],[0.95,1.2],[0.95,7.7],[2.95,7.7],[2.95,2.2],[3.45,1.7],[3.95,2.2],[3.95,7.7],[5.75,7.7],[5.95,6.6],[5.95,2.7],[1.65,-2.5],[-0.85,-2.5],[-5.15,2.7],[-5.15,6.6],[-4.95,7.7],[-3.05,7.7]],"c":true},"ix":2},"nm":"Path 5","mn":"ADBE Vector Shape - Group","hd":false},{"ty":"fl","c":{"a":0,"k":[0.270588248968,0.352941185236,0.392156869173,1],"ix":4},"o":{"a":0,"k":100,"ix":5},"r":1,"bm":0,"nm":"Fill 1","mn":"ADBE Vector Graphic - Fill","hd":false},{"ty":"tr","p":{"a":0,"k":[24.05,33.3],"ix":2},"a":{"a":0,"k":[0,0],"ix":1},"s":{"a":0,"k":[100,100],"ix":3},"r":{"a":0,"k":0,"ix":6},"o":{"a":0,"k":100,"ix":7},"sk":{"a":0,"k":0,"ix":4},"sa":{"a":0,"k":0,"ix":5},"nm":"Transform"}],"nm":"Group 4","np":6,"cix":2,"bm":0,"ix":4,"mn":"ADBE Vector Group","hd":false},{"ty":"gr","it":[{"ind":0,"ty":"sh","ix":1,"ks":{"a":0,"k":{"i":[[0,-9.4],[9.4,0],[0,9.4],[-9.4,0]],"o":[[0,9.4],[-9.4,0],[0,-9.4],[9.4,0]],"v":[[17,0],[0,17],[-17,0],[0,-17]],"c":true},"ix":2},"nm":"Path 1","mn":"ADBE Vector Shape - Group","hd":false},{"ty":"fl","c":{"a":0,"k":[1,1,1,1],"ix":4},"o":{"a":0,"k":100,"ix":5},"r":1,"bm":0,"nm":"Fill 1","mn":"ADBE Vector Graphic - Fill","hd":false},{"ty":"tr","p":{"a":0,"k":[24,24],"ix":2},"a":{"a":0,"k":[0,0],"ix":1},"s":{"a":0,"k":[100,100],"ix":3},"r":{"a":0,"k":0,"ix":6},"o":{"a":0,"k":100,"ix":7},"sk":{"a":0,"k":0,"ix":4},"sa":{"a":0,"k":0,"ix":5},"nm":"Transform"}],"nm":"Group 5","np":2,"cix":2,"bm":0,"ix":5,"mn":"ADBE Vector Group","hd":false}],"ip":0,"op":28,"st":0,"bm":0}],"markers":[]}