{"v":"4.8.0","meta":{"g":"LottieFiles AE ","a":"","k":"","d":"","tc":""},"fr":60,"ip":0,"op":264,"w":800,"h":800,"nm":"Lost_Connection_LOTTIE","ddd":0,"assets":[],"layers":[{"ddd":0,"ind":1,"ty":3,"nm":"CTRL_UFO","sr":1,"ks":{"o":{"a":0,"k":0,"ix":11},"r":{"a":0,"k":0,"ix":10},"p":{"a":1,"k":[{"i":{"x":0.477,"y":0.603},"o":{"x":0.273,"y":0.101},"t":0,"s":[586.218,263.412,0],"to":[-218.218,2.588,0],"ti":[-33.782,-44.588,0]},{"i":{"x":0.522,"y":1},"o":{"x":0.215,"y":0.551},"t":22.541,"s":[180.218,365.412,0],"to":[33.782,44.588,0],"ti":[-98.218,-15.412,0]},{"i":{"x":0.667,"y":1},"o":{"x":0.333,"y":0},"t":61,"s":[396.218,379.412,0],"to":[-0.282,-0.588,0],"ti":[-1.826,-0.431,0]},{"i":{"x":0.747,"y":0.483},"o":{"x":0.408,"y":0},"t":148,"s":[396.218,379.412,0],"to":[140.282,33.088,0],"ti":[0,0,0]},{"i":{"x":0.88,"y":0.922},"o":{"x":0.535,"y":0.445},"t":186.002,"s":[610.218,325.412,0],"to":[0,0,0],"ti":[283.781,-46.412,0]},{"t":205,"s":[416.218,232.412,0]}],"ix":2},"a":{"a":0,"k":[50,50,0],"ix":1},"s":{"a":1,"k":[{"i":{"x":[0.667,0.667,0.667],"y":[1,1,1]},"o":{"x":[0.186,0.186,0.333],"y":[0.016,0.016,0]},"t":0,"s":[0,0,100]},{"i":{"x":[0.667,0.667,0.667],"y":[1,1,1]},"o":{"x":[0.333,0.333,0.333],"y":[0,0,0]},"t":61,"s":[100,100,100]},{"i":{"x":[0.814,0.814,0.667],"y":[0.985,0.985,1]},"o":{"x":[0.333,0.333,0.333],"y":[0,0,0]},"t":148,"s":[100,100,100]},{"t":205,"s":[0,0,100]}],"ix":6}},"ao":0,"ip":0,"op":264,"st":0,"bm":0},{"ddd":0,"ind":2,"ty":4,"nm":"MATTE_ET","parent":5,"td":1,"sr":1,"ks":{"o":{"a":0,"k":100,"ix":11},"r":{"a":0,"k":0,"ix":10},"p":{"a":0,"k":[-34.772,1,0],"ix":2},"a":{"a":0,"k":[0,0,0],"ix":1},"s":{"a":0,"k":[100,100,100],"ix":6}},"ao":0,"shapes":[{"ty":"gr","it":[{"ty":"rc","d":1,"s":{"a":0,"k":[190.127,155.249],"ix":2},"p":{"a":0,"k":[0,0],"ix":3},"r":{"a":0,"k":0,"ix":4},"nm":"Rectangle Path 1","mn":"ADBE Vector Shape - Rect","hd":false},{"ty":"fl","c":{"a":0,"k":[0.831372608858,0.6,0.725490196078,1],"ix":4},"o":{"a":0,"k":100,"ix":5},"r":1,"bm":0,"nm":"Fill 1","mn":"ADBE Vector Graphic - Fill","hd":false},{"ty":"tr","p":{"a":0,"k":[3.063,-148.376],"ix":2},"a":{"a":0,"k":[0,0],"ix":1},"s":{"a":0,"k":[100,100],"ix":3},"r":{"a":0,"k":0,"ix":6},"o":{"a":0,"k":100,"ix":7},"sk":{"a":0,"k":0,"ix":4},"sa":{"a":0,"k":0,"ix":5},"nm":"Transform"}],"nm":"Rectangle 1","np":3,"cix":2,"bm":0,"ix":1,"mn":"ADBE Vector Group","hd":false}],"ip":0,"op":197,"st":0,"bm":0},{"ddd":0,"ind":3,"ty":4,"nm":"ET","parent":5,"tt":1,"sr":1,"ks":{"o":{"a":0,"k":100,"ix":11},"r":{"a":0,"k":0,"ix":10},"p":{"a":1,"k":[{"i":{"x":0.083,"y":1},"o":{"x":0.169,"y":0.106},"t":64,"s":[-31.772,145.5,0],"to":[0,0,0],"ti":[0,0,0]},{"i":{"x":0.083,"y":0.083},"o":{"x":0.333,"y":0.333},"t":114,"s":[-31.772,78.5,0],"to":[0,0,0],"ti":[0,0,0]},{"i":{"x":0.831,"y":0.892},"o":{"x":0.917,"y":0},"t":140,"s":[-31.772,78.5,0],"to":[0,0,0],"ti":[0,0,0]},{"t":196,"s":[-31.772,152.5,0]}],"ix":2},"a":{"a":0,"k":[0,0,0],"ix":1},"s":{"a":1,"k":[{"i":{"x":[0.083,0.083,0.083],"y":[1,1,1]},"o":{"x":[0.169,0.169,0.169],"y":[0.068,0.068,-0.068]},"t":82,"s":[81,81,100]},{"i":{"x":[0.083,0.083,0.083],"y":[1,1,1]},"o":{"x":[0.333,0.333,0.333],"y":[0,0,0]},"t":114,"s":[100,100,100]},{"i":{"x":[0.831,0.831,0.831],"y":[0.917,0.917,1.083]},"o":{"x":[0.917,0.917,0.917],"y":[0,0,0]},"t":140,"s":[100,100,100]},{"t":183,"s":[81,81,100]}],"ix":6}},"ao":0,"shapes":[{"ty":"gr","it":[{"ind":0,"ty":"sh","ix":1,"ks":{"a":0,"k":{"i":[[-0.9,-1.125],[7.35,-6.429],[1,1.196],[-7.875,5.125]],"o":[[0.9,1.125],[-7.35,6.429],[-1,-1.196],[7.875,-5.125]],"v":[[15.613,-10.66],[7.488,7.66],[-15.613,10.66],[-5.738,-6.41]],"c":true},"ix":2},"nm":"Path 1","mn":"ADBE Vector Shape - Group","hd":false},{"ty":"fl","c":{"a":0,"k":[0.831372608858,0.6,0.725490196078,1],"ix":4},"o":{"a":0,"k":100,"ix":5},"r":1,"bm":0,"nm":"Fill 1","mn":"ADBE Vector Graphic - Fill","hd":false},{"ty":"tr","p":{"a":0,"k":[-17.887,-172.84],"ix":2},"a":{"a":0,"k":[0,0],"ix":1},"s":{"a":0,"k":[-100,100],"ix":3},"r":{"a":0,"k":0,"ix":6},"o":{"a":0,"k":100,"ix":7},"sk":{"a":0,"k":0,"ix":4},"sa":{"a":0,"k":0,"ix":5},"nm":"Transform"}],"nm":"Rectangle 3","np":3,"cix":2,"bm":0,"ix":1,"mn":"ADBE Vector Group","hd":false},{"ty":"gr","it":[{"ind":0,"ty":"sh","ix":1,"ks":{"a":0,"k":{"i":[[-0.9,-1.125],[7.35,-6.429],[1,1.196],[-7.875,5.125]],"o":[[0.9,1.125],[-7.35,6.429],[-1,-1.196],[7.875,-5.125]],"v":[[15.613,-10.66],[7.488,7.66],[-15.613,10.66],[-5.738,-6.41]],"c":true},"ix":2},"nm":"Path 1","mn":"ADBE Vector Shape - Group","hd":false},{"ty":"fl","c":{"a":0,"k":[0.831372608858,0.6,0.725490196078,1],"ix":4},"o":{"a":0,"k":100,"ix":5},"r":1,"bm":0,"nm":"Fill 1","mn":"ADBE Vector Graphic - Fill","hd":false},{"ty":"tr","p":{"a":0,"k":[23.113,-172.84],"ix":2},"a":{"a":0,"k":[0,0],"ix":1},"s":{"a":0,"k":[100,100],"ix":3},"r":{"a":0,"k":0,"ix":6},"o":{"a":0,"k":100,"ix":7},"sk":{"a":0,"k":0,"ix":4},"sa":{"a":0,"k":0,"ix":5},"nm":"Transform"}],"nm":"Rectangle 2","np":3,"cix":2,"bm":0,"ix":2,"mn":"ADBE Vector Group","hd":false},{"ty":"gr","it":[{"ind":0,"ty":"sh","ix":1,"ks":{"a":0,"k":{"i":[[0,-28.176],[0,0],[9.858,0.078],[0,28.176],[0,0],[-28.176,0]],"o":[[0,0],[0,28.176],[-10.642,-0.084],[0,0],[0,-28.176],[28.176,0]],"v":[[51.017,-10.369],[51.017,-6.131],[0,61.886],[-51.017,-6.131],[-51.017,-10.369],[0,-61.386]],"c":true},"ix":2},"nm":"Path 1","mn":"ADBE Vector Shape - Group","hd":false},{"ty":"fl","c":{"a":0,"k":[0.873491115196,0.69737034218,0.792893473307,1],"ix":4},"o":{"a":0,"k":100,"ix":5},"r":1,"bm":0,"nm":"Fill 1","mn":"ADBE Vector Graphic - Fill","hd":false},{"ty":"tr","p":{"a":0,"k":[3.017,-168.614],"ix":2},"a":{"a":0,"k":[0,0],"ix":1},"s":{"a":0,"k":[100,100],"ix":3},"r":{"a":0,"k":0,"ix":6},"o":{"a":0,"k":100,"ix":7},"sk":{"a":0,"k":0,"ix":4},"sa":{"a":0,"k":0,"ix":5},"nm":"Transform"}],"nm":"Rectangle 1","np":3,"cix":2,"bm":0,"ix":3,"mn":"ADBE Vector Group","hd":false}],"ip":0,"op":197,"st":0,"bm":0},{"ddd":0,"ind":4,"ty":4,"nm":"Lights_UFO","parent":5,"sr":1,"ks":{"o":{"a":0,"k":100,"ix":11},"r":{"a":0,"k":0,"ix":10},"p":{"a":0,"k":[-31.772,0,0],"ix":2},"a":{"a":0,"k":[0,0,0],"ix":1},"s":{"a":0,"k":[100,100,100],"ix":6}},"ao":0,"shapes":[{"ty":"gr","it":[{"ind":0,"ty":"sh","ix":1,"ks":{"a":0,"k":{"i":[[0,0],[0,0]],"o":[[0,0],[0,0]],"v":[[-309.5,11],[310,10.875]],"c":false},"ix":2},"nm":"Path 1","mn":"ADBE Vector Shape - Group","hd":false},{"ty":"st","c":{"a":0,"k":[0.564705882353,0.333333333333,0.635294117647,1],"ix":3},"o":{"a":0,"k":100,"ix":4},"w":{"a":0,"k":12,"ix":5},"lc":2,"lj":1,"ml":4,"bm":0,"d":[{"n":"d","nm":"dash","v":{"a":0,"k":33,"ix":1}},{"n":"o","nm":"offset","v":{"a":1,"k":[{"i":{"x":[0.833],"y":[0.833]},"o":{"x":[0.167],"y":[0.167]},"t":0,"s":[0]},{"t":285,"s":[452]}],"ix":7}}],"nm":"Stroke 1","mn":"ADBE Vector Graphic - Stroke","hd":false},{"ty":"tr","p":{"a":0,"k":[0,0],"ix":2},"a":{"a":0,"k":[0,0],"ix":1},"s":{"a":0,"k":[100,100],"ix":3},"r":{"a":0,"k":0,"ix":6},"o":{"a":0,"k":100,"ix":7},"sk":{"a":0,"k":0,"ix":4},"sa":{"a":0,"k":0,"ix":5},"nm":"Transform"}],"nm":"Shape 1","np":3,"cix":2,"bm":0,"ix":1,"mn":"ADBE Vector Group","hd":false}],"ip":0,"op":264,"st":0,"bm":0},{"ddd":0,"ind":5,"ty":4,"nm":"UFO","parent":1,"sr":1,"ks":{"o":{"a":0,"k":100,"ix":11},"r":{"a":1,"k":[{"i":{"x":[0.833],"y":[0.946]},"o":{"x":[0.023],"y":[0]},"t":0,"s":[14]},{"i":{"x":[0.833],"y":[0.911]},"o":{"x":[0.167],"y":[-0.072]},"t":30,"s":[-10.738]},{"i":{"x":[0.833],"y":[0.93]},"o":{"x":[0.167],"y":[-0.44]},"t":49,"s":[1]},{"i":{"x":[0.833],"y":[1]},"o":{"x":[0.167],"y":[-0.123]},"t":61,"s":[-0.5]},{"i":{"x":[0.833],"y":[1]},"o":{"x":[0.167],"y":[0]},"t":68,"s":[0]},{"i":{"x":[0.833],"y":[1]},"o":{"x":[0.167],"y":[0]},"t":148,"s":[0]},{"i":{"x":[0.833],"y":[1]},"o":{"x":[0.167],"y":[0]},"t":168,"s":[8]},{"t":209,"s":[-14]}],"ix":10},"p":{"a":0,"k":[54.002,42.588,0],"ix":2},"a":{"a":0,"k":[-31.551,38,0],"ix":1},"s":{"a":0,"k":[100,100,100],"ix":6}},"ao":0,"shapes":[{"ty":"gr","it":[{"ind":0,"ty":"sh","ix":1,"ks":{"a":0,"k":{"i":[[0,-30.719],[30.719,0],[0,0],[0,30.719],[-38.637,8.5],[0,0],[0,0],[0,0]],"o":[[0,30.719],[0,0],[-30.719,0],[0,-30.719],[0,0],[0,0],[0,0],[37.196,6.5]],"v":[[309.206,0],[253.584,55.622],[-253.584,55.622],[-309.206,0],[-253.584,-55.622],[-97.221,-80.987],[96.779,-80.744],[253.584,-55.622]],"c":true},"ix":2},"nm":"Path 1","mn":"ADBE Vector Shape - Group","hd":false},{"ty":"fl","c":{"a":0,"k":[0.180392156863,0.160784313725,0.305882352941,1],"ix":4},"o":{"a":0,"k":100,"ix":5},"r":1,"bm":0,"nm":"Fill 1","mn":"ADBE Vector Graphic - Fill","hd":false},{"ty":"tr","p":{"a":0,"k":[-31.551,11.122],"ix":2},"a":{"a":0,"k":[0,0],"ix":1},"s":{"a":0,"k":[100,100],"ix":3},"r":{"a":0,"k":0,"ix":6},"o":{"a":0,"k":100,"ix":7},"sk":{"a":0,"k":0,"ix":4},"sa":{"a":0,"k":0,"ix":5},"nm":"Transform"}],"nm":"Rectangle 1","np":3,"cix":2,"bm":0,"ix":1,"mn":"ADBE Vector Group","hd":false},{"ty":"gr","it":[{"ind":0,"ty":"sh","ix":1,"ks":{"a":0,"k":{"i":[[0,0],[1.5,-71.5]],"o":[[0,0],[-0.881,42.018]],"v":[[-9.272,-291.5],[48.228,-204]],"c":false},"ix":2},"nm":"Path 1","mn":"ADBE Vector Shape - Group","hd":false},{"ty":"st","c":{"a":0,"k":[0.909803981407,0.756862804936,0.772549079446,1],"ix":3},"o":{"a":0,"k":100,"ix":4},"w":{"a":0,"k":12,"ix":5},"lc":2,"lj":2,"bm":0,"nm":"Stroke 1","mn":"ADBE Vector Graphic - Stroke","hd":false},{"ty":"tr","p":{"a":0,"k":[0,0],"ix":2},"a":{"a":0,"k":[0,0],"ix":1},"s":{"a":0,"k":[100,100],"ix":3},"r":{"a":0,"k":0,"ix":6},"o":{"a":0,"k":100,"ix":7},"sk":{"a":0,"k":0,"ix":4},"sa":{"a":0,"k":0,"ix":5},"nm":"Transform"}],"nm":"Shape 2","np":3,"cix":2,"bm":0,"ix":2,"mn":"ADBE Vector Group","hd":false},{"ty":"gr","it":[{"ind":0,"ty":"sh","ix":1,"ks":{"a":0,"k":{"i":[[0,0],[0,0]],"o":[[0,0],[0,0]],"v":[[-31.772,-214.257],[-31.772,-33.401]],"c":false},"ix":2},"nm":"Path 1","mn":"ADBE Vector Shape - Group","hd":false},{"ty":"st","c":{"a":0,"k":[0.831372608858,0.6,0.725490196078,1],"ix":3},"o":{"a":0,"k":100,"ix":4},"w":{"a":0,"k":190,"ix":5},"lc":2,"lj":2,"bm":0,"nm":"Stroke 1","mn":"ADBE Vector Graphic - Stroke","hd":false},{"ty":"tr","p":{"a":0,"k":[0,0],"ix":2},"a":{"a":0,"k":[0,0],"ix":1},"s":{"a":0,"k":[100,100],"ix":3},"r":{"a":0,"k":0,"ix":6},"o":{"a":0,"k":100,"ix":7},"sk":{"a":0,"k":0,"ix":4},"sa":{"a":0,"k":0,"ix":5},"nm":"Transform"}],"nm":"Shape 1","np":3,"cix":2,"bm":0,"ix":3,"mn":"ADBE Vector Group","hd":false},{"ty":"gr","it":[{"ind":0,"ty":"sh","ix":1,"ks":{"a":0,"k":{"i":[[0,-6.76],[6.76,0],[0,0],[0,6.76],[-6.76,0],[0,0]],"o":[[0,6.76],[0,0],[-6.76,0],[0,-6.76],[0,0],[6.76,0]],"v":[[225.946,0],[213.706,12.239],[-213.706,12.239],[-225.946,0],[-213.706,-12.239],[213.706,-12.239]],"c":true},"ix":2},"nm":"Path 1","mn":"ADBE Vector Shape - Group","hd":false},{"ty":"fl","c":{"a":0,"k":[0.003921568627,0.086274509804,0.219607858097,1],"ix":4},"o":{"a":0,"k":100,"ix":5},"r":1,"bm":0,"nm":"Fill 1","mn":"ADBE Vector Graphic - Fill","hd":false},{"ty":"tr","p":{"a":0,"k":[-24.826,70.239],"ix":2},"a":{"a":0,"k":[0,0],"ix":1},"s":{"a":0,"k":[100,100],"ix":3},"r":{"a":0,"k":0,"ix":6},"o":{"a":0,"k":100,"ix":7},"sk":{"a":0,"k":0,"ix":4},"sa":{"a":0,"k":0,"ix":5},"nm":"Transform"}],"nm":"Rectangle 2","np":3,"cix":2,"bm":0,"ix":4,"mn":"ADBE Vector Group","hd":false}],"ip":0,"op":264,"st":0,"bm":0},{"ddd":0,"ind":6,"ty":4,"nm":"Abduction_light","parent":5,"sr":1,"ks":{"o":{"a":1,"k":[{"i":{"x":[0.6],"y":[1]},"o":{"x":[0.4],"y":[0]},"t":68,"s":[20]},{"i":{"x":[0.6],"y":[1]},"o":{"x":[0.4],"y":[0]},"t":82,"s":[42]},{"i":{"x":[0.6],"y":[1]},"o":{"x":[0.4],"y":[0]},"t":122,"s":[42]},{"t":132,"s":[20]}],"ix":11},"r":{"a":0,"k":0,"ix":10},"p":{"a":0,"k":[-31.772,66,0],"ix":2},"a":{"a":0,"k":[0,0,0],"ix":1},"s":{"a":0,"k":[100,100,100],"ix":6}},"ao":0,"shapes":[{"ty":"gr","it":[{"ind":0,"ty":"sh","ix":1,"ks":{"a":1,"k":[{"i":{"x":0.588,"y":0.348},"o":{"x":0.715,"y":0},"t":68,"s":[{"i":[[0,0],[0,0],[0,0],[-31.002,0],[0,0]],"o":[[0,0],[0,0],[0,0],[24,0],[0,0]],"v":[[13,15.602],[-10.001,16.407],[-12.615,15.673],[4.818,-6.252],[15.048,15.938]],"c":true}]},{"i":{"x":0.457,"y":1},"o":{"x":0.172,"y":0.272},"t":79,"s":[{"i":[[0,0],[0,0],[0,0],[-31.002,0],[0,0]],"o":[[0,0],[0,0],[0,0],[24,0],[0,0]],"v":[[13,15.602],[-10.001,16.407],[-30.183,340.173],[2,364.498],[31.231,338.938]],"c":true}]},{"i":{"x":0.457,"y":1},"o":{"x":0.333,"y":0},"t":94,"s":[{"i":[[0,0],[0,0],[0,0],[-70.589,0],[0,0]],"o":[[0,0],[0,0],[0,0],[72.268,0],[0,0]],"v":[[94,16.5],[-96.001,16.801],[-141.183,340.286],[0,364.647],[143.231,340.336]],"c":true}]},{"i":{"x":0.828,"y":0.728},"o":{"x":0.543,"y":0},"t":122,"s":[{"i":[[0,0],[0,0],[0,0],[-70.589,0],[0,0]],"o":[[0,0],[0,0],[0,0],[72.268,0],[0,0]],"v":[[94,16.5],[-96.001,16.801],[-141.183,340.286],[0,364.647],[143.231,340.336]],"c":true}]},{"i":{"x":0.285,"y":1},"o":{"x":0.412,"y":0.652},"t":138,"s":[{"i":[[0,0],[0,0],[0,0],[-31.002,0],[0,0]],"o":[[0,0],[0,0],[0,0],[24,0],[0,0]],"v":[[13,15.602],[-10.001,16.407],[-30.183,340.173],[2,364.498],[31.231,338.938]],"c":true}]},{"t":144,"s":[{"i":[[0,0],[0,0],[0,0],[-31.002,0],[0,0]],"o":[[0,0],[0,0],[0,0],[24,0],[0,0]],"v":[[13,15.602],[-10.001,16.407],[-12.615,15.673],[4.818,-6.252],[15.048,15.938]],"c":true}]}],"ix":2},"nm":"Path 1","mn":"ADBE Vector Shape - Group","hd":false},{"ty":"fl","c":{"a":0,"k":[0.564705882353,0.333333333333,0.635294117647,1],"ix":4},"o":{"a":0,"k":100,"ix":5},"r":1,"bm":0,"nm":"Fill 1","mn":"ADBE Vector Graphic - Fill","hd":false},{"ty":"tr","p":{"a":0,"k":[0,0],"ix":2},"a":{"a":0,"k":[0,0],"ix":1},"s":{"a":0,"k":[100,100],"ix":3},"r":{"a":0,"k":0,"ix":6},"o":{"a":0,"k":100,"ix":7},"sk":{"a":0,"k":0,"ix":4},"sa":{"a":0,"k":0,"ix":5},"nm":"Transform"}],"nm":"Shape 1","np":3,"cix":2,"bm":0,"ix":1,"mn":"ADBE Vector Group","hd":false}],"ip":0,"op":264,"st":0,"bm":0},{"ddd":0,"ind":7,"ty":4,"nm":"Wi-fi 8","sr":1,"ks":{"o":{"a":1,"k":[{"i":{"x":[0.213],"y":[1]},"o":{"x":[0.104],"y":[0.026]},"t":221,"s":[0]},{"t":251,"s":[100]}],"ix":11},"r":{"a":0,"k":0,"ix":10},"p":{"a":1,"k":[{"i":{"x":0.213,"y":1},"o":{"x":0.104,"y":0.071},"t":221,"s":[399.532,752.157,0],"to":[0,0,0],"ti":[0,0,0]},{"t":251,"s":[399.532,716.157,0]}],"ix":2},"a":{"a":0,"k":[-18.343,341.157,0],"ix":1},"s":{"a":0,"k":[100,100,100],"ix":6}},"ao":0,"shapes":[{"ty":"gr","it":[{"ind":0,"ty":"sh","ix":1,"ks":{"a":0,"k":{"i":[[0,0],[-87.5,-71.75]],"o":[[0,0],[47.28,38.77]],"v":[[-99.5,332.25],[63.75,332]],"c":false},"ix":2},"nm":"Path 1","mn":"ADBE Vector Shape - Group","hd":false},{"ty":"st","c":{"a":0,"k":[0.709803921569,0.701960784314,0.705882352941,1],"ix":3},"o":{"a":0,"k":100,"ix":4},"w":{"a":0,"k":18,"ix":5},"lc":2,"lj":1,"ml":4,"bm":0,"nm":"Stroke 1","mn":"ADBE Vector Graphic - Stroke","hd":false},{"ty":"tr","p":{"a":0,"k":[0,-112],"ix":2},"a":{"a":0,"k":[0,0],"ix":1},"s":{"a":0,"k":[100,100],"ix":3},"r":{"a":0,"k":0,"ix":6},"o":{"a":0,"k":100,"ix":7},"sk":{"a":0,"k":0,"ix":4},"sa":{"a":0,"k":0,"ix":5},"nm":"Transform"}],"nm":"Shape 3","np":3,"cix":2,"bm":0,"ix":1,"mn":"ADBE Vector Group","hd":false}],"ip":215,"op":264,"st":215,"bm":0},{"ddd":0,"ind":8,"ty":4,"nm":"Wi-fi 7","sr":1,"ks":{"o":{"a":1,"k":[{"i":{"x":[0.213],"y":[1]},"o":{"x":[0.104],"y":[0.026]},"t":221,"s":[0]},{"t":251,"s":[100]}],"ix":11},"r":{"a":0,"k":0,"ix":10},"p":{"a":1,"k":[{"i":{"x":0.213,"y":1},"o":{"x":0.104,"y":0.071},"t":221,"s":[399.532,752.157,0],"to":[0,0,0],"ti":[0,0,0]},{"t":251,"s":[399.532,716.157,0]}],"ix":2},"a":{"a":0,"k":[-18.343,341.157,0],"ix":1},"s":{"a":0,"k":[100,100,100],"ix":6}},"ao":0,"shapes":[{"ty":"gr","it":[{"ind":0,"ty":"sh","ix":1,"ks":{"a":0,"k":{"i":[[0,0],[-60.5,-53]],"o":[[0,0],[45.991,40.29]],"v":[[-74,320.5],[38.5,321]],"c":false},"ix":2},"nm":"Path 1","mn":"ADBE Vector Shape - Group","hd":false},{"ty":"st","c":{"a":0,"k":[0.709803921569,0.701960784314,0.705882352941,1],"ix":3},"o":{"a":0,"k":100,"ix":4},"w":{"a":0,"k":18,"ix":5},"lc":2,"lj":1,"ml":4,"bm":0,"nm":"Stroke 1","mn":"ADBE Vector Graphic - Stroke","hd":false},{"ty":"tr","p":{"a":0,"k":[0,-77],"ix":2},"a":{"a":0,"k":[0,0],"ix":1},"s":{"a":0,"k":[100,100],"ix":3},"r":{"a":0,"k":0,"ix":6},"o":{"a":0,"k":100,"ix":7},"sk":{"a":0,"k":0,"ix":4},"sa":{"a":0,"k":0,"ix":5},"nm":"Transform"}],"nm":"Shape 2","np":3,"cix":2,"bm":0,"ix":1,"mn":"ADBE Vector Group","hd":false}],"ip":215,"op":264,"st":215,"bm":0},{"ddd":0,"ind":9,"ty":4,"nm":"Wi-fi 6","sr":1,"ks":{"o":{"a":1,"k":[{"i":{"x":[0.213],"y":[1]},"o":{"x":[0.104],"y":[0.026]},"t":221,"s":[0]},{"t":251,"s":[100]}],"ix":11},"r":{"a":0,"k":0,"ix":10},"p":{"a":1,"k":[{"i":{"x":0.213,"y":1},"o":{"x":0.104,"y":0.071},"t":221,"s":[399.532,752.157,0],"to":[0,0,0],"ti":[0,0,0]},{"t":251,"s":[399.532,716.157,0]}],"ix":2},"a":{"a":0,"k":[-18.343,341.157,0],"ix":1},"s":{"a":0,"k":[100,100,100],"ix":6}},"ao":0,"shapes":[{"ty":"gr","it":[{"ind":0,"ty":"sh","ix":1,"ks":{"a":0,"k":{"i":[[0,0],[-34.75,-29.75]],"o":[[0,0],[46.447,39.764]],"v":[[-50.25,309],[14.75,309.5]],"c":false},"ix":2},"nm":"Path 1","mn":"ADBE Vector Shape - Group","hd":false},{"ty":"st","c":{"a":0,"k":[0.709803921569,0.701960784314,0.705882352941,1],"ix":3},"o":{"a":0,"k":100,"ix":4},"w":{"a":0,"k":18,"ix":5},"lc":2,"lj":1,"ml":4,"bm":0,"nm":"Stroke 1","mn":"ADBE Vector Graphic - Stroke","hd":false},{"ty":"tr","p":{"a":0,"k":[0,-43],"ix":2},"a":{"a":0,"k":[0,0],"ix":1},"s":{"a":0,"k":[100,100],"ix":3},"r":{"a":0,"k":0,"ix":6},"o":{"a":0,"k":100,"ix":7},"sk":{"a":0,"k":0,"ix":4},"sa":{"a":0,"k":0,"ix":5},"nm":"Transform"}],"nm":"Shape 1","np":3,"cix":2,"bm":0,"ix":1,"mn":"ADBE Vector Group","hd":false}],"ip":215,"op":264,"st":215,"bm":0},{"ddd":0,"ind":10,"ty":4,"nm":"Wi-fi 5","sr":1,"ks":{"o":{"a":1,"k":[{"i":{"x":[0.213],"y":[1]},"o":{"x":[0.104],"y":[0.026]},"t":221,"s":[0]},{"t":251,"s":[100]}],"ix":11},"r":{"a":0,"k":0,"ix":10},"p":{"a":1,"k":[{"i":{"x":0.213,"y":1},"o":{"x":0.104,"y":0.071},"t":221,"s":[399.532,752.157,0],"to":[0,0,0],"ti":[0,0,0]},{"t":251,"s":[399.532,716.157,0]}],"ix":2},"a":{"a":0,"k":[-18.343,341.157,0],"ix":1},"s":{"a":0,"k":[100,100,100],"ix":6}},"ao":0,"shapes":[{"ty":"gr","it":[{"ind":0,"ty":"sh","ix":1,"ks":{"a":0,"k":{"i":[[-7.543,0],[0,-7.543],[7.543,0],[0,7.543]],"o":[[7.543,0],[0,7.543],[-7.543,0],[0,-7.543]],"v":[[0,-13.657],[13.657,0],[0,13.657],[-13.657,0]],"c":true},"ix":2},"nm":"Path 1","mn":"ADBE Vector Shape - Group","hd":false},{"ty":"fl","c":{"a":0,"k":[0.707962574678,0.701244219612,0.704888078278,1],"ix":4},"o":{"a":0,"k":100,"ix":5},"r":1,"bm":0,"nm":"Fill 1","mn":"ADBE Vector Graphic - Fill","hd":false},{"ty":"tr","p":{"a":0,"k":[-17.9,288.633],"ix":2},"a":{"a":0,"k":[0,0],"ix":1},"s":{"a":0,"k":[100,100],"ix":3},"r":{"a":0,"k":0,"ix":6},"o":{"a":0,"k":100,"ix":7},"sk":{"a":0,"k":0,"ix":4},"sa":{"a":0,"k":0,"ix":5},"nm":"Transform"}],"nm":"Ellipse 1","np":3,"cix":2,"bm":0,"ix":1,"mn":"ADBE Vector Group","hd":false}],"ip":215,"op":264,"st":215,"bm":0},{"ddd":0,"ind":11,"ty":4,"nm":"Wi-fi 4","sr":1,"ks":{"o":{"a":0,"k":100,"ix":11},"r":{"a":0,"k":0,"ix":10},"p":{"a":1,"k":[{"i":{"x":0.951,"y":0.96},"o":{"x":0.831,"y":0},"t":94,"s":[399.532,716.157,0],"to":[0,0,0],"ti":[0,0,0]},{"t":130,"s":[399.532,379.157,0]}],"ix":2},"a":{"a":0,"k":[-18.343,341.157,0],"ix":1},"s":{"a":0,"k":[100,100,100],"ix":6}},"ao":0,"shapes":[{"ty":"gr","it":[{"ind":0,"ty":"sh","ix":1,"ks":{"a":0,"k":{"i":[[0,0],[-87.5,-71.75]],"o":[[0,0],[47.28,38.77]],"v":[[-99.5,332.25],[63.75,332]],"c":false},"ix":2},"nm":"Path 1","mn":"ADBE Vector Shape - Group","hd":false},{"ty":"st","c":{"a":0,"k":[0.709803921569,0.701960784314,0.705882352941,1],"ix":3},"o":{"a":0,"k":100,"ix":4},"w":{"a":0,"k":18,"ix":5},"lc":2,"lj":1,"ml":4,"bm":0,"nm":"Stroke 1","mn":"ADBE Vector Graphic - Stroke","hd":false},{"ty":"tr","p":{"a":0,"k":[0,-112],"ix":2},"a":{"a":0,"k":[0,0],"ix":1},"s":{"a":0,"k":[100,100],"ix":3},"r":{"a":0,"k":0,"ix":6},"o":{"a":0,"k":100,"ix":7},"sk":{"a":0,"k":0,"ix":4},"sa":{"a":0,"k":0,"ix":5},"nm":"Transform"}],"nm":"Shape 3","np":3,"cix":2,"bm":0,"ix":1,"mn":"ADBE Vector Group","hd":false}],"ip":0,"op":131,"st":0,"bm":0},{"ddd":0,"ind":12,"ty":4,"nm":"Wi-fi 3","sr":1,"ks":{"o":{"a":0,"k":100,"ix":11},"r":{"a":0,"k":0,"ix":10},"p":{"a":1,"k":[{"i":{"x":0.951,"y":0.962},"o":{"x":0.831,"y":0},"t":96,"s":[399.532,716.157,0],"to":[0,0,0],"ti":[0,0,0]},{"t":130,"s":[399.532,379.157,0]}],"ix":2},"a":{"a":0,"k":[-18.343,341.157,0],"ix":1},"s":{"a":0,"k":[100,100,100],"ix":6}},"ao":0,"shapes":[{"ty":"gr","it":[{"ind":0,"ty":"sh","ix":1,"ks":{"a":0,"k":{"i":[[0,0],[-60.5,-53]],"o":[[0,0],[45.991,40.29]],"v":[[-74,320.5],[38.5,321]],"c":false},"ix":2},"nm":"Path 1","mn":"ADBE Vector Shape - Group","hd":false},{"ty":"st","c":{"a":0,"k":[0.709803921569,0.701960784314,0.705882352941,1],"ix":3},"o":{"a":0,"k":100,"ix":4},"w":{"a":0,"k":18,"ix":5},"lc":2,"lj":1,"ml":4,"bm":0,"nm":"Stroke 1","mn":"ADBE Vector Graphic - Stroke","hd":false},{"ty":"tr","p":{"a":0,"k":[0,-77],"ix":2},"a":{"a":0,"k":[0,0],"ix":1},"s":{"a":0,"k":[100,100],"ix":3},"r":{"a":0,"k":0,"ix":6},"o":{"a":0,"k":100,"ix":7},"sk":{"a":0,"k":0,"ix":4},"sa":{"a":0,"k":0,"ix":5},"nm":"Transform"}],"nm":"Shape 2","np":3,"cix":2,"bm":0,"ix":1,"mn":"ADBE Vector Group","hd":false}],"ip":0,"op":131,"st":0,"bm":0},{"ddd":0,"ind":13,"ty":4,"nm":"Wi-fi 2","sr":1,"ks":{"o":{"a":0,"k":100,"ix":11},"r":{"a":0,"k":0,"ix":10},"p":{"a":1,"k":[{"i":{"x":0.951,"y":0.964},"o":{"x":0.831,"y":0},"t":98,"s":[399.532,716.157,0],"to":[0,0,0],"ti":[0,0,0]},{"t":130,"s":[399.532,379.157,0]}],"ix":2},"a":{"a":0,"k":[-18.343,341.157,0],"ix":1},"s":{"a":0,"k":[100,100,100],"ix":6}},"ao":0,"shapes":[{"ty":"gr","it":[{"ind":0,"ty":"sh","ix":1,"ks":{"a":0,"k":{"i":[[0,0],[-34.75,-29.75]],"o":[[0,0],[46.447,39.764]],"v":[[-50.25,309],[14.75,309.5]],"c":false},"ix":2},"nm":"Path 1","mn":"ADBE Vector Shape - Group","hd":false},{"ty":"st","c":{"a":0,"k":[0.709803921569,0.701960784314,0.705882352941,1],"ix":3},"o":{"a":0,"k":100,"ix":4},"w":{"a":0,"k":18,"ix":5},"lc":2,"lj":1,"ml":4,"bm":0,"nm":"Stroke 1","mn":"ADBE Vector Graphic - Stroke","hd":false},{"ty":"tr","p":{"a":0,"k":[0,-43],"ix":2},"a":{"a":0,"k":[0,0],"ix":1},"s":{"a":0,"k":[100,100],"ix":3},"r":{"a":0,"k":0,"ix":6},"o":{"a":0,"k":100,"ix":7},"sk":{"a":0,"k":0,"ix":4},"sa":{"a":0,"k":0,"ix":5},"nm":"Transform"}],"nm":"Shape 1","np":3,"cix":2,"bm":0,"ix":1,"mn":"ADBE Vector Group","hd":false}],"ip":0,"op":131,"st":0,"bm":0},{"ddd":0,"ind":14,"ty":4,"nm":"Wi-fi","sr":1,"ks":{"o":{"a":0,"k":100,"ix":11},"r":{"a":0,"k":0,"ix":10},"p":{"a":1,"k":[{"i":{"x":0.951,"y":0.967},"o":{"x":0.831,"y":0},"t":100,"s":[399.532,716.157,0],"to":[0,0,0],"ti":[0,0,0]},{"t":130,"s":[399.532,379.157,0]}],"ix":2},"a":{"a":0,"k":[-18.343,341.157,0],"ix":1},"s":{"a":0,"k":[100,100,100],"ix":6}},"ao":0,"shapes":[{"ty":"gr","it":[{"ind":0,"ty":"sh","ix":1,"ks":{"a":0,"k":{"i":[[-7.543,0],[0,-7.543],[7.543,0],[0,7.543]],"o":[[7.543,0],[0,7.543],[-7.543,0],[0,-7.543]],"v":[[0,-13.657],[13.657,0],[0,13.657],[-13.657,0]],"c":true},"ix":2},"nm":"Path 1","mn":"ADBE Vector Shape - Group","hd":false},{"ty":"fl","c":{"a":0,"k":[0.707962574678,0.701244219612,0.704888078278,1],"ix":4},"o":{"a":0,"k":100,"ix":5},"r":1,"bm":0,"nm":"Fill 1","mn":"ADBE Vector Graphic - Fill","hd":false},{"ty":"tr","p":{"a":0,"k":[-17.9,288.633],"ix":2},"a":{"a":0,"k":[0,0],"ix":1},"s":{"a":0,"k":[100,100],"ix":3},"r":{"a":0,"k":0,"ix":6},"o":{"a":0,"k":100,"ix":7},"sk":{"a":0,"k":0,"ix":4},"sa":{"a":0,"k":0,"ix":5},"nm":"Transform"}],"nm":"Ellipse 1","np":3,"cix":2,"bm":0,"ix":1,"mn":"ADBE Vector Group","hd":false}],"ip":0,"op":131,"st":0,"bm":0},{"ddd":0,"ind":15,"ty":4,"nm":"LOST CONNECTION Outlines","sr":1,"ks":{"o":{"a":0,"k":100,"ix":11},"r":{"a":0,"k":0,"ix":10},"p":{"a":0,"k":[458.906,716.755,0],"ix":2},"a":{"a":0,"k":[376.717,-16.959,0],"ix":1},"s":{"a":0,"k":[100,100,100],"ix":6}},"ao":0,"shapes":[{"ty":"gr","it":[{"ind":0,"ty":"sh","ix":1,"ks":{"a":0,"k":{"i":[[0,0],[0,0],[0,0],[0,0],[0,0],[0,0]],"o":[[0,0],[0,0],[0,0],[0,0],[0,0],[0,0]],"v":[[148.666,0],[166.508,0],[166.508,-4.529],[153.93,-4.529],[153.93,-25.19],[148.666,-25.19]],"c":true},"ix":2},"nm":"L","mn":"ADBE Vector Shape - Group","hd":false},{"ty":"fl","c":{"a":0,"k":[0.554069728477,0.54531399596,0.549691892138,1],"ix":4},"o":{"a":0,"k":100,"ix":5},"r":1,"bm":0,"nm":"Fill 1","mn":"ADBE Vector Graphic - Fill","hd":false},{"ty":"tr","p":{"a":0,"k":[0,0],"ix":2},"a":{"a":0,"k":[0,0],"ix":1},"s":{"a":0,"k":[100,100],"ix":3},"r":{"a":0,"k":0,"ix":6},"o":{"a":0,"k":100,"ix":7},"sk":{"a":0,"k":0,"ix":4},"sa":{"a":0,"k":0,"ix":5},"nm":"Transform"}],"nm":"L","np":3,"cix":2,"bm":0,"ix":1,"mn":"ADBE Vector Group","hd":false},{"ty":"gr","it":[{"ind":0,"ty":"sh","ix":1,"ks":{"a":0,"k":{"i":[[2.085,0],[1.242,1.538],[0,2.837],[-1.242,1.538],[-2.085,0],[-1.225,-1.544],[0,-2.825],[1.225,-1.538]],"o":[[-2.085,0],[-1.242,-1.538],[0,-2.837],[1.242,-1.538],[2.085,0],[1.225,1.544],[0,2.837],[-1.225,1.538]],"v":[[181.538,-3.76],[176.548,-6.067],[174.685,-12.629],[176.548,-19.192],[181.538,-21.499],[186.503,-19.183],[188.34,-12.629],[186.503,-6.067]],"c":true},"ix":2},"nm":"O","mn":"ADBE Vector Shape - Group","hd":false},{"ind":1,"ty":"sh","ix":2,"ks":{"a":0,"k":{"i":[[0,4.523],[2.541,2.313],[3.6,0],[1.903,-1.959],[0,-4.614],[-2.552,-2.404],[-3.6,0],[-1.903,1.96]],"o":[[0,-4.614],[-1.903,-1.959],[-3.6,0],[-2.552,2.313],[0,4.523],[1.903,1.96],[3.6,0],[2.541,-2.404]],"v":[[193.603,-12.629],[189.792,-23.02],[181.538,-25.959],[173.284,-23.02],[169.455,-12.629],[173.284,-2.239],[181.538,0.701],[189.792,-2.239]],"c":true},"ix":2},"nm":"O","mn":"ADBE Vector Shape - Group","hd":false},{"ty":"mm","mm":1,"nm":"Merge Paths 1","mn":"ADBE Vector Filter - Merge","hd":false},{"ty":"fl","c":{"a":0,"k":[0.554069728477,0.54531399596,0.549691892138,1],"ix":4},"o":{"a":0,"k":100,"ix":5},"r":1,"bm":0,"nm":"Fill 1","mn":"ADBE Vector Graphic - Fill","hd":false},{"ty":"tr","p":{"a":0,"k":[0,0],"ix":2},"a":{"a":0,"k":[0,0],"ix":1},"s":{"a":0,"k":[100,100],"ix":3},"r":{"a":0,"k":0,"ix":6},"o":{"a":0,"k":100,"ix":7},"sk":{"a":0,"k":0,"ix":4},"sa":{"a":0,"k":0,"ix":5},"nm":"Transform"}],"nm":"O","np":5,"cix":2,"bm":0,"ix":2,"mn":"ADBE Vector Group","hd":false},{"ty":"gr","it":[{"ind":0,"ty":"sh","ix":1,"ks":{"a":0,"k":{"i":[[0,0],[-1.9,-1.498],[-3.316,0],[-1.779,1.521],[0,2.302],[1.502,1.185],[1.938,0.456],[0,0],[0.526,0.296],[0,0.9],[-0.829,0.547],[-1.39,0],[-0.841,-0.421],[-0.093,-1.515],[0,0],[1.897,1.407],[2.687,0],[1.661,-1.492],[0,-2.256],[-1.698,-1.162],[-2.68,-0.592],[0,0],[-0.735,-0.444],[0,-0.832],[1.501,-0.524],[1.268,0],[0.872,1.037],[0.163,1.151]],"o":[[0,2.621],[1.9,1.498],[3.247,0],[1.779,-1.521],[0,-2.244],[-0.967,-0.763],[0,0],[-1.706,-0.399],[-0.818,-0.444],[0,-0.98],[0.829,-0.547],[1.25,0],[1.261,0.638],[0,0],[-0.092,-2.677],[-1.898,-1.407],[-3.218,0],[-1.661,1.493],[0,2.472],[1.002,0.695],[0,0],[1.596,0.342],[0.735,0.456],[0,1.424],[-0.791,0.273],[-2.117,0],[-0.477,-0.57],[0,0]],"v":[[196.739,-7.776],[199.589,-1.598],[207.414,0.649],[214.954,-1.632],[217.623,-7.366],[215.37,-12.51],[211.014,-14.338],[206.593,-15.381],[203.246,-16.423],[202.02,-18.44],[203.264,-20.73],[206.593,-21.55],[209.729,-20.918],[211.761,-17.688],[216.82,-17.688],[213.835,-23.815],[206.959,-25.925],[199.64,-23.687],[197.149,-18.064],[199.696,-12.612],[205.22,-10.681],[207.947,-10.083],[211.445,-8.904],[212.547,-6.973],[210.296,-4.05],[207.208,-3.64],[202.723,-5.195],[201.763,-7.776]],"c":true},"ix":2},"nm":"S","mn":"ADBE Vector Shape - Group","hd":false},{"ty":"fl","c":{"a":0,"k":[0.554069728477,0.54531399596,0.549691892138,1],"ix":4},"o":{"a":0,"k":100,"ix":5},"r":1,"bm":0,"nm":"Fill 1","mn":"ADBE Vector Graphic - Fill","hd":false},{"ty":"tr","p":{"a":0,"k":[0,0],"ix":2},"a":{"a":0,"k":[0,0],"ix":1},"s":{"a":0,"k":[100,100],"ix":3},"r":{"a":0,"k":0,"ix":6},"o":{"a":0,"k":100,"ix":7},"sk":{"a":0,"k":0,"ix":4},"sa":{"a":0,"k":0,"ix":5},"nm":"Transform"}],"nm":"S","np":3,"cix":2,"bm":0,"ix":3,"mn":"ADBE Vector Group","hd":false},{"ty":"gr","it":[{"ind":0,"ty":"sh","ix":1,"ks":{"a":0,"k":{"i":[[0,0],[0,0],[0,0],[0,0],[0,0],[0,0],[0,0],[0,0]],"o":[[0,0],[0,0],[0,0],[0,0],[0,0],[0,0],[0,0],[0,0]],"v":[[219.562,-25.19],[219.562,-20.73],[227.133,-20.73],[227.133,0],[232.431,0],[232.431,-20.73],[239.967,-20.73],[239.967,-25.19]],"c":true},"ix":2},"nm":"T","mn":"ADBE Vector Shape - Group","hd":false},{"ty":"fl","c":{"a":0,"k":[0.554069728477,0.54531399596,0.549691892138,1],"ix":4},"o":{"a":0,"k":100,"ix":5},"r":1,"bm":0,"nm":"Fill 1","mn":"ADBE Vector Graphic - Fill","hd":false},{"ty":"tr","p":{"a":0,"k":[0,0],"ix":2},"a":{"a":0,"k":[0,0],"ix":1},"s":{"a":0,"k":[100,100],"ix":3},"r":{"a":0,"k":0,"ix":6},"o":{"a":0,"k":100,"ix":7},"sk":{"a":0,"k":0,"ix":4},"sa":{"a":0,"k":0,"ix":5},"nm":"Transform"}],"nm":"T","np":3,"cix":2,"bm":0,"ix":4,"mn":"ADBE Vector Group","hd":false},{"ty":"gr","it":[{"ind":0,"ty":"sh","ix":1,"ks":{"a":0,"k":{"i":[[0,-4.398],[-2.051,-2.335],[-3.584,0],[-1.854,1.72],[-0.451,2.746],[0,0],[0.524,-0.649],[1.805,0],[1.142,1.407],[0,2.826],[-1.083,1.544],[-1.875,0],[-0.938,-1.094],[-0.335,-1.208],[0,0],[1.071,1.561],[4.193,0],[2.029,-2.073]],"o":[[0,4.067],[2.051,2.324],[2.897,0],[1.854,-1.72],[0,0],[-0.346,1.299],[-0.947,1.208],[-1.761,0],[-1.142,-1.407],[0,-2.825],[1.083,-1.544],[1.841,0],[0.524,0.615],[0,0],[-0.079,-1.572],[-1.939,-2.78],[-3.134,0],[-2.333,2.381]],"v":[[252.374,-12.39],[255.451,-2.786],[263.905,0.701],[271.031,-1.88],[274.488,-8.579],[269.259,-8.579],[267.955,-5.657],[263.826,-3.845],[259.471,-5.956],[257.757,-12.305],[259.381,-18.859],[263.818,-21.174],[267.987,-19.534],[269.276,-16.799],[274.54,-16.799],[272.815,-21.499],[263.618,-25.669],[255.874,-22.559]],"c":true},"ix":2},"nm":"C","mn":"ADBE Vector Shape - Group","hd":false},{"ty":"fl","c":{"a":0,"k":[0.554069728477,0.54531399596,0.549691892138,1],"ix":4},"o":{"a":0,"k":100,"ix":5},"r":1,"bm":0,"nm":"Fill 1","mn":"ADBE Vector Graphic - Fill","hd":false},{"ty":"tr","p":{"a":0,"k":[0,0],"ix":2},"a":{"a":0,"k":[0,0],"ix":1},"s":{"a":0,"k":[100,100],"ix":3},"r":{"a":0,"k":0,"ix":6},"o":{"a":0,"k":100,"ix":7},"sk":{"a":0,"k":0,"ix":4},"sa":{"a":0,"k":0,"ix":5},"nm":"Transform"}],"nm":"C","np":3,"cix":2,"bm":0,"ix":5,"mn":"ADBE Vector Group","hd":false},{"ty":"gr","it":[{"ind":0,"ty":"sh","ix":1,"ks":{"a":0,"k":{"i":[[2.085,0],[1.242,1.538],[0,2.837],[-1.242,1.538],[-2.085,0],[-1.225,-1.544],[0,-2.825],[1.225,-1.538]],"o":[[-2.085,0],[-1.242,-1.538],[0,-2.837],[1.242,-1.538],[2.085,0],[1.225,1.544],[0,2.837],[-1.225,1.538]],"v":[[290.236,-3.76],[285.246,-6.067],[283.383,-12.629],[285.246,-19.192],[290.236,-21.499],[295.201,-19.183],[297.038,-12.629],[295.201,-6.067]],"c":true},"ix":2},"nm":"O","mn":"ADBE Vector Shape - Group","hd":false},{"ind":1,"ty":"sh","ix":2,"ks":{"a":0,"k":{"i":[[0,4.523],[2.54,2.313],[3.6,0],[1.903,-1.959],[0,-4.614],[-2.552,-2.404],[-3.6,0],[-1.903,1.96]],"o":[[0,-4.614],[-1.903,-1.959],[-3.6,0],[-2.552,2.313],[0,4.523],[1.903,1.96],[3.6,0],[2.54,-2.404]],"v":[[302.302,-12.629],[298.491,-23.02],[290.236,-25.959],[281.982,-23.02],[278.154,-12.629],[281.982,-2.239],[290.236,0.701],[298.491,-2.239]],"c":true},"ix":2},"nm":"O","mn":"ADBE Vector Shape - Group","hd":false},{"ty":"mm","mm":1,"nm":"Merge Paths 1","mn":"ADBE Vector Filter - Merge","hd":false},{"ty":"fl","c":{"a":0,"k":[0.554069728477,0.54531399596,0.549691892138,1],"ix":4},"o":{"a":0,"k":100,"ix":5},"r":1,"bm":0,"nm":"Fill 1","mn":"ADBE Vector Graphic - Fill","hd":false},{"ty":"tr","p":{"a":0,"k":[0,0],"ix":2},"a":{"a":0,"k":[0,0],"ix":1},"s":{"a":0,"k":[100,100],"ix":3},"r":{"a":0,"k":0,"ix":6},"o":{"a":0,"k":100,"ix":7},"sk":{"a":0,"k":0,"ix":4},"sa":{"a":0,"k":0,"ix":5},"nm":"Transform"}],"nm":"O","np":5,"cix":2,"bm":0,"ix":6,"mn":"ADBE Vector Group","hd":false},{"ty":"gr","it":[{"ind":0,"ty":"sh","ix":1,"ks":{"a":0,"k":{"i":[[0,0],[0,0],[0,0],[0,0],[0,0],[0,0],[0,0],[0,0],[0,0],[0,0]],"o":[[0,0],[0,0],[0,0],[0,0],[0,0],[0,0],[0,0],[0,0],[0,0],[0,0]],"v":[[306.582,0],[311.487,0],[311.487,-17.874],[321.742,0],[327.005,0],[327.005,-25.19],[322.1,-25.19],[322.1,-7.626],[312.1,-25.19],[306.582,-25.19]],"c":true},"ix":2},"nm":"N","mn":"ADBE Vector Shape - Group","hd":false},{"ty":"fl","c":{"a":0,"k":[0.554069728477,0.54531399596,0.549691892138,1],"ix":4},"o":{"a":0,"k":100,"ix":5},"r":1,"bm":0,"nm":"Fill 1","mn":"ADBE Vector Graphic - Fill","hd":false},{"ty":"tr","p":{"a":0,"k":[0,0],"ix":2},"a":{"a":0,"k":[0,0],"ix":1},"s":{"a":0,"k":[100,100],"ix":3},"r":{"a":0,"k":0,"ix":6},"o":{"a":0,"k":100,"ix":7},"sk":{"a":0,"k":0,"ix":4},"sa":{"a":0,"k":0,"ix":5},"nm":"Transform"}],"nm":"N","np":3,"cix":2,"bm":0,"ix":7,"mn":"ADBE Vector Group","hd":false},{"ty":"gr","it":[{"ind":0,"ty":"sh","ix":1,"ks":{"a":0,"k":{"i":[[0,0],[0,0],[0,0],[0,0],[0,0],[0,0],[0,0],[0,0],[0,0],[0,0]],"o":[[0,0],[0,0],[0,0],[0,0],[0,0],[0,0],[0,0],[0,0],[0,0],[0,0]],"v":[[332.208,0],[337.113,0],[337.113,-17.874],[347.368,0],[352.631,0],[352.631,-25.19],[347.726,-25.19],[347.726,-7.626],[337.726,-25.19],[332.208,-25.19]],"c":true},"ix":2},"nm":"N","mn":"ADBE Vector Shape - Group","hd":false},{"ty":"fl","c":{"a":0,"k":[0.554069728477,0.54531399596,0.549691892138,1],"ix":4},"o":{"a":0,"k":100,"ix":5},"r":1,"bm":0,"nm":"Fill 1","mn":"ADBE Vector Graphic - Fill","hd":false},{"ty":"tr","p":{"a":0,"k":[0,0],"ix":2},"a":{"a":0,"k":[0,0],"ix":1},"s":{"a":0,"k":[100,100],"ix":3},"r":{"a":0,"k":0,"ix":6},"o":{"a":0,"k":100,"ix":7},"sk":{"a":0,"k":0,"ix":4},"sa":{"a":0,"k":0,"ix":5},"nm":"Transform"}],"nm":"N","np":3,"cix":2,"bm":0,"ix":8,"mn":"ADBE Vector Group","hd":false},{"ty":"gr","it":[{"ind":0,"ty":"sh","ix":1,"ks":{"a":0,"k":{"i":[[0,0],[0,0],[0,0],[0,0],[0,0],[0,0],[0,0],[0,0],[0,0],[0,0],[0,0],[0,0]],"o":[[0,0],[0,0],[0,0],[0,0],[0,0],[0,0],[0,0],[0,0],[0,0],[0,0],[0,0],[0,0]],"v":[[376.547,-25.19],[358.073,-25.19],[358.073,0],[377.163,0],[377.163,-4.529],[363.217,-4.529],[363.217,-11.006],[375.454,-11.006],[375.454,-15.381],[363.217,-15.381],[363.217,-20.73],[376.547,-20.73]],"c":true},"ix":2},"nm":"E","mn":"ADBE Vector Shape - Group","hd":false},{"ty":"fl","c":{"a":0,"k":[0.554069728477,0.54531399596,0.549691892138,1],"ix":4},"o":{"a":0,"k":100,"ix":5},"r":1,"bm":0,"nm":"Fill 1","mn":"ADBE Vector Graphic - Fill","hd":false},{"ty":"tr","p":{"a":0,"k":[0,0],"ix":2},"a":{"a":0,"k":[0,0],"ix":1},"s":{"a":0,"k":[100,100],"ix":3},"r":{"a":0,"k":0,"ix":6},"o":{"a":0,"k":100,"ix":7},"sk":{"a":0,"k":0,"ix":4},"sa":{"a":0,"k":0,"ix":5},"nm":"Transform"}],"nm":"E","np":3,"cix":2,"bm":0,"ix":9,"mn":"ADBE Vector Group","hd":false},{"ty":"gr","it":[{"ind":0,"ty":"sh","ix":1,"ks":{"a":0,"k":{"i":[[0,-4.398],[-2.051,-2.335],[-3.584,0],[-1.854,1.72],[-0.451,2.746],[0,0],[0.524,-0.649],[1.805,0],[1.142,1.407],[0,2.826],[-1.083,1.544],[-1.875,0],[-0.938,-1.094],[-0.335,-1.208],[0,0],[1.071,1.561],[4.193,0],[2.029,-2.073]],"o":[[0,4.067],[2.051,2.324],[2.897,0],[1.854,-1.72],[0,0],[-0.346,1.299],[-0.947,1.208],[-1.761,0],[-1.142,-1.407],[0,-2.825],[1.083,-1.544],[1.841,0],[0.524,0.615],[0,0],[-0.079,-1.572],[-1.939,-2.78],[-3.134,0],[-2.333,2.381]],"v":[[380.521,-12.39],[383.597,-2.786],[392.051,0.701],[399.177,-1.88],[402.635,-8.579],[397.405,-8.579],[396.101,-5.657],[391.972,-3.845],[387.617,-5.956],[385.904,-12.305],[387.528,-18.859],[391.965,-21.174],[396.133,-19.534],[397.422,-16.799],[402.686,-16.799],[400.962,-21.499],[391.764,-25.669],[384.02,-22.559]],"c":true},"ix":2},"nm":"C","mn":"ADBE Vector Shape - Group","hd":false},{"ty":"fl","c":{"a":0,"k":[0.554069728477,0.54531399596,0.549691892138,1],"ix":4},"o":{"a":0,"k":100,"ix":5},"r":1,"bm":0,"nm":"Fill 1","mn":"ADBE Vector Graphic - Fill","hd":false},{"ty":"tr","p":{"a":0,"k":[0,0],"ix":2},"a":{"a":0,"k":[0,0],"ix":1},"s":{"a":0,"k":[100,100],"ix":3},"r":{"a":0,"k":0,"ix":6},"o":{"a":0,"k":100,"ix":7},"sk":{"a":0,"k":0,"ix":4},"sa":{"a":0,"k":0,"ix":5},"nm":"Transform"}],"nm":"C","np":3,"cix":2,"bm":0,"ix":10,"mn":"ADBE Vector Group","hd":false},{"ty":"gr","it":[{"ind":0,"ty":"sh","ix":1,"ks":{"a":0,"k":{"i":[[0,0],[0,0],[0,0],[0,0],[0,0],[0,0],[0,0],[0,0]],"o":[[0,0],[0,0],[0,0],[0,0],[0,0],[0,0],[0,0],[0,0]],"v":[[405.138,-25.19],[405.138,-20.73],[412.709,-20.73],[412.709,0],[418.007,0],[418.007,-20.73],[425.543,-20.73],[425.543,-25.19]],"c":true},"ix":2},"nm":"T","mn":"ADBE Vector Shape - Group","hd":false},{"ty":"fl","c":{"a":0,"k":[0.554069728477,0.54531399596,0.549691892138,1],"ix":4},"o":{"a":0,"k":100,"ix":5},"r":1,"bm":0,"nm":"Fill 1","mn":"ADBE Vector Graphic - Fill","hd":false},{"ty":"tr","p":{"a":0,"k":[0,0],"ix":2},"a":{"a":0,"k":[0,0],"ix":1},"s":{"a":0,"k":[100,100],"ix":3},"r":{"a":0,"k":0,"ix":6},"o":{"a":0,"k":100,"ix":7},"sk":{"a":0,"k":0,"ix":4},"sa":{"a":0,"k":0,"ix":5},"nm":"Transform"}],"nm":"T","np":3,"cix":2,"bm":0,"ix":11,"mn":"ADBE Vector Group","hd":false},{"ty":"gr","it":[{"ind":0,"ty":"sh","ix":1,"ks":{"a":0,"k":{"i":[[0,0],[0,0],[0,0],[0,0]],"o":[[0,0],[0,0],[0,0],[0,0]],"v":[[433.772,-25.19],[428.542,-25.19],[428.542,0],[433.772,0]],"c":true},"ix":2},"nm":"I","mn":"ADBE Vector Shape - Group","hd":false},{"ty":"fl","c":{"a":0,"k":[0.554069728477,0.54531399596,0.549691892138,1],"ix":4},"o":{"a":0,"k":100,"ix":5},"r":1,"bm":0,"nm":"Fill 1","mn":"ADBE Vector Graphic - Fill","hd":false},{"ty":"tr","p":{"a":0,"k":[0,0],"ix":2},"a":{"a":0,"k":[0,0],"ix":1},"s":{"a":0,"k":[100,100],"ix":3},"r":{"a":0,"k":0,"ix":6},"o":{"a":0,"k":100,"ix":7},"sk":{"a":0,"k":0,"ix":4},"sa":{"a":0,"k":0,"ix":5},"nm":"Transform"}],"nm":"I","np":3,"cix":2,"bm":0,"ix":12,"mn":"ADBE Vector Group","hd":false},{"ty":"gr","it":[{"ind":0,"ty":"sh","ix":1,"ks":{"a":0,"k":{"i":[[2.085,0],[1.242,1.538],[0,2.837],[-1.242,1.538],[-2.085,0],[-1.225,-1.544],[0,-2.825],[1.225,-1.538]],"o":[[-2.085,0],[-1.242,-1.538],[0,-2.837],[1.242,-1.538],[2.085,0],[1.225,1.544],[0,2.837],[-1.225,1.538]],"v":[[450.186,-3.76],[445.196,-6.067],[443.333,-12.629],[445.196,-19.192],[450.186,-21.499],[455.151,-19.183],[456.988,-12.629],[455.151,-6.067]],"c":true},"ix":2},"nm":"O","mn":"ADBE Vector Shape - Group","hd":false},{"ind":1,"ty":"sh","ix":2,"ks":{"a":0,"k":{"i":[[0,4.523],[2.54,2.313],[3.6,0],[1.903,-1.959],[0,-4.614],[-2.552,-2.404],[-3.6,0],[-1.903,1.96]],"o":[[0,-4.614],[-1.903,-1.959],[-3.6,0],[-2.552,2.313],[0,4.523],[1.903,1.96],[3.6,0],[2.54,-2.404]],"v":[[462.252,-12.629],[458.441,-23.02],[450.186,-25.959],[441.932,-23.02],[438.104,-12.629],[441.932,-2.239],[450.186,0.701],[458.441,-2.239]],"c":true},"ix":2},"nm":"O","mn":"ADBE Vector Shape - Group","hd":false},{"ty":"mm","mm":1,"nm":"Merge Paths 1","mn":"ADBE Vector Filter - Merge","hd":false},{"ty":"fl","c":{"a":0,"k":[0.554069728477,0.54531399596,0.549691892138,1],"ix":4},"o":{"a":0,"k":100,"ix":5},"r":1,"bm":0,"nm":"Fill 1","mn":"ADBE Vector Graphic - Fill","hd":false},{"ty":"tr","p":{"a":0,"k":[0,0],"ix":2},"a":{"a":0,"k":[0,0],"ix":1},"s":{"a":0,"k":[100,100],"ix":3},"r":{"a":0,"k":0,"ix":6},"o":{"a":0,"k":100,"ix":7},"sk":{"a":0,"k":0,"ix":4},"sa":{"a":0,"k":0,"ix":5},"nm":"Transform"}],"nm":"O","np":5,"cix":2,"bm":0,"ix":13,"mn":"ADBE Vector Group","hd":false},{"ty":"gr","it":[{"ind":0,"ty":"sh","ix":1,"ks":{"a":0,"k":{"i":[[0,0],[0,0],[0,0],[0,0],[0,0],[0,0],[0,0],[0,0],[0,0],[0,0]],"o":[[0,0],[0,0],[0,0],[0,0],[0,0],[0,0],[0,0],[0,0],[0,0],[0,0]],"v":[[466.532,0],[471.437,0],[471.437,-17.874],[481.692,0],[486.955,0],[486.955,-25.19],[482.05,-25.19],[482.05,-7.626],[472.05,-25.19],[466.532,-25.19]],"c":true},"ix":2},"nm":"N","mn":"ADBE Vector Shape - Group","hd":false},{"ty":"fl","c":{"a":0,"k":[0.554069728477,0.54531399596,0.549691892138,1],"ix":4},"o":{"a":0,"k":100,"ix":5},"r":1,"bm":0,"nm":"Fill 1","mn":"ADBE Vector Graphic - Fill","hd":false},{"ty":"tr","p":{"a":0,"k":[0,0],"ix":2},"a":{"a":0,"k":[0,0],"ix":1},"s":{"a":0,"k":[100,100],"ix":3},"r":{"a":0,"k":0,"ix":6},"o":{"a":0,"k":100,"ix":7},"sk":{"a":0,"k":0,"ix":4},"sa":{"a":0,"k":0,"ix":5},"nm":"Transform"}],"nm":"N","np":3,"cix":2,"bm":0,"ix":14,"mn":"ADBE Vector Group","hd":false}],"ip":0,"op":264,"st":-124,"bm":0}],"markers":[]}