{"v":"4.8.0","meta":{"g":"LottieFiles AE 1.0.0","a":"","k":"","d":"","tc":"#FFFFFF"},"fr":60,"ip":0,"op":121,"w":500,"h":500,"nm":"Comp 1","ddd":0,"assets":[],"layers":[{"ddd":0,"ind":1,"ty":4,"nm":"note_4 Outlines","sr":1,"ks":{"o":{"a":1,"k":[{"i":{"x":[0.833],"y":[0.833]},"o":{"x":[0.167],"y":[0.167]},"t":75,"s":[0]},{"i":{"x":[0.833],"y":[0.833]},"o":{"x":[0.167],"y":[0.167]},"t":90,"s":[100]},{"i":{"x":[0.833],"y":[0.833]},"o":{"x":[0.167],"y":[0.167]},"t":105,"s":[100]},{"t":120,"s":[0]}],"ix":11},"r":{"a":0,"k":0,"ix":10},"p":{"a":1,"k":[{"i":{"x":0.833,"y":0.833},"o":{"x":0.167,"y":0.167},"t":75,"s":[301.5,210.5,0],"to":[4.616,4.157,0],"ti":[-12.176,-4.227,0]},{"i":{"x":0.833,"y":0.833},"o":{"x":0.167,"y":0.167},"t":90,"s":[329.195,235.444,0],"to":[12.176,4.227,0],"ti":[-14.074,-3.912,0]},{"i":{"x":0.833,"y":0.833},"o":{"x":0.167,"y":0.167},"t":105,"s":[374.556,235.861,0],"to":[14.074,3.912,0],"ti":[-6.514,-3.843,0]},{"t":120,"s":[413.639,258.917,0]}],"ix":2},"a":{"a":0,"k":[38.509,182.792,0],"ix":1},"s":{"a":1,"k":[{"i":{"x":[0.833,0.833,0.833],"y":[0.833,0.833,0.833]},"o":{"x":[0.167,0.167,0.167],"y":[0.167,0.167,0.167]},"t":75,"s":[0,0,100]},{"t":90,"s":[16.879,16.879,100]}],"ix":6}},"ao":0,"shapes":[{"ty":"gr","it":[{"ind":0,"ty":"sh","ix":1,"ks":{"a":0,"k":{"i":[[3.037,0],[0,0],[0,3.038],[0,0],[-3.038,0],[0,-3.038],[0,0]],"o":[[0,0],[-3.038,0],[0,0],[0,-3.038],[3.037,0],[0,0],[0,3.038]],"v":[[0,83],[0,83],[-5.5,77.5],[-5.5,-77.5],[0,-83],[5.5,-77.5],[5.5,77.5]],"c":true},"ix":2},"nm":"Path 1","mn":"ADBE Vector Shape - Group","hd":false},{"ty":"st","c":{"a":0,"k":[0.325490196078,0.278431372549,0.254901960784,1],"ix":3},"o":{"a":0,"k":100,"ix":4},"w":{"a":0,"k":1,"ix":5},"lc":1,"lj":1,"ml":10,"bm":0,"nm":"Stroke 1","mn":"ADBE Vector Graphic - Stroke","hd":false},{"ty":"fl","c":{"a":0,"k":[0.325490196078,0.278431372549,0.254901960784,1],"ix":4},"o":{"a":0,"k":100,"ix":5},"r":1,"bm":0,"nm":"Fill 1","mn":"ADBE Vector Graphic - Fill","hd":false},{"ty":"tr","p":{"a":0,"k":[56.341,89.593],"ix":2},"a":{"a":0,"k":[0,0],"ix":1},"s":{"a":0,"k":[100,100],"ix":3},"r":{"a":0,"k":0,"ix":6},"o":{"a":0,"k":100,"ix":7},"sk":{"a":0,"k":0,"ix":4},"sa":{"a":0,"k":0,"ix":5},"nm":"Transform"}],"nm":"Group 1","np":3,"cix":2,"bm":0,"ix":1,"mn":"ADBE Vector Group","hd":false},{"ty":"gr","it":[{"ind":0,"ty":"sh","ix":1,"ks":{"a":0,"k":{"i":[[-8.592,-8.591],[-12.497,12.497],[8.592,8.592],[12.497,-12.497]],"o":[[8.591,8.591],[12.496,-12.497],[-8.591,-8.591],[-12.497,12.497]],"v":[[-22.627,22.627],[15.557,15.557],[22.627,-22.627],[-15.556,-15.557]],"c":true},"ix":2},"nm":"Path 1","mn":"ADBE Vector Shape - Group","hd":false},{"ty":"st","c":{"a":0,"k":[0.325490196078,0.278431372549,0.254901960784,1],"ix":3},"o":{"a":0,"k":100,"ix":4},"w":{"a":0,"k":1,"ix":5},"lc":1,"lj":1,"ml":10,"bm":0,"nm":"Stroke 1","mn":"ADBE Vector Graphic - Stroke","hd":false},{"ty":"fl","c":{"a":0,"k":[0.325490196078,0.278431372549,0.254901960784,1],"ix":4},"o":{"a":0,"k":100,"ix":5},"r":1,"bm":0,"nm":"Fill 1","mn":"ADBE Vector Graphic - Fill","hd":false},{"ty":"tr","p":{"a":0,"k":[34.841,180.593],"ix":2},"a":{"a":0,"k":[0,0],"ix":1},"s":{"a":0,"k":[100,100],"ix":3},"r":{"a":0,"k":0,"ix":6},"o":{"a":0,"k":100,"ix":7},"sk":{"a":0,"k":0,"ix":4},"sa":{"a":0,"k":0,"ix":5},"nm":"Transform"}],"nm":"Group 2","np":3,"cix":2,"bm":0,"ix":2,"mn":"ADBE Vector Group","hd":false}],"ip":0,"op":330,"st":0,"bm":0},{"ddd":0,"ind":2,"ty":4,"nm":"note_3 Outlines","sr":1,"ks":{"o":{"a":1,"k":[{"i":{"x":[0.833],"y":[0.833]},"o":{"x":[0.167],"y":[0.167]},"t":49,"s":[0]},{"i":{"x":[0.833],"y":[0.833]},"o":{"x":[0.167],"y":[0.167]},"t":68,"s":[100]},{"i":{"x":[0.833],"y":[0.833]},"o":{"x":[0.167],"y":[0.167]},"t":86,"s":[100]},{"t":104,"s":[0]}],"ix":11},"r":{"a":0,"k":0,"ix":10},"p":{"a":1,"k":[{"i":{"x":0.833,"y":0.833},"o":{"x":0.167,"y":0.167},"t":49,"s":[199,195.5,0],"to":[-6.667,2.167,0],"ti":[12.833,-1.722,0]},{"i":{"x":0.833,"y":0.833},"o":{"x":0.167,"y":0.167},"t":68,"s":[159,208.5,0],"to":[-12.833,1.722,0],"ti":[10.75,0.5,0]},{"i":{"x":0.833,"y":0.833},"o":{"x":0.167,"y":0.167},"t":86,"s":[122,205.834,0],"to":[-12.114,-0.563,0],"ti":[6.722,-2.685,0]},{"t":104,"s":[81.666,221.944,0]}],"ix":2},"a":{"a":0,"k":[79,105.5,0],"ix":1},"s":{"a":1,"k":[{"i":{"x":[0.833,0.833,0.833],"y":[0.833,0.833,0.833]},"o":{"x":[0.167,0.167,0.167],"y":[0.167,0.167,0.167]},"t":49,"s":[0,0,100]},{"t":68,"s":[17,17,100]}],"ix":6}},"ao":0,"shapes":[{"ty":"gr","it":[{"ind":0,"ty":"sh","ix":1,"ks":{"a":0,"k":{"i":[[0,-3.038],[0,0],[3.038,0],[0,0],[0,3.038],[-3.038,0],[0,0]],"o":[[0,0],[0,3.038],[0,0],[-3.038,0],[0,-3.038],[0,0],[3.038,0]],"v":[[50,0],[50,0],[44.5,5.5],[-44.5,5.5],[-50,0],[-44.5,-5.5],[44.5,-5.5]],"c":true},"ix":2},"nm":"Path 1","mn":"ADBE Vector Shape - Group","hd":false},{"ty":"st","c":{"a":0,"k":[0.325490196078,0.278431372549,0.254901960784,1],"ix":3},"o":{"a":0,"k":100,"ix":4},"w":{"a":0,"k":1,"ix":5},"lc":1,"lj":1,"ml":10,"bm":0,"nm":"Stroke 1","mn":"ADBE Vector Graphic - Stroke","hd":false},{"ty":"fl","c":{"a":0,"k":[0.325490196078,0.278431372549,0.254901960784,1],"ix":4},"o":{"a":0,"k":100,"ix":5},"r":1,"bm":0,"nm":"Fill 1","mn":"ADBE Vector Graphic - Fill","hd":false},{"ty":"tr","p":{"a":0,"k":[99.515,11.137],"ix":2},"a":{"a":0,"k":[0,0],"ix":1},"s":{"a":0,"k":[100,100],"ix":3},"r":{"a":0,"k":0,"ix":6},"o":{"a":0,"k":100,"ix":7},"sk":{"a":0,"k":0,"ix":4},"sa":{"a":0,"k":0,"ix":5},"nm":"Transform"}],"nm":"Group 1","np":3,"cix":2,"bm":0,"ix":1,"mn":"ADBE Vector Group","hd":false},{"ty":"gr","it":[{"ind":0,"ty":"sh","ix":1,"ks":{"a":0,"k":{"i":[[3.038,0],[0,0],[0,3.038],[0,0],[-3.038,0],[0,-3.038],[0,0]],"o":[[0,0],[-3.038,0],[0,0],[0,-3.038],[3.038,0],[0,0],[0,3.038]],"v":[[0,83],[0,83],[-5.5,77.5],[-5.5,-77.5],[0,-83],[5.5,-77.5],[5.5,77.5]],"c":true},"ix":2},"nm":"Path 1","mn":"ADBE Vector Shape - Group","hd":false},{"ty":"st","c":{"a":0,"k":[0.325490196078,0.278431372549,0.254901960784,1],"ix":3},"o":{"a":0,"k":100,"ix":4},"w":{"a":0,"k":1,"ix":5},"lc":1,"lj":1,"ml":10,"bm":0,"nm":"Stroke 1","mn":"ADBE Vector Graphic - Stroke","hd":false},{"ty":"fl","c":{"a":0,"k":[0.325490196078,0.278431372549,0.254901960784,1],"ix":4},"o":{"a":0,"k":100,"ix":5},"r":1,"bm":0,"nm":"Fill 1","mn":"ADBE Vector Graphic - Fill","hd":false},{"ty":"tr","p":{"a":0,"k":[144.102,88.868],"ix":2},"a":{"a":0,"k":[0,0],"ix":1},"s":{"a":0,"k":[100,100],"ix":3},"r":{"a":0,"k":0,"ix":6},"o":{"a":0,"k":100,"ix":7},"sk":{"a":0,"k":0,"ix":4},"sa":{"a":0,"k":0,"ix":5},"nm":"Transform"}],"nm":"Group 2","np":3,"cix":2,"bm":0,"ix":2,"mn":"ADBE Vector Group","hd":false},{"ty":"gr","it":[{"ind":0,"ty":"sh","ix":1,"ks":{"a":0,"k":{"i":[[-8.592,-8.591],[-12.497,12.497],[8.591,8.592],[12.497,-12.497]],"o":[[8.591,8.592],[12.497,-12.497],[-8.592,-8.591],[-12.497,12.497]],"v":[[-22.627,22.627],[15.557,15.556],[22.628,-22.628],[-15.556,-15.557]],"c":true},"ix":2},"nm":"Path 1","mn":"ADBE Vector Shape - Group","hd":false},{"ty":"st","c":{"a":0,"k":[0.325490196078,0.278431372549,0.254901960784,1],"ix":3},"o":{"a":0,"k":100,"ix":4},"w":{"a":0,"k":1,"ix":5},"lc":1,"lj":1,"ml":10,"bm":0,"nm":"Stroke 1","mn":"ADBE Vector Graphic - Stroke","hd":false},{"ty":"tr","p":{"a":0,"k":[122.602,179.869],"ix":2},"a":{"a":0,"k":[0,0],"ix":1},"s":{"a":0,"k":[100,100],"ix":3},"r":{"a":0,"k":0,"ix":6},"o":{"a":0,"k":100,"ix":7},"sk":{"a":0,"k":0,"ix":4},"sa":{"a":0,"k":0,"ix":5},"nm":"Transform"}],"nm":"Group 3","np":2,"cix":2,"bm":0,"ix":3,"mn":"ADBE Vector Group","hd":false},{"ty":"gr","it":[{"ind":0,"ty":"sh","ix":1,"ks":{"a":0,"k":{"i":[[-8.592,-8.591],[-12.497,12.497],[8.591,8.592],[12.497,-12.497]],"o":[[8.591,8.592],[12.497,-12.497],[-8.592,-8.591],[-12.497,12.497]],"v":[[-22.627,22.671],[15.557,15.6],[22.628,-22.584],[-15.556,-15.513]],"c":true},"ix":2},"nm":"Path 1","mn":"ADBE Vector Shape - Group","hd":false},{"ty":"fl","c":{"a":0,"k":[0.325490196078,0.278431372549,0.254901960784,1],"ix":4},"o":{"a":0,"k":100,"ix":5},"r":1,"bm":0,"nm":"Fill 1","mn":"ADBE Vector Graphic - Fill","hd":false},{"ty":"tr","p":{"a":0,"k":[122.602,179.825],"ix":2},"a":{"a":0,"k":[0,0],"ix":1},"s":{"a":0,"k":[100,100],"ix":3},"r":{"a":0,"k":0,"ix":6},"o":{"a":0,"k":100,"ix":7},"sk":{"a":0,"k":0,"ix":4},"sa":{"a":0,"k":0,"ix":5},"nm":"Transform"}],"nm":"Group 4","np":4,"cix":2,"bm":0,"ix":4,"mn":"ADBE Vector Group","hd":false},{"ty":"gr","it":[{"ind":0,"ty":"sh","ix":1,"ks":{"a":0,"k":{"i":[[3.038,0],[0,0],[0,3.038],[0,0],[-3.038,0],[0,-3.038],[0,0]],"o":[[0,0],[-3.038,0],[0,0],[0,-3.038],[3.038,0],[0,0],[0,3.038]],"v":[[0,83],[0,83],[-5.5,77.5],[-5.5,-77.5],[0,-83],[5.5,-77.5],[5.5,77.5]],"c":true},"ix":2},"nm":"Path 1","mn":"ADBE Vector Shape - Group","hd":false},{"ty":"st","c":{"a":0,"k":[0.325490196078,0.278431372549,0.254901960784,1],"ix":3},"o":{"a":0,"k":100,"ix":4},"w":{"a":0,"k":1,"ix":5},"lc":1,"lj":1,"ml":10,"bm":0,"nm":"Stroke 1","mn":"ADBE Vector Graphic - Stroke","hd":false},{"ty":"fl","c":{"a":0,"k":[0.325490196078,0.278431372549,0.254901960784,1],"ix":4},"o":{"a":0,"k":100,"ix":5},"r":1,"bm":0,"nm":"Fill 1","mn":"ADBE Vector Graphic - Fill","hd":false},{"ty":"tr","p":{"a":0,"k":[55.102,88.868],"ix":2},"a":{"a":0,"k":[0,0],"ix":1},"s":{"a":0,"k":[100,100],"ix":3},"r":{"a":0,"k":0,"ix":6},"o":{"a":0,"k":100,"ix":7},"sk":{"a":0,"k":0,"ix":4},"sa":{"a":0,"k":0,"ix":5},"nm":"Transform"}],"nm":"Group 5","np":3,"cix":2,"bm":0,"ix":5,"mn":"ADBE Vector Group","hd":false},{"ty":"gr","it":[{"ind":0,"ty":"sh","ix":1,"ks":{"a":0,"k":{"i":[[-8.592,-8.591],[-12.497,12.497],[8.591,8.592],[12.497,-12.497]],"o":[[8.591,8.592],[12.497,-12.497],[-8.592,-8.591],[-12.497,12.497]],"v":[[-22.627,22.627],[15.557,15.556],[22.628,-22.628],[-15.556,-15.557]],"c":true},"ix":2},"nm":"Path 1","mn":"ADBE Vector Shape - Group","hd":false},{"ty":"st","c":{"a":0,"k":[0.325490196078,0.278431372549,0.254901960784,1],"ix":3},"o":{"a":0,"k":100,"ix":4},"w":{"a":0,"k":1,"ix":5},"lc":1,"lj":1,"ml":10,"bm":0,"nm":"Stroke 1","mn":"ADBE Vector Graphic - Stroke","hd":false},{"ty":"tr","p":{"a":0,"k":[33.602,179.869],"ix":2},"a":{"a":0,"k":[0,0],"ix":1},"s":{"a":0,"k":[100,100],"ix":3},"r":{"a":0,"k":0,"ix":6},"o":{"a":0,"k":100,"ix":7},"sk":{"a":0,"k":0,"ix":4},"sa":{"a":0,"k":0,"ix":5},"nm":"Transform"}],"nm":"Group 6","np":2,"cix":2,"bm":0,"ix":6,"mn":"ADBE Vector Group","hd":false},{"ty":"gr","it":[{"ind":0,"ty":"sh","ix":1,"ks":{"a":0,"k":{"i":[[-8.592,-8.591],[-12.497,12.497],[8.591,8.592],[12.497,-12.497]],"o":[[8.591,8.592],[12.497,-12.497],[-8.592,-8.591],[-12.497,12.497]],"v":[[-22.627,22.671],[15.557,15.6],[22.628,-22.584],[-15.556,-15.513]],"c":true},"ix":2},"nm":"Path 1","mn":"ADBE Vector Shape - Group","hd":false},{"ty":"fl","c":{"a":0,"k":[0.325490196078,0.278431372549,0.254901960784,1],"ix":4},"o":{"a":0,"k":100,"ix":5},"r":1,"bm":0,"nm":"Fill 1","mn":"ADBE Vector Graphic - Fill","hd":false},{"ty":"tr","p":{"a":0,"k":[33.602,179.825],"ix":2},"a":{"a":0,"k":[0,0],"ix":1},"s":{"a":0,"k":[100,100],"ix":3},"r":{"a":0,"k":0,"ix":6},"o":{"a":0,"k":100,"ix":7},"sk":{"a":0,"k":0,"ix":4},"sa":{"a":0,"k":0,"ix":5},"nm":"Transform"}],"nm":"Group 7","np":4,"cix":2,"bm":0,"ix":7,"mn":"ADBE Vector Group","hd":false}],"ip":0,"op":330,"st":0,"bm":0},{"ddd":0,"ind":3,"ty":4,"nm":"note_2 Outlines","sr":1,"ks":{"o":{"a":1,"k":[{"i":{"x":[0.833],"y":[0.833]},"o":{"x":[0.167],"y":[0.167]},"t":30,"s":[0]},{"i":{"x":[0.833],"y":[0.833]},"o":{"x":[0.167],"y":[0.167]},"t":49,"s":[100]},{"i":{"x":[0.833],"y":[0.833]},"o":{"x":[0.167],"y":[0.167]},"t":65,"s":[100]},{"t":80,"s":[0]}],"ix":11},"r":{"a":0,"k":0,"ix":10},"p":{"a":1,"k":[{"i":{"x":0.833,"y":0.833},"o":{"x":0.167,"y":0.167},"t":30,"s":[301,188,0],"to":[4.583,-4.505,0],"ti":[-13.083,6.083,0]},{"i":{"x":0.833,"y":0.833},"o":{"x":0.167,"y":0.167},"t":49,"s":[328.5,160.973,0],"to":[13.083,-6.083,0],"ti":[-13.25,6.745,0]},{"i":{"x":0.833,"y":0.833},"o":{"x":0.167,"y":0.167},"t":65,"s":[379.5,151.5,0],"to":[13.25,-6.745,0],"ti":[-4.75,5.167,0]},{"t":80,"s":[408,120.5,0]}],"ix":2},"a":{"a":0,"k":[129,109,0],"ix":1},"s":{"a":1,"k":[{"i":{"x":[0.833,0.833,0.833],"y":[0.833,0.833,0.833]},"o":{"x":[0.167,0.167,0.167],"y":[0.167,0.167,0.167]},"t":30,"s":[0,0,100]},{"t":49,"s":[16.972,16.972,100]}],"ix":6}},"ao":0,"shapes":[{"ty":"gr","it":[{"ind":0,"ty":"sh","ix":1,"ks":{"a":0,"k":{"i":[[0,-2.899],[0,0],[2.899,0],[0,0],[0,2.899],[-2.899,0],[0,0]],"o":[[0,0],[0,2.899],[0,0],[-2.899,0],[0,-2.899],[0,0],[2.899,0]],"v":[[47.25,0],[47.25,0],[42,5.25],[-42,5.25],[-47.25,0],[-42,-5.25],[42,-5.25]],"c":true},"ix":2},"nm":"Path 1","mn":"ADBE Vector Shape - Group","hd":false},{"ty":"st","c":{"a":0,"k":[0.325490196078,0.278431372549,0.254901960784,1],"ix":3},"o":{"a":0,"k":100,"ix":4},"w":{"a":0,"k":1,"ix":5},"lc":1,"lj":1,"ml":10,"bm":0,"nm":"Stroke 1","mn":"ADBE Vector Graphic - Stroke","hd":false},{"ty":"fl","c":{"a":0,"k":[0.325490196078,0.278431372549,0.254901960784,1],"ix":4},"o":{"a":0,"k":100,"ix":5},"r":1,"bm":0,"nm":"Fill 1","mn":"ADBE Vector Graphic - Fill","hd":false},{"ty":"tr","p":{"a":0,"k":[198.059,47.561],"ix":2},"a":{"a":0,"k":[0,0],"ix":1},"s":{"a":0,"k":[100,100],"ix":3},"r":{"a":0,"k":0,"ix":6},"o":{"a":0,"k":100,"ix":7},"sk":{"a":0,"k":0,"ix":4},"sa":{"a":0,"k":0,"ix":5},"nm":"Transform"}],"nm":"Group 1","np":3,"cix":2,"bm":0,"ix":1,"mn":"ADBE Vector Group","hd":false},{"ty":"gr","it":[{"ind":0,"ty":"sh","ix":1,"ks":{"a":0,"k":{"i":[[0,-3.038],[0,0],[3.038,0],[0,0],[0,3.038],[-3.038,0],[0,0]],"o":[[0,0],[0,3.038],[0,0],[-3.038,0],[0,-3.038],[0,0],[3.038,0]],"v":[[94.5,0],[94.5,0],[89,5.5],[-89,5.5],[-94.5,0],[-89,-5.5],[89,-5.5]],"c":true},"ix":2},"nm":"Path 1","mn":"ADBE Vector Shape - Group","hd":false},{"ty":"st","c":{"a":0,"k":[0.325490196078,0.278431372549,0.254901960784,1],"ix":3},"o":{"a":0,"k":100,"ix":4},"w":{"a":0,"k":1,"ix":5},"lc":1,"lj":1,"ml":10,"bm":0,"nm":"Stroke 1","mn":"ADBE Vector Graphic - Stroke","hd":false},{"ty":"fl","c":{"a":0,"k":[0.325490196078,0.278431372549,0.254901960784,1],"ix":4},"o":{"a":0,"k":100,"ix":5},"r":1,"bm":0,"nm":"Fill 1","mn":"ADBE Vector Graphic - Fill","hd":false},{"ty":"tr","p":{"a":0,"k":[152.309,17.311],"ix":2},"a":{"a":0,"k":[0,0],"ix":1},"s":{"a":0,"k":[100,100],"ix":3},"r":{"a":0,"k":0,"ix":6},"o":{"a":0,"k":100,"ix":7},"sk":{"a":0,"k":0,"ix":4},"sa":{"a":0,"k":0,"ix":5},"nm":"Transform"}],"nm":"Group 2","np":3,"cix":2,"bm":0,"ix":2,"mn":"ADBE Vector Group","hd":false},{"ty":"gr","it":[{"ind":0,"ty":"sh","ix":1,"ks":{"a":0,"k":{"i":[[3.038,0],[0,0],[0,3.038],[0,0],[-3.038,0],[0,-3.038],[0,0]],"o":[[0,0],[-3.038,0],[0,0],[0,-3.038],[3.038,0],[0,0],[0,3.038]],"v":[[0,83],[0,83],[-5.5,77.5],[-5.5,-77.5],[0,-83],[5.5,-77.5],[5.5,77.5]],"c":true},"ix":2},"nm":"Path 1","mn":"ADBE Vector Shape - Group","hd":false},{"ty":"st","c":{"a":0,"k":[0.325490196078,0.278431372549,0.254901960784,1],"ix":3},"o":{"a":0,"k":100,"ix":4},"w":{"a":0,"k":1,"ix":5},"lc":1,"lj":1,"ml":10,"bm":0,"nm":"Stroke 1","mn":"ADBE Vector Graphic - Stroke","hd":false},{"ty":"fl","c":{"a":0,"k":[0.325490196078,0.278431372549,0.254901960784,1],"ix":4},"o":{"a":0,"k":100,"ix":5},"r":1,"bm":0,"nm":"Fill 1","mn":"ADBE Vector Graphic - Fill","hd":false},{"ty":"tr","p":{"a":0,"k":[241.395,95.042],"ix":2},"a":{"a":0,"k":[0,0],"ix":1},"s":{"a":0,"k":[100,100],"ix":3},"r":{"a":0,"k":0,"ix":6},"o":{"a":0,"k":100,"ix":7},"sk":{"a":0,"k":0,"ix":4},"sa":{"a":0,"k":0,"ix":5},"nm":"Transform"}],"nm":"Group 3","np":3,"cix":2,"bm":0,"ix":3,"mn":"ADBE Vector Group","hd":false},{"ty":"gr","it":[{"ind":0,"ty":"sh","ix":1,"ks":{"a":0,"k":{"i":[[-8.592,-8.591],[-12.497,12.497],[8.591,8.592],[12.497,-12.496]],"o":[[8.591,8.592],[12.497,-12.497],[-8.592,-8.591],[-12.497,12.497]],"v":[[-22.627,22.627],[15.557,15.556],[22.628,-22.628],[-15.556,-15.557]],"c":true},"ix":2},"nm":"Path 1","mn":"ADBE Vector Shape - Group","hd":false},{"ty":"st","c":{"a":0,"k":[0.325490196078,0.278431372549,0.254901960784,1],"ix":3},"o":{"a":0,"k":100,"ix":4},"w":{"a":0,"k":1,"ix":5},"lc":1,"lj":1,"ml":10,"bm":0,"nm":"Stroke 1","mn":"ADBE Vector Graphic - Stroke","hd":false},{"ty":"fl","c":{"a":0,"k":[0.325490196078,0.278431372549,0.254901960784,1],"ix":4},"o":{"a":0,"k":100,"ix":5},"r":1,"bm":0,"nm":"Fill 1","mn":"ADBE Vector Graphic - Fill","hd":false},{"ty":"tr","p":{"a":0,"k":[219.895,186.042],"ix":2},"a":{"a":0,"k":[0,0],"ix":1},"s":{"a":0,"k":[100,100],"ix":3},"r":{"a":0,"k":0,"ix":6},"o":{"a":0,"k":100,"ix":7},"sk":{"a":0,"k":0,"ix":4},"sa":{"a":0,"k":0,"ix":5},"nm":"Transform"}],"nm":"Group 4","np":3,"cix":2,"bm":0,"ix":4,"mn":"ADBE Vector Group","hd":false},{"ty":"gr","it":[{"ind":0,"ty":"sh","ix":1,"ks":{"a":0,"k":{"i":[[3.038,0],[0,0],[0,3.038],[0,0],[-3.038,0],[0,-3.038],[0,0]],"o":[[0,0],[-3.038,0],[0,0],[0,-3.038],[3.038,0],[0,0],[0,3.038]],"v":[[0,83],[0,83],[-5.5,77.5],[-5.5,-77.5],[0,-83],[5.5,-77.5],[5.5,77.5]],"c":true},"ix":2},"nm":"Path 1","mn":"ADBE Vector Shape - Group","hd":false},{"ty":"st","c":{"a":0,"k":[0.325490196078,0.278431372549,0.254901960784,1],"ix":3},"o":{"a":0,"k":100,"ix":4},"w":{"a":0,"k":1,"ix":5},"lc":1,"lj":1,"ml":10,"bm":0,"nm":"Stroke 1","mn":"ADBE Vector Graphic - Stroke","hd":false},{"ty":"fl","c":{"a":0,"k":[0.325490196078,0.278431372549,0.254901960784,1],"ix":4},"o":{"a":0,"k":100,"ix":5},"r":1,"bm":0,"nm":"Fill 1","mn":"ADBE Vector Graphic - Fill","hd":false},{"ty":"tr","p":{"a":0,"k":[152.395,95.042],"ix":2},"a":{"a":0,"k":[0,0],"ix":1},"s":{"a":0,"k":[100,100],"ix":3},"r":{"a":0,"k":0,"ix":6},"o":{"a":0,"k":100,"ix":7},"sk":{"a":0,"k":0,"ix":4},"sa":{"a":0,"k":0,"ix":5},"nm":"Transform"}],"nm":"Group 5","np":3,"cix":2,"bm":0,"ix":5,"mn":"ADBE Vector Group","hd":false},{"ty":"gr","it":[{"ind":0,"ty":"sh","ix":1,"ks":{"a":0,"k":{"i":[[-8.592,-8.591],[-12.497,12.497],[8.591,8.592],[12.497,-12.496]],"o":[[8.591,8.592],[12.497,-12.497],[-8.592,-8.591],[-12.497,12.497]],"v":[[-22.627,22.627],[15.557,15.556],[22.628,-22.628],[-15.556,-15.557]],"c":true},"ix":2},"nm":"Path 1","mn":"ADBE Vector Shape - Group","hd":false},{"ty":"st","c":{"a":0,"k":[0.325490196078,0.278431372549,0.254901960784,1],"ix":3},"o":{"a":0,"k":100,"ix":4},"w":{"a":0,"k":1,"ix":5},"lc":1,"lj":1,"ml":10,"bm":0,"nm":"Stroke 1","mn":"ADBE Vector Graphic - Stroke","hd":false},{"ty":"fl","c":{"a":0,"k":[0.325490196078,0.278431372549,0.254901960784,1],"ix":4},"o":{"a":0,"k":100,"ix":5},"r":1,"bm":0,"nm":"Fill 1","mn":"ADBE Vector Graphic - Fill","hd":false},{"ty":"tr","p":{"a":0,"k":[130.895,186.042],"ix":2},"a":{"a":0,"k":[0,0],"ix":1},"s":{"a":0,"k":[100,100],"ix":3},"r":{"a":0,"k":0,"ix":6},"o":{"a":0,"k":100,"ix":7},"sk":{"a":0,"k":0,"ix":4},"sa":{"a":0,"k":0,"ix":5},"nm":"Transform"}],"nm":"Group 6","np":3,"cix":2,"bm":0,"ix":6,"mn":"ADBE Vector Group","hd":false},{"ty":"gr","it":[{"ind":0,"ty":"sh","ix":1,"ks":{"a":0,"k":{"i":[[3.038,0],[0,0],[0,3.038],[0,0],[-3.038,0],[0,-3.038],[0,0]],"o":[[0,0],[-3.038,0],[0,0],[0,-3.038],[3.038,0],[0,0],[0,3.038]],"v":[[0,83],[0,83],[-5.5,77.5],[-5.5,-77.5],[0,-83],[5.5,-77.5],[5.5,77.5]],"c":true},"ix":2},"nm":"Path 1","mn":"ADBE Vector Shape - Group","hd":false},{"ty":"st","c":{"a":0,"k":[0.325490196078,0.278431372549,0.254901960784,1],"ix":3},"o":{"a":0,"k":100,"ix":4},"w":{"a":0,"k":1,"ix":5},"lc":1,"lj":1,"ml":10,"bm":0,"nm":"Stroke 1","mn":"ADBE Vector Graphic - Stroke","hd":false},{"ty":"fl","c":{"a":0,"k":[0.325490196078,0.278431372549,0.254901960784,1],"ix":4},"o":{"a":0,"k":100,"ix":5},"r":1,"bm":0,"nm":"Fill 1","mn":"ADBE Vector Graphic - Fill","hd":false},{"ty":"tr","p":{"a":0,"k":[63.396,95.042],"ix":2},"a":{"a":0,"k":[0,0],"ix":1},"s":{"a":0,"k":[100,100],"ix":3},"r":{"a":0,"k":0,"ix":6},"o":{"a":0,"k":100,"ix":7},"sk":{"a":0,"k":0,"ix":4},"sa":{"a":0,"k":0,"ix":5},"nm":"Transform"}],"nm":"Group 7","np":3,"cix":2,"bm":0,"ix":7,"mn":"ADBE Vector Group","hd":false},{"ty":"gr","it":[{"ind":0,"ty":"sh","ix":1,"ks":{"a":0,"k":{"i":[[-8.592,-8.591],[-12.497,12.497],[8.591,8.592],[12.497,-12.496]],"o":[[8.591,8.592],[12.497,-12.497],[-8.592,-8.591],[-12.497,12.497]],"v":[[-22.627,22.627],[15.557,15.556],[22.628,-22.628],[-15.556,-15.557]],"c":true},"ix":2},"nm":"Path 1","mn":"ADBE Vector Shape - Group","hd":false},{"ty":"st","c":{"a":0,"k":[0.325490196078,0.278431372549,0.254901960784,1],"ix":3},"o":{"a":0,"k":100,"ix":4},"w":{"a":0,"k":1,"ix":5},"lc":1,"lj":1,"ml":10,"bm":0,"nm":"Stroke 1","mn":"ADBE Vector Graphic - Stroke","hd":false},{"ty":"fl","c":{"a":0,"k":[0.325490196078,0.278431372549,0.254901960784,1],"ix":4},"o":{"a":0,"k":100,"ix":5},"r":1,"bm":0,"nm":"Fill 1","mn":"ADBE Vector Graphic - Fill","hd":false},{"ty":"tr","p":{"a":0,"k":[41.895,186.042],"ix":2},"a":{"a":0,"k":[0,0],"ix":1},"s":{"a":0,"k":[100,100],"ix":3},"r":{"a":0,"k":0,"ix":6},"o":{"a":0,"k":100,"ix":7},"sk":{"a":0,"k":0,"ix":4},"sa":{"a":0,"k":0,"ix":5},"nm":"Transform"}],"nm":"Group 8","np":3,"cix":2,"bm":0,"ix":8,"mn":"ADBE Vector Group","hd":false}],"ip":0,"op":330,"st":0,"bm":0},{"ddd":0,"ind":4,"ty":4,"nm":"note_1 Outlines","sr":1,"ks":{"o":{"a":1,"k":[{"i":{"x":[0.833],"y":[0.833]},"o":{"x":[0.167],"y":[0.167]},"t":0,"s":[0]},{"i":{"x":[0.833],"y":[0.833]},"o":{"x":[0.167],"y":[0.167]},"t":21,"s":[100]},{"i":{"x":[0.833],"y":[0.833]},"o":{"x":[0.167],"y":[0.167]},"t":41,"s":[100]},{"t":60,"s":[0]}],"ix":11},"r":{"a":0,"k":0,"ix":10},"p":{"a":1,"k":[{"i":{"x":0.833,"y":0.833},"o":{"x":0.167,"y":0.167},"t":0,"s":[202,186.5,0],"to":[-7.634,-1.819,0],"ti":[11.324,8.324,0]},{"i":{"x":0.833,"y":0.833},"o":{"x":0.167,"y":0.167},"t":21,"s":[156.195,175.583,0],"to":[-11.324,-8.324,0],"ti":[10.866,10.847,0]},{"i":{"x":0.833,"y":0.833},"o":{"x":0.167,"y":0.167},"t":41,"s":[134.055,136.556,0],"to":[-10.866,-10.847,0],"ti":[7.176,4.343,0]},{"t":60,"s":[91,110.5,0]}],"ix":2},"a":{"a":0,"k":[52,107,0],"ix":1},"s":{"a":1,"k":[{"i":{"x":[0.833,0.833,0.833],"y":[0.833,0.833,0.833]},"o":{"x":[0.167,0.167,0.167],"y":[0.167,0.167,0.167]},"t":0,"s":[0,0,100]},{"t":21,"s":[17.308,17.308,100]}],"ix":6}},"ao":0,"shapes":[{"ty":"gr","it":[{"ind":0,"ty":"sh","ix":1,"ks":{"a":0,"k":{"i":[[0,0],[-0.203,-0.755],[0,0],[-9.089,0],[0,-6.565],[0,0],[0.225,0.733],[0,0],[8.648,0.207],[0,6.748]],"o":[[0,-0.781],[0,0],[2.264,8.415],[6.869,0],[0,0],[0,0.767],[0,0],[-2.441,-7.933],[-7.058,-0.168],[0,0]],"v":[[-17,-21.251],[-15.687,-21.424],[-14.726,-17.854],[4.563,-3.557],[17,8.331],[17,21.249],[15.693,21.446],[14.296,16.906],[-4.313,3.246],[-17,-9.188]],"c":true},"ix":2},"nm":"Path 1","mn":"ADBE Vector Shape - Group","hd":false},{"ty":"st","c":{"a":0,"k":[0.325490196078,0.278431372549,0.254901960784,1],"ix":3},"o":{"a":0,"k":100,"ix":4},"w":{"a":0,"k":1,"ix":5},"lc":1,"lj":1,"ml":10,"bm":0,"nm":"Stroke 1","mn":"ADBE Vector Graphic - Stroke","hd":false},{"ty":"fl","c":{"a":0,"k":[0.325490196078,0.278431372549,0.254901960784,1],"ix":4},"o":{"a":0,"k":100,"ix":5},"r":1,"bm":0,"nm":"Fill 1","mn":"ADBE Vector Graphic - Fill","hd":false},{"ty":"tr","p":{"a":0,"k":[79.678,62.869],"ix":2},"a":{"a":0,"k":[0,0],"ix":1},"s":{"a":0,"k":[100,100],"ix":3},"r":{"a":0,"k":0,"ix":6},"o":{"a":0,"k":100,"ix":7},"sk":{"a":0,"k":0,"ix":4},"sa":{"a":0,"k":0,"ix":5},"nm":"Transform"}],"nm":"Group 1","np":3,"cix":2,"bm":0,"ix":1,"mn":"ADBE Vector Group","hd":false},{"ty":"gr","it":[{"ind":0,"ty":"sh","ix":1,"ks":{"a":0,"k":{"i":[[0,0],[-0.203,-0.755],[0,0],[-9.089,0],[0,-6.565],[0,0],[0.225,0.733],[0,0],[8.648,0.207],[0,6.749]],"o":[[0,-0.781],[0,0],[2.264,8.415],[6.869,0],[0,0],[0,0.767],[0,0],[-2.441,-7.933],[-7.058,-0.168],[0,0]],"v":[[-17,-21.251],[-15.687,-21.424],[-14.726,-17.854],[4.563,-3.557],[17,8.331],[17,21.249],[15.693,21.446],[14.296,16.906],[-4.313,3.246],[-17,-9.188]],"c":true},"ix":2},"nm":"Path 1","mn":"ADBE Vector Shape - Group","hd":false},{"ty":"st","c":{"a":0,"k":[0.325490196078,0.278431372549,0.254901960784,1],"ix":3},"o":{"a":0,"k":100,"ix":4},"w":{"a":0,"k":1,"ix":5},"lc":1,"lj":1,"ml":10,"bm":0,"nm":"Stroke 1","mn":"ADBE Vector Graphic - Stroke","hd":false},{"ty":"fl","c":{"a":0,"k":[0.325490196078,0.278431372549,0.254901960784,1],"ix":4},"o":{"a":0,"k":100,"ix":5},"r":1,"bm":0,"nm":"Fill 1","mn":"ADBE Vector Graphic - Fill","hd":false},{"ty":"tr","p":{"a":0,"k":[79.678,37.807],"ix":2},"a":{"a":0,"k":[0,0],"ix":1},"s":{"a":0,"k":[100,100],"ix":3},"r":{"a":0,"k":0,"ix":6},"o":{"a":0,"k":100,"ix":7},"sk":{"a":0,"k":0,"ix":4},"sa":{"a":0,"k":0,"ix":5},"nm":"Transform"}],"nm":"Group 2","np":3,"cix":2,"bm":0,"ix":2,"mn":"ADBE Vector Group","hd":false},{"ty":"gr","it":[{"ind":0,"ty":"sh","ix":1,"ks":{"a":0,"k":{"i":[[3.038,0],[0,0],[0,3.038],[0,0],[-3.038,0],[0,-3.038],[0,0]],"o":[[0,0],[-3.038,0],[0,0],[0,-3.038],[3.038,0],[0,0],[0,3.038]],"v":[[0,83],[0,83],[-5.5,77.5],[-5.5,-77.5],[0,-83],[5.5,-77.5],[5.5,77.5]],"c":true},"ix":2},"nm":"Path 1","mn":"ADBE Vector Shape - Group","hd":false},{"ty":"st","c":{"a":0,"k":[0.325490196078,0.278431372549,0.254901960784,1],"ix":3},"o":{"a":0,"k":100,"ix":4},"w":{"a":0,"k":1,"ix":5},"lc":1,"lj":1,"ml":10,"bm":0,"nm":"Stroke 1","mn":"ADBE Vector Graphic - Stroke","hd":false},{"ty":"fl","c":{"a":0,"k":[0.325490196078,0.278431372549,0.254901960784,1],"ix":4},"o":{"a":0,"k":100,"ix":5},"r":1,"bm":0,"nm":"Fill 1","mn":"ADBE Vector Graphic - Fill","hd":false},{"ty":"tr","p":{"a":0,"k":[59.178,92.5],"ix":2},"a":{"a":0,"k":[0,0],"ix":1},"s":{"a":0,"k":[100,100],"ix":3},"r":{"a":0,"k":0,"ix":6},"o":{"a":0,"k":100,"ix":7},"sk":{"a":0,"k":0,"ix":4},"sa":{"a":0,"k":0,"ix":5},"nm":"Transform"}],"nm":"Group 3","np":3,"cix":2,"bm":0,"ix":3,"mn":"ADBE Vector Group","hd":false},{"ty":"gr","it":[{"ind":0,"ty":"sh","ix":1,"ks":{"a":0,"k":{"i":[[-8.592,-8.591],[-12.497,12.497],[8.591,8.592],[12.497,-12.497]],"o":[[8.591,8.592],[12.496,-12.497],[-8.592,-8.591],[-12.497,12.497]],"v":[[-22.627,22.627],[15.557,15.556],[22.628,-22.628],[-15.556,-15.557]],"c":true},"ix":2},"nm":"Path 1","mn":"ADBE Vector Shape - Group","hd":false},{"ty":"st","c":{"a":0,"k":[0.325490196078,0.278431372549,0.254901960784,1],"ix":3},"o":{"a":0,"k":100,"ix":4},"w":{"a":0,"k":1,"ix":5},"lc":1,"lj":1,"ml":10,"bm":0,"nm":"Stroke 1","mn":"ADBE Vector Graphic - Stroke","hd":false},{"ty":"tr","p":{"a":0,"k":[37.678,183.5],"ix":2},"a":{"a":0,"k":[0,0],"ix":1},"s":{"a":0,"k":[100,100],"ix":3},"r":{"a":0,"k":0,"ix":6},"o":{"a":0,"k":100,"ix":7},"sk":{"a":0,"k":0,"ix":4},"sa":{"a":0,"k":0,"ix":5},"nm":"Transform"}],"nm":"Group 4","np":2,"cix":2,"bm":0,"ix":4,"mn":"ADBE Vector Group","hd":false},{"ty":"gr","it":[{"ind":0,"ty":"sh","ix":1,"ks":{"a":0,"k":{"i":[[-8.592,-8.591],[-12.497,12.497],[8.591,8.592],[12.497,-12.497]],"o":[[8.591,8.592],[12.496,-12.497],[-8.592,-8.591],[-12.497,12.497]],"v":[[-22.627,22.986],[15.557,15.915],[22.628,-22.268],[-15.556,-15.197]],"c":true},"ix":2},"nm":"Path 1","mn":"ADBE Vector Shape - Group","hd":false},{"ty":"fl","c":{"a":0,"k":[0.325490196078,0.278431372549,0.254901960784,1],"ix":4},"o":{"a":0,"k":100,"ix":5},"r":1,"bm":0,"nm":"Fill 1","mn":"ADBE Vector Graphic - Fill","hd":false},{"ty":"tr","p":{"a":0,"k":[37.678,183.141],"ix":2},"a":{"a":0,"k":[0,0],"ix":1},"s":{"a":0,"k":[100,100],"ix":3},"r":{"a":0,"k":0,"ix":6},"o":{"a":0,"k":100,"ix":7},"sk":{"a":0,"k":0,"ix":4},"sa":{"a":0,"k":0,"ix":5},"nm":"Transform"}],"nm":"Group 5","np":4,"cix":2,"bm":0,"ix":5,"mn":"ADBE Vector Group","hd":false}],"ip":0,"op":330,"st":0,"bm":0},{"ddd":0,"ind":5,"ty":4,"nm":"head","sr":1,"ks":{"o":{"a":0,"k":100,"ix":11},"r":{"a":1,"k":[{"i":{"x":[0.833],"y":[0.833]},"o":{"x":[0.167],"y":[0.167]},"t":0,"s":[0]},{"i":{"x":[0.833],"y":[0.833]},"o":{"x":[0.167],"y":[0.167]},"t":30,"s":[-4]},{"i":{"x":[0.833],"y":[0.833]},"o":{"x":[0.167],"y":[0.167]},"t":60,"s":[4]},{"i":{"x":[0.833],"y":[0.833]},"o":{"x":[0.167],"y":[0.167]},"t":90,"s":[-4]},{"t":120,"s":[0]}],"ix":10},"p":{"a":0,"k":[246.75,237.25,0],"ix":2},"a":{"a":0,"k":[161.413,356.387,0],"ix":1},"s":{"a":0,"k":[27.53,27.53,100],"ix":6}},"ao":0,"shapes":[{"ty":"gr","it":[{"ind":0,"ty":"sh","ix":1,"ks":{"a":0,"k":{"i":[[-0.659,-0.015],[1.863,-2.073],[0,-25.96],[0,0],[10.582,7.573],[0,0],[30.449,-14.263],[0.128,-0.06],[0,0],[-28.437,27.689],[-19.12,6.174],[-18.102,0]],"o":[[-2.028,1.916],[-16.202,17.99],[0,0],[-9.878,-5.478],[0,0],[-12.901,26.282],[-0.128,0.06],[0,0],[-2.993,-55.378],[15.715,-13.47],[16.95,-5.463],[0.666,0]],"v":[[75.829,-77.439],[69.992,-71.46],[43.905,-3.741],[43.905,28.354],[13.357,8.861],[4.064,1.669],[-70.217,77.273],[-70.592,77.453],[-72.837,63.983],[-32.426,-42.281],[18.461,-69.221],[73.838,-77.453]],"c":true},"ix":2},"nm":"Path 1","mn":"ADBE Vector Shape - Group","hd":false},{"ty":"fl","c":{"a":0,"k":[0.6,0.525490196078,0.458823559331,1],"ix":4},"o":{"a":0,"k":100,"ix":5},"r":1,"bm":0,"nm":"Fill 1","mn":"ADBE Vector Graphic - Fill","hd":false},{"ty":"tr","p":{"a":0,"k":[97.617,116.142],"ix":2},"a":{"a":0,"k":[0,0],"ix":1},"s":{"a":0,"k":[100,100],"ix":3},"r":{"a":0,"k":0,"ix":6},"o":{"a":0,"k":100,"ix":7},"sk":{"a":0,"k":0,"ix":4},"sa":{"a":0,"k":0,"ix":5},"nm":"Transform"}],"nm":"Group 1","np":2,"cix":2,"bm":0,"ix":1,"mn":"ADBE Vector Group","hd":false},{"ty":"gr","it":[{"ind":0,"ty":"sh","ix":1,"ks":{"a":0,"k":{"i":[[6.594,0.812],[0,0],[-0.267,2.166],[0,0],[-2.167,-0.267],[0,0],[0.812,-6.594],[0,0]],"o":[[0,0],[-2.167,-0.267],[0,0],[0.267,-2.167],[0,0],[6.594,0.812],[0,0],[-0.812,6.594]],"v":[[1.932,36.061],[-18.178,33.585],[-21.633,29.161],[-13.961,-33.152],[-9.535,-36.607],[10.574,-34.131],[21.087,-20.665],[15.397,25.549]],"c":true},"ix":2},"nm":"Path 1","mn":"ADBE Vector Shape - Group","hd":false},{"ty":"fl","c":{"a":0,"k":[1,0.113725497676,0.145098039216,1],"ix":4},"o":{"a":0,"k":100,"ix":5},"r":1,"bm":0,"nm":"Fill 1","mn":"ADBE Vector Graphic - Fill","hd":false},{"ty":"tr","p":{"a":0,"k":[318.693,219.618],"ix":2},"a":{"a":0,"k":[0,0],"ix":1},"s":{"a":0,"k":[100,100],"ix":3},"r":{"a":0,"k":0,"ix":6},"o":{"a":0,"k":100,"ix":7},"sk":{"a":0,"k":0,"ix":4},"sa":{"a":0,"k":0,"ix":5},"nm":"Transform"}],"nm":"Group 2","np":2,"cix":2,"bm":0,"ix":2,"mn":"ADBE Vector Group","hd":false},{"ty":"gr","it":[{"ind":0,"ty":"sh","ix":1,"ks":{"a":0,"k":{"i":[[2.263,0.278],[0,0],[-0.278,2.263],[0,0],[-2.262,-0.279],[0,0],[0.279,-2.262],[0,0]],"o":[[0,0],[-2.262,-0.279],[0,0],[0.279,-2.262],[0,0],[2.263,0.278],[0,0],[-0.279,2.262]],"v":[[-0.249,44.832],[-10.635,43.553],[-14.242,38.934],[-4.372,-41.226],[0.248,-44.832],[10.634,-43.553],[14.241,-38.934],[4.371,41.225]],"c":true},"ix":2},"nm":"Path 1","mn":"ADBE Vector Shape - Group","hd":false},{"ty":"fl","c":{"a":0,"k":[1,0.113725497676,0.145098039216,1],"ix":4},"o":{"a":0,"k":100,"ix":5},"r":1,"bm":0,"nm":"Fill 1","mn":"ADBE Vector Graphic - Fill","hd":false},{"ty":"tr","p":{"a":0,"k":[303.263,217.785],"ix":2},"a":{"a":0,"k":[0,0],"ix":1},"s":{"a":0,"k":[100,100],"ix":3},"r":{"a":0,"k":0,"ix":6},"o":{"a":0,"k":100,"ix":7},"sk":{"a":0,"k":0,"ix":4},"sa":{"a":0,"k":0,"ix":5},"nm":"Transform"}],"nm":"Group 3","np":2,"cix":2,"bm":0,"ix":3,"mn":"ADBE Vector Group","hd":false},{"ty":"gr","it":[{"ind":0,"ty":"sh","ix":1,"ks":{"a":0,"k":{"i":[[0,0],[0,2.681],[-79.26,0],[-1.141,-118.38],[0,0],[0,0],[80.698,0],[0,-121.028],[-0.252,-3.806]],"o":[[-0.126,-2.656],[0,-118.876],[78.46,0],[0,0],[0,0],[0.134,-123.51],[-80.698,0],[0,3.873],[0,0]],"v":[[-144.728,85.154],[-144.914,77.152],[-1.401,-79.113],[142.082,73.519],[146.047,74.057],[146.047,73.784],[-0.067,-85.311],[-146.181,73.784],[-145.803,85.311]],"c":true},"ix":2},"nm":"Path 1","mn":"ADBE Vector Shape - Group","hd":false},{"ty":"fl","c":{"a":0,"k":[1,0.113725497676,0.145098039216,1],"ix":4},"o":{"a":0,"k":100,"ix":5},"r":1,"bm":0,"nm":"Fill 1","mn":"ADBE Vector Graphic - Fill","hd":false},{"ty":"tr","p":{"a":0,"k":[171.335,111.652],"ix":2},"a":{"a":0,"k":[0,0],"ix":1},"s":{"a":0,"k":[100,100],"ix":3},"r":{"a":0,"k":0,"ix":6},"o":{"a":0,"k":100,"ix":7},"sk":{"a":0,"k":0,"ix":4},"sa":{"a":0,"k":0,"ix":5},"nm":"Transform"}],"nm":"Group 4","np":2,"cix":2,"bm":0,"ix":4,"mn":"ADBE Vector Group","hd":false},{"ty":"gr","it":[{"ind":0,"ty":"sh","ix":1,"ks":{"a":0,"k":{"i":[[-7.895,1.935],[11.235,0],[5.149,7.203],[-9.403,0]],"o":[[-5.149,7.198],[-11.239,0],[7.9,1.935],[9.399,0]],"v":[[26.185,-6.028],[0.008,6.033],[-26.184,-6.033],[0.008,-3.011]],"c":true},"ix":2},"nm":"Path 1","mn":"ADBE Vector Shape - Group","hd":false},{"ty":"fl","c":{"a":0,"k":[0.325490196078,0.278431372549,0.254901960784,1],"ix":4},"o":{"a":0,"k":100,"ix":5},"r":1,"bm":0,"nm":"Fill 1","mn":"ADBE Vector Graphic - Fill","hd":false},{"ty":"tr","p":{"a":0,"k":[150.863,312.91],"ix":2},"a":{"a":0,"k":[0,0],"ix":1},"s":{"a":0,"k":[100,100],"ix":3},"r":{"a":0,"k":0,"ix":6},"o":{"a":0,"k":100,"ix":7},"sk":{"a":0,"k":0,"ix":4},"sa":{"a":0,"k":0,"ix":5},"nm":"Transform"}],"nm":"Group 5","np":2,"cix":2,"bm":0,"ix":5,"mn":"ADBE Vector Group","hd":false},{"ty":"gr","it":[{"ind":0,"ty":"sh","ix":1,"ks":{"a":0,"k":{"i":[[-5.421,0],[0,0],[-3.032,5.216],[0,0],[0,0],[0,0]],"o":[[0,0],[-6.033,0],[0,0],[0,0],[0,0],[-1.835,5.094]],"v":[[6.663,19.644],[0.203,19.644],[-6.563,7.889],[9.442,-19.644],[9.595,-19.385],[-0.699,9.171]],"c":true},"ix":2},"nm":"Path 1","mn":"ADBE Vector Shape - Group","hd":false},{"ty":"fl","c":{"a":0,"k":[0.325490196078,0.278431372549,0.254901960784,1],"ix":4},"o":{"a":0,"k":100,"ix":5},"r":1,"bm":0,"nm":"Fill 1","mn":"ADBE Vector Graphic - Fill","hd":false},{"ty":"tr","p":{"a":0,"k":[140.902,253.65],"ix":2},"a":{"a":0,"k":[0,0],"ix":1},"s":{"a":0,"k":[100,100],"ix":3},"r":{"a":0,"k":0,"ix":6},"o":{"a":0,"k":100,"ix":7},"sk":{"a":0,"k":0,"ix":4},"sa":{"a":0,"k":0,"ix":5},"nm":"Transform"}],"nm":"Group 6","np":2,"cix":2,"bm":0,"ix":6,"mn":"ADBE Vector Group","hd":false},{"ty":"gr","it":[{"ind":0,"ty":"sh","ix":1,"ks":{"a":0,"k":{"i":[[-4.091,-10.44],[9.953,0],[7.078,-5.93],[-11.89,0]],"o":[[-7.077,-5.93],[-9.953,0],[4.091,-10.44],[11.89,0]],"v":[[26.144,8.916],[0.001,-0.586],[-26.143,8.916],[0.001,-8.916]],"c":true},"ix":2},"nm":"Path 1","mn":"ADBE Vector Shape - Group","hd":false},{"ty":"fl","c":{"a":0,"k":[0.325490196078,0.278431372549,0.254901960784,1],"ix":4},"o":{"a":0,"k":100,"ix":5},"r":1,"bm":0,"nm":"Fill 1","mn":"ADBE Vector Graphic - Fill","hd":false},{"ty":"tr","p":{"a":0,"k":[199.648,209.11],"ix":2},"a":{"a":0,"k":[0,0],"ix":1},"s":{"a":0,"k":[100,100],"ix":3},"r":{"a":0,"k":0,"ix":6},"o":{"a":0,"k":100,"ix":7},"sk":{"a":0,"k":0,"ix":4},"sa":{"a":0,"k":0,"ix":5},"nm":"Transform"}],"nm":"Group 7","np":2,"cix":2,"bm":0,"ix":7,"mn":"ADBE Vector Group","hd":false},{"ty":"gr","it":[{"ind":0,"ty":"sh","ix":1,"ks":{"a":0,"k":{"i":[[-4.091,-10.44],[9.953,0],[7.078,-5.93],[-11.89,0]],"o":[[-7.077,-5.93],[-9.952,0],[4.091,-10.44],[11.891,0]],"v":[[26.144,8.916],[-0.001,-0.586],[-26.144,8.916],[-0.001,-8.916]],"c":true},"ix":2},"nm":"Path 1","mn":"ADBE Vector Shape - Group","hd":false},{"ty":"fl","c":{"a":0,"k":[0.325490196078,0.278431372549,0.254901960784,1],"ix":4},"o":{"a":0,"k":100,"ix":5},"r":1,"bm":0,"nm":"Fill 1","mn":"ADBE Vector Graphic - Fill","hd":false},{"ty":"tr","p":{"a":0,"k":[94.051,209.11],"ix":2},"a":{"a":0,"k":[0,0],"ix":1},"s":{"a":0,"k":[100,100],"ix":3},"r":{"a":0,"k":0,"ix":6},"o":{"a":0,"k":100,"ix":7},"sk":{"a":0,"k":0,"ix":4},"sa":{"a":0,"k":0,"ix":5},"nm":"Transform"}],"nm":"Group 8","np":2,"cix":2,"bm":0,"ix":8,"mn":"ADBE Vector Group","hd":false},{"ty":"gr","it":[{"ind":0,"ty":"sh","ix":1,"ks":{"a":0,"k":{"i":[[1.035,-8.771],[0.179,-1.266],[0.142,-0.909],[0.015,-0.112],[0.134,-0.79],[0.067,-0.373],[0.156,-0.804],[0.097,-0.47],[0.112,-0.544],[0.171,-0.79],[0.32,-1.319],[0.349,-1.326],[0.239,-0.865],[0.275,-0.947],[0.268,-0.871],[0.238,-0.73],[0.26,-0.797],[0.275,-0.79],[0.223,-0.619],[0.276,-0.745],[0.194,-0.499],[0.357,-0.916],[0.372,-0.902],[0.156,-0.365],[0.327,-0.745],[0.327,-0.745],[0.521,-1.11],[0.536,-1.095],[0.551,-1.08],[0.469,-0.894],[0.015,-0.023],[0.312,-0.575],[0.305,-0.552],[0.097,-0.164],[0.566,-0.976],[1.266,-2.034],[0.648,-1.006],[1.347,-1.945],[1.399,-1.878],[2.218,-2.66],[0,0],[30.258,-1.58],[0,25.307],[0,0],[-74.375,-1.744],[-0.008,-0.642],[0,-0.275]],"o":[[-0.149,1.274],[-0.127,0.917],[-0.015,0.112],[-0.127,0.797],[-0.06,0.38],[-0.141,0.805],[-0.082,0.47],[-0.104,0.544],[-0.156,0.79],[-0.29,1.334],[-0.32,1.334],[-0.231,0.873],[-0.26,0.953],[-0.253,0.872],[-0.223,0.738],[-0.253,0.805],[-0.268,0.797],[-0.209,0.619],[-0.268,0.752],[-0.178,0.5],[-0.35,0.924],[-0.365,0.917],[-0.149,0.365],[-0.313,0.753],[-0.32,0.745],[-0.499,1.125],[-0.521,1.118],[-0.536,1.103],[-0.461,0.902],[-0.008,0.022],[-0.305,0.581],[-0.298,0.551],[-0.09,0.164],[-0.551,0.991],[-1.213,2.095],[-0.64,1.014],[-1.295,2.005],[-1.355,1.938],[-2.114,2.818],[0,0],[-26.081,31.329],[-18.623,-14.502],[0,0],[49.253,27.253],[0.014,0.633],[0.007,0.268],[0.096,8.049]],"v":[[82.466,-49.74],[81.974,-45.932],[81.573,-43.189],[81.521,-42.846],[81.134,-40.462],[80.94,-39.329],[80.5,-36.915],[80.233,-35.506],[79.905,-33.874],[79.406,-31.497],[78.499,-27.517],[77.501,-23.531],[76.801,-20.929],[75.997,-18.075],[75.216,-15.46],[74.523,-13.261],[73.75,-10.869],[72.939,-8.492],[72.29,-6.636],[71.471,-4.386],[70.914,-2.895],[69.849,-0.138],[68.747,2.59],[68.293,3.685],[67.333,5.936],[66.358,8.172],[64.824,11.525],[63.24,14.841],[61.602,18.12],[60.203,20.802],[60.165,20.878],[59.242,22.607],[58.335,24.26],[58.059,24.76],[56.384,27.717],[52.669,33.911],[50.741,36.937],[46.767,42.854],[42.629,48.577],[36.138,56.789],[36.146,56.798],[-53.294,110.007],[-83.946,47.572],[-83.946,-110.006],[83.798,-77.693],[83.836,-75.785],[83.85,-74.966]],"c":true},"ix":2},"nm":"Path 1","mn":"ADBE Vector Shape - Group","hd":false},{"ty":"fl","c":{"a":0,"k":[1,0.776470648074,0.61568627451,1],"ix":4},"o":{"a":0,"k":100,"ix":5},"r":1,"bm":0,"nm":"Fill 1","mn":"ADBE Vector Graphic - Fill","hd":false},{"ty":"tr","p":{"a":0,"k":[225.842,255.334],"ix":2},"a":{"a":0,"k":[0,0],"ix":1},"s":{"a":0,"k":[100,100],"ix":3},"r":{"a":0,"k":0,"ix":6},"o":{"a":0,"k":100,"ix":7},"sk":{"a":0,"k":0,"ix":4},"sa":{"a":0,"k":0,"ix":5},"nm":"Transform"}],"nm":"Group 9","np":2,"cix":2,"bm":0,"ix":9,"mn":"ADBE Vector Group","hd":false},{"ty":"gr","it":[{"ind":0,"ty":"sh","ix":1,"ks":{"a":0,"k":{"i":[[1.814,-10.279],[63.773,45.664],[0,0],[30.571,-14.148],[0,0],[-28.437,27.688],[-19.124,6.172],[-18.1,0],[-11.483,-77.302]],"o":[[-89.958,-2.11],[0,0],[-12.951,26.383],[0,0],[-2.993,-55.378],[15.716,-13.47],[16.951,-5.464],[68.041,0],[1.533,10.325]],"v":[[143.418,60.99],[-56.252,8.858],[-65.55,1.67],[-140.204,77.454],[-142.449,63.984],[-102.039,-42.282],[-51.151,-69.222],[4.226,-77.454],[143.909,29.874]],"c":true},"ix":2},"nm":"Path 1","mn":"ADBE Vector Shape - Group","hd":false},{"ty":"fl","c":{"a":0,"k":[0.450980422076,0.388235324037,0.341176470588,1],"ix":4},"o":{"a":0,"k":100,"ix":5},"r":1,"bm":0,"nm":"Fill 1","mn":"ADBE Vector Graphic - Fill","hd":false},{"ty":"tr","p":{"a":0,"k":[167.229,116.142],"ix":2},"a":{"a":0,"k":[0,0],"ix":1},"s":{"a":0,"k":[100,100],"ix":3},"r":{"a":0,"k":0,"ix":6},"o":{"a":0,"k":100,"ix":7},"sk":{"a":0,"k":0,"ix":4},"sa":{"a":0,"k":0,"ix":5},"nm":"Transform"}],"nm":"Group 10","np":2,"cix":2,"bm":0,"ix":10,"mn":"ADBE Vector Group","hd":false},{"ty":"gr","it":[{"ind":0,"ty":"sh","ix":1,"ks":{"a":0,"k":{"i":[[12.722,-107.387],[58.745,0],[10.958,87.973],[-77.494,0]],"o":[[-10.43,88.037],[-52.758,0],[-13.471,-108.135],[77.493,0]],"v":[[140.689,0],[0.375,160.52],[-139.939,0],[0.375,-160.52]],"c":true},"ix":2},"nm":"Path 1","mn":"ADBE Vector Shape - Group","hd":false},{"ty":"fl","c":{"a":0,"k":[0.984313785329,0.819607902976,0.686274509804,1],"ix":4},"o":{"a":0,"k":100,"ix":5},"r":1,"bm":0,"nm":"Fill 1","mn":"ADBE Vector Graphic - Fill","hd":false},{"ty":"tr","p":{"a":0,"k":[168.462,205.195],"ix":2},"a":{"a":0,"k":[0,0],"ix":1},"s":{"a":0,"k":[100,100],"ix":3},"r":{"a":0,"k":0,"ix":6},"o":{"a":0,"k":100,"ix":7},"sk":{"a":0,"k":0,"ix":4},"sa":{"a":0,"k":0,"ix":5},"nm":"Transform"}],"nm":"Group 11","np":2,"cix":2,"bm":0,"ix":11,"mn":"ADBE Vector Group","hd":false},{"ty":"gr","it":[{"ind":0,"ty":"sh","ix":1,"ks":{"a":0,"k":{"i":[[-6.594,0.812],[0,0],[0.268,2.166],[0,0],[2.167,-0.267],[0,0],[-0.812,-6.594],[0,0]],"o":[[0,0],[2.167,-0.267],[0,0],[-0.267,-2.167],[0,0],[-6.594,0.812],[0,0],[0.812,6.594]],"v":[[-1.932,36.061],[18.177,33.585],[21.632,29.161],[13.96,-33.152],[9.535,-36.607],[-10.576,-34.131],[-21.088,-20.665],[-15.398,25.549]],"c":true},"ix":2},"nm":"Path 1","mn":"ADBE Vector Shape - Group","hd":false},{"ty":"fl","c":{"a":0,"k":[1,0.113725497676,0.145098039216,1],"ix":4},"o":{"a":0,"k":100,"ix":5},"r":1,"bm":0,"nm":"Fill 1","mn":"ADBE Vector Graphic - Fill","hd":false},{"ty":"tr","p":{"a":0,"k":[29.094,217.373],"ix":2},"a":{"a":0,"k":[0,0],"ix":1},"s":{"a":0,"k":[100,100],"ix":3},"r":{"a":0,"k":0,"ix":6},"o":{"a":0,"k":100,"ix":7},"sk":{"a":0,"k":0,"ix":4},"sa":{"a":0,"k":0,"ix":5},"nm":"Transform"}],"nm":"Group 12","np":2,"cix":2,"bm":0,"ix":12,"mn":"ADBE Vector Group","hd":false},{"ty":"gr","it":[{"ind":0,"ty":"sh","ix":1,"ks":{"a":0,"k":{"i":[[-2.262,0.278],[0,0],[0.279,2.262],[0,0],[2.263,-0.279],[0,0],[-0.279,-2.262],[0,0]],"o":[[0,0],[2.263,-0.279],[0,0],[-0.279,-2.262],[0,0],[-2.263,0.278],[0,0],[0.279,2.262]],"v":[[0.249,44.832],[10.635,43.553],[14.242,38.934],[4.372,-41.226],[-0.249,-44.832],[-10.635,-43.553],[-14.242,-38.934],[-4.372,41.225]],"c":true},"ix":2},"nm":"Path 1","mn":"ADBE Vector Shape - Group","hd":false},{"ty":"fl","c":{"a":0,"k":[1,0.113725497676,0.145098039216,1],"ix":4},"o":{"a":0,"k":100,"ix":5},"r":1,"bm":0,"nm":"Fill 1","mn":"ADBE Vector Graphic - Fill","hd":false},{"ty":"tr","p":{"a":0,"k":[44.524,215.54],"ix":2},"a":{"a":0,"k":[0,0],"ix":1},"s":{"a":0,"k":[100,100],"ix":3},"r":{"a":0,"k":0,"ix":6},"o":{"a":0,"k":100,"ix":7},"sk":{"a":0,"k":0,"ix":4},"sa":{"a":0,"k":0,"ix":5},"nm":"Transform"}],"nm":"Group 13","np":2,"cix":2,"bm":0,"ix":13,"mn":"ADBE Vector Group","hd":false},{"ty":"gr","it":[{"ind":0,"ty":"sh","ix":1,"ks":{"a":0,"k":{"i":[[0,0],[-26.813,0],[-18.379,-18.38],[0,-27.884],[0,0],[-40.875,-16.927],[17.018,0],[19.599,9.572],[10.889,10.709]],"o":[[18.185,-17.152],[27.883,0],[18.38,18.378],[0,0],[0,49.099],[-15.139,5.171],[-23.55,0],[-14.084,-6.869],[0,0]],"v":[[-120.341,-143.667],[-50.865,-171.37],[20.751,-141.585],[50.535,-69.969],[50.535,55.378],[120.341,163.379],[71.863,171.37],[6.488,156.404],[-31.214,129.801]],"c":true},"ix":2},"nm":"Path 1","mn":"ADBE Vector Shape - Group","hd":false},{"ty":"st","c":{"a":0,"k":[0.325490196078,0.278431372549,0.254901960784,1],"ix":3},"o":{"a":0,"k":100,"ix":4},"w":{"a":0,"k":1,"ix":5},"lc":1,"lj":1,"ml":10,"bm":0,"nm":"Stroke 1","mn":"ADBE Vector Graphic - Stroke","hd":false},{"ty":"fl","c":{"a":0,"k":[0.325490196078,0.278431372549,0.254901960784,1],"ix":4},"o":{"a":0,"k":100,"ix":5},"r":1,"bm":0,"nm":"Fill 1","mn":"ADBE Vector Graphic - Fill","hd":false},{"ty":"tr","p":{"a":0,"k":[240.959,89.856],"ix":2},"a":{"a":0,"k":[-44.006,-100.514],"ix":1},"s":{"a":0,"k":[100,100],"ix":3},"r":{"a":1,"k":[{"i":{"x":[0.833],"y":[0.833]},"o":{"x":[0.167],"y":[0.167]},"t":3,"s":[0]},{"i":{"x":[0.833],"y":[0.833]},"o":{"x":[0.167],"y":[0.167]},"t":33,"s":[-1]},{"i":{"x":[0.833],"y":[0.833]},"o":{"x":[0.167],"y":[0.167]},"t":63,"s":[3]},{"i":{"x":[0.833],"y":[0.833]},"o":{"x":[0.167],"y":[0.167]},"t":90,"s":[-1]},{"t":120,"s":[0]}],"ix":6},"o":{"a":0,"k":100,"ix":7},"sk":{"a":0,"k":0,"ix":4},"sa":{"a":0,"k":0,"ix":5},"nm":"Transform"}],"nm":"Group 14","np":3,"cix":2,"bm":0,"ix":14,"mn":"ADBE Vector Group","hd":false}],"ip":0,"op":330,"st":0,"bm":0},{"ddd":0,"ind":6,"ty":4,"nm":"left hand ","sr":1,"ks":{"o":{"a":0,"k":100,"ix":11},"r":{"a":1,"k":[{"i":{"x":[0.833],"y":[0.833]},"o":{"x":[0.167],"y":[0.167]},"t":0,"s":[0]},{"i":{"x":[0.833],"y":[0.833]},"o":{"x":[0.167],"y":[0.167]},"t":60,"s":[18]},{"t":120,"s":[0]}],"ix":10},"p":{"a":0,"k":[325,329.853,0],"ix":2},"a":{"a":0,"k":[13.41,320.254,0],"ix":1},"s":{"a":0,"k":[33.44,33.44,100],"ix":6}},"ao":0,"shapes":[{"ty":"gr","it":[{"ind":0,"ty":"sh","ix":1,"ks":{"a":0,"k":{"i":[[1.093,-3.228],[0,0],[0.027,0.469],[0,0],[2.658,-0.963],[0.113,-3.395],[0,0],[0,0],[-3.482,-1.129],[0,0],[-1.724,1.723],[0,0],[-2.815,8.68],[0,0],[1.152,0.65],[1.191,-3.223],[0,0],[0,0],[2.277,0.816],[1.303,-3.439],[0,0],[0,0],[2.444,0.805],[1.389,-3.631],[0,0],[0,0],[2.1,0.681]],"o":[[0,0],[-0.164,0.481],[0,0],[0.036,-3.6],[-2.488,0.902],[0,0],[0,0],[0.323,5.112],[0,0],[1.721,0.558],[0,0],[5.728,-5.728],[0,0],[1.04,-3.206],[-2.107,-0.844],[0,0],[0,0],[1.042,-3.516],[-2.286,-0.819],[0,0],[0,0],[1.032,-3.76],[-2.412,-0.538],[0,0],[0,0],[0.94,-3.214],[-2.137,-0.693]],"v":[[2.344,-44.253],[-15.994,6.638],[-16.66,6.681],[-17.394,-6.065],[-22.184,-10.883],[-24.385,-3.205],[-25.34,22.569],[-25.34,34.024],[-19.434,42.769],[-1.546,48.571],[3.916,46.724],[7.269,43.371],[20.448,21.146],[24.3,7.296],[23.148,-0.036],[17.205,4.25],[15.086,9.505],[17.617,-0.341],[15.787,-7.8],[9.386,-3.127],[6.521,4.177],[9.17,-5.069],[6.665,-13.168],[0.435,-7.978],[-2.943,-0.646],[8.072,-42.343],[6.936,-48.436]],"c":true},"ix":2},"nm":"Path 1","mn":"ADBE Vector Shape - Group","hd":false},{"ty":"fl","c":{"a":0,"k":[1,0.701960784314,0.560784313725,1],"ix":4},"o":{"a":0,"k":100,"ix":5},"r":1,"bm":0,"nm":"Fill 1","mn":"ADBE Vector Graphic - Fill","hd":false},{"ty":"tr","p":{"a":0,"k":[96.34,52.922],"ix":2},"a":{"a":0,"k":[0,0],"ix":1},"s":{"a":0,"k":[100,100],"ix":3},"r":{"a":0,"k":0,"ix":6},"o":{"a":0,"k":100,"ix":7},"sk":{"a":0,"k":0,"ix":4},"sa":{"a":0,"k":0,"ix":5},"nm":"Transform"}],"nm":"Group 1","np":2,"cix":2,"bm":0,"ix":1,"mn":"ADBE Vector Group","hd":false},{"ty":"gr","it":[{"ind":0,"ty":"sh","ix":1,"ks":{"a":0,"k":{"i":[[0,0],[-7.972,1.744],[-6.533,27.156],[0,0],[-0.067,0.669],[5.65,2.348],[2.644,-6.635],[0.114,-0.353],[0,0]],"o":[[-0.901,8.111],[12.021,-2.632],[0,0],[0.153,-0.668],[0.897,-7.445],[-5.518,-2.292],[-0.125,0.324],[0,0],[0,0]],"v":[[-45.064,108.214],[-30.688,121.275],[0.326,83.032],[44.733,-101.559],[45.068,-103.574],[36.935,-120.727],[22.845,-113.1],[22.482,-112.079],[-41.647,77.461]],"c":true},"ix":2},"nm":"Path 1","mn":"ADBE Vector Shape - Group","hd":false},{"ty":"fl","c":{"a":0,"k":[1,0.701960784314,0.560784313725,1],"ix":4},"o":{"a":0,"k":100,"ix":5},"r":1,"bm":0,"nm":"Fill 1","mn":"ADBE Vector Graphic - Fill","hd":false},{"ty":"tr","p":{"a":0,"k":[50.647,206.058],"ix":2},"a":{"a":0,"k":[0,0],"ix":1},"s":{"a":0,"k":[100,100],"ix":3},"r":{"a":0,"k":0,"ix":6},"o":{"a":0,"k":100,"ix":7},"sk":{"a":0,"k":0,"ix":4},"sa":{"a":0,"k":0,"ix":5},"nm":"Transform"}],"nm":"Group 2","np":2,"cix":2,"bm":0,"ix":2,"mn":"ADBE Vector Group","hd":false}],"ip":0,"op":330,"st":0,"bm":0},{"ddd":0,"ind":7,"ty":4,"nm":"right hand ","sr":1,"ks":{"o":{"a":0,"k":100,"ix":11},"r":{"a":1,"k":[{"i":{"x":[0.833],"y":[0.833]},"o":{"x":[0.167],"y":[0.167]},"t":0,"s":[-7]},{"i":{"x":[0.833],"y":[0.833]},"o":{"x":[0.167],"y":[0.167]},"t":60,"s":[15]},{"t":120,"s":[-7]}],"ix":10},"p":{"a":0,"k":[172.25,327.147,0],"ix":2},"a":{"a":0,"k":[106,318,0],"ix":1},"s":{"a":0,"k":[33.333,33.333,100],"ix":6}},"ao":0,"shapes":[{"ty":"gr","it":[{"ind":0,"ty":"sh","ix":1,"ks":{"a":0,"k":{"i":[[-1.093,-3.228],[0,0],[-0.027,0.469],[0,0],[-2.658,-0.963],[-0.113,-3.395],[0,0],[0,0],[3.482,-1.129],[0,0],[1.724,1.723],[0,0],[2.815,8.68],[0,0],[-1.152,0.649],[-1.191,-3.223],[0,0],[0,0],[-2.277,0.816],[-1.303,-3.439],[0,0],[0,0],[-2.444,0.805],[-1.389,-3.631],[0,0],[0,0],[-2.1,0.681]],"o":[[0,0],[0.164,0.482],[0,0],[-0.036,-3.6],[2.488,0.901],[0,0],[0,0],[-0.323,5.112],[0,0],[-1.721,0.558],[0,0],[-5.728,-5.728],[0,0],[-1.04,-3.205],[2.107,-0.844],[0,0],[0,0],[-1.042,-3.516],[2.286,-0.819],[0,0],[0,0],[-1.032,-3.76],[2.412,-0.538],[0,0],[0,0],[-0.94,-3.213],[2.137,-0.693]],"v":[[-2.344,-44.253],[15.994,6.637],[16.66,6.681],[17.394,-6.065],[22.184,-10.883],[24.385,-3.205],[25.34,22.569],[25.34,34.024],[19.434,42.768],[1.546,48.571],[-3.916,46.724],[-7.269,43.371],[-20.448,21.146],[-24.3,7.295],[-23.148,-0.036],[-17.205,4.25],[-15.086,9.504],[-17.617,-0.341],[-15.787,-7.8],[-9.386,-3.127],[-6.521,4.177],[-9.17,-5.069],[-6.665,-13.168],[-0.435,-7.978],[2.943,-0.646],[-8.072,-42.344],[-6.936,-48.436]],"c":true},"ix":2},"nm":"Path 1","mn":"ADBE Vector Shape - Group","hd":false},{"ty":"fl","c":{"a":0,"k":[1,0.701960784314,0.560784313725,1],"ix":4},"o":{"a":0,"k":100,"ix":5},"r":1,"bm":0,"nm":"Fill 1","mn":"ADBE Vector Graphic - Fill","hd":false},{"ty":"tr","p":{"a":0,"k":[28.66,54.462],"ix":2},"a":{"a":0,"k":[0,0],"ix":1},"s":{"a":0,"k":[100,100],"ix":3},"r":{"a":0,"k":0,"ix":6},"o":{"a":0,"k":100,"ix":7},"sk":{"a":0,"k":0,"ix":4},"sa":{"a":0,"k":0,"ix":5},"nm":"Transform"}],"nm":"Group 1","np":2,"cix":2,"bm":0,"ix":1,"mn":"ADBE Vector Group","hd":false},{"ty":"gr","it":[{"ind":0,"ty":"sh","ix":1,"ks":{"a":0,"k":{"i":[[0,0],[7.972,1.745],[6.533,27.156],[0,0],[0.067,0.668],[-5.65,2.349],[-2.644,-6.635],[-0.114,-0.353],[0,0]],"o":[[0.901,8.111],[-12.021,-2.631],[0,0],[-0.153,-0.668],[-0.897,-7.445],[5.518,-2.291],[0.125,0.324],[0,0],[0,0]],"v":[[45.723,111.523],[31.347,124.583],[0.333,86.34],[-44.074,-98.25],[-44.409,-100.265],[-36.276,-117.419],[-22.186,-109.791],[-21.823,-108.77],[42.306,80.769]],"c":true},"ix":2},"nm":"Path 1","mn":"ADBE Vector Shape - Group","hd":false},{"ty":"fl","c":{"a":0,"k":[1,0.701960784314,0.560784313725,1],"ix":4},"o":{"a":0,"k":100,"ix":5},"r":1,"bm":0,"nm":"Fill 1","mn":"ADBE Vector Graphic - Fill","hd":false},{"ty":"tr","p":{"a":0,"k":[73.694,204.29],"ix":2},"a":{"a":0,"k":[0,0],"ix":1},"s":{"a":0,"k":[100,100],"ix":3},"r":{"a":0,"k":0,"ix":6},"o":{"a":0,"k":100,"ix":7},"sk":{"a":0,"k":0,"ix":4},"sa":{"a":0,"k":0,"ix":5},"nm":"Transform"}],"nm":"Group 2","np":4,"cix":2,"bm":0,"ix":2,"mn":"ADBE Vector Group","hd":false}],"ip":0,"op":330,"st":0,"bm":0},{"ddd":0,"ind":8,"ty":4,"nm":"body","sr":1,"ks":{"o":{"a":0,"k":100,"ix":11},"r":{"a":0,"k":0,"ix":10},"p":{"a":0,"k":[250,250,0],"ix":2},"a":{"a":0,"k":[347.5,407,0],"ix":1},"s":{"a":0,"k":[32.374,32.374,100],"ix":6}},"ao":0,"shapes":[{"ty":"gr","it":[{"ind":0,"ty":"sh","ix":1,"ks":{"a":0,"k":{"i":[[0,0],[0,0]],"o":[[0,0],[0,0]],"v":[[0.005,0.01],[-0.005,-0.01]],"c":false},"ix":2},"nm":"Path 1","mn":"ADBE Vector Shape - Group","hd":false},{"ty":"st","c":{"a":0,"k":[0,0,0,1],"ix":3},"o":{"a":0,"k":100,"ix":4},"w":{"a":0,"k":1,"ix":5},"lc":1,"lj":1,"ml":10,"bm":0,"nm":"Stroke 1","mn":"ADBE Vector Graphic - Stroke","hd":false},{"ty":"tr","p":{"a":0,"k":[488.711,448.176],"ix":2},"a":{"a":0,"k":[0,0],"ix":1},"s":{"a":0,"k":[100,100],"ix":3},"r":{"a":0,"k":0,"ix":6},"o":{"a":0,"k":100,"ix":7},"sk":{"a":0,"k":0,"ix":4},"sa":{"a":0,"k":0,"ix":5},"nm":"Transform"}],"nm":"Group 1","np":2,"cix":2,"bm":0,"ix":1,"mn":"ADBE Vector Group","hd":false},{"ty":"gr","it":[{"ind":0,"ty":"sh","ix":1,"ks":{"a":0,"k":{"i":[[0,0],[0,0]],"o":[[0,0],[0,0]],"v":[[0.014,-0.024],[-0.014,0.024]],"c":false},"ix":2},"nm":"Path 1","mn":"ADBE Vector Shape - Group","hd":false},{"ty":"st","c":{"a":0,"k":[0,0,0,1],"ix":3},"o":{"a":0,"k":100,"ix":4},"w":{"a":0,"k":1,"ix":5},"lc":1,"lj":1,"ml":10,"bm":0,"nm":"Stroke 1","mn":"ADBE Vector Graphic - Stroke","hd":false},{"ty":"tr","p":{"a":0,"k":[196.861,444.783],"ix":2},"a":{"a":0,"k":[0,0],"ix":1},"s":{"a":0,"k":[100,100],"ix":3},"r":{"a":0,"k":0,"ix":6},"o":{"a":0,"k":100,"ix":7},"sk":{"a":0,"k":0,"ix":4},"sa":{"a":0,"k":0,"ix":5},"nm":"Transform"}],"nm":"Group 2","np":2,"cix":2,"bm":0,"ix":2,"mn":"ADBE Vector Group","hd":false},{"ty":"gr","it":[{"ind":0,"ty":"sh","ix":1,"ks":{"a":0,"k":{"i":[[-14.51,7.566],[0,0],[13.732,0],[15.902,9.392],[0,0],[-13.859,0]],"o":[[0,0],[-14.151,7.192],[-14.196,0],[0,0],[15.528,8.988],[14.092,0]],"v":[[44.152,-11.304],[44.152,2.413],[1.863,13.563],[-44.152,-1.082],[-44.152,-13.564],[0.748,0.43]],"c":true},"ix":2},"nm":"Path 1","mn":"ADBE Vector Shape - Group","hd":false},{"ty":"fl","c":{"a":0,"k":[0.6,0.525490196078,0.458823559331,1],"ix":4},"o":{"a":0,"k":100,"ix":5},"r":1,"bm":0,"nm":"Fill 1","mn":"ADBE Vector Graphic - Fill","hd":false},{"ty":"tr","p":{"a":0,"k":[342.088,370.703],"ix":2},"a":{"a":0,"k":[0,0],"ix":1},"s":{"a":0,"k":[100,100],"ix":3},"r":{"a":0,"k":0,"ix":6},"o":{"a":0,"k":100,"ix":7},"sk":{"a":0,"k":0,"ix":4},"sa":{"a":0,"k":0,"ix":5},"nm":"Transform"}],"nm":"Group 3","np":2,"cix":2,"bm":0,"ix":3,"mn":"ADBE Vector Group","hd":false},{"ty":"gr","it":[{"ind":0,"ty":"sh","ix":1,"ks":{"a":0,"k":{"i":[[24.284,0],[0,0],[0,24.283],[0,0],[0,0],[0,0]],"o":[[0,0],[-24.284,0],[0,0],[0,0],[0,0],[0,24.283]],"v":[[0,57.683],[0,57.683],[-44.152,13.531],[-44.152,-57.683],[44.152,-57.683],[44.152,13.531]],"c":true},"ix":2},"nm":"Path 1","mn":"ADBE Vector Shape - Group","hd":false},{"ty":"fl","c":{"a":0,"k":[1,0.701960784314,0.560784313725,1],"ix":4},"o":{"a":0,"k":100,"ix":5},"r":1,"bm":0,"nm":"Fill 1","mn":"ADBE Vector Graphic - Fill","hd":false},{"ty":"tr","p":{"a":0,"k":[342.088,399.688],"ix":2},"a":{"a":0,"k":[0,0],"ix":1},"s":{"a":0,"k":[100,100],"ix":3},"r":{"a":0,"k":0,"ix":6},"o":{"a":0,"k":100,"ix":7},"sk":{"a":0,"k":0,"ix":4},"sa":{"a":0,"k":0,"ix":5},"nm":"Transform"}],"nm":"Group 4","np":2,"cix":2,"bm":0,"ix":4,"mn":"ADBE Vector Group","hd":false},{"ty":"gr","it":[{"ind":0,"ty":"sh","ix":1,"ks":{"a":0,"k":{"i":[[1.248,1.503],[0,0],[1.006,-11.076],[0,0],[0,0],[-7.907,-1.521],[0,0]],"o":[[0,0],[-8.714,-6.911],[0,0],[0,0],[1.05,-7.982],[0,0],[1.668,1.018]],"v":[[17.559,-49.582],[13.476,-54.501],[-9.149,-44.807],[-18.806,61.412],[-5.742,-37.872],[10.77,-49.784],[15.327,-47.001]],"c":true},"ix":2},"nm":"Path 1","mn":"ADBE Vector Shape - Group","hd":false},{"ty":"fl","c":{"a":0,"k":[0.84313731474,0.113725497676,0.145098039216,1],"ix":4},"o":{"a":0,"k":100,"ix":5},"r":1,"bm":0,"nm":"Fill 1","mn":"ADBE Vector Graphic - Fill","hd":false},{"ty":"tr","p":{"a":0,"k":[479.027,600.587],"ix":2},"a":{"a":0,"k":[0,0],"ix":1},"s":{"a":0,"k":[100,100],"ix":3},"r":{"a":0,"k":0,"ix":6},"o":{"a":0,"k":100,"ix":7},"sk":{"a":0,"k":0,"ix":4},"sa":{"a":0,"k":0,"ix":5},"nm":"Transform"}],"nm":"Group 5","np":2,"cix":2,"bm":0,"ix":5,"mn":"ADBE Vector Group","hd":false},{"ty":"gr","it":[{"ind":0,"ty":"sh","ix":1,"ks":{"a":0,"k":{"i":[[-1.248,1.503],[0,0],[-1.007,-11.076],[0,0],[0,0],[7.907,-1.521],[0,0]],"o":[[0,0],[8.714,-6.911],[0,0],[0,0],[-1.051,-7.982],[0,0],[-1.667,1.018]],"v":[[-12.73,-8.582],[-8.648,-13.501],[13.979,-3.807],[12.634,20.412],[10.571,3.128],[-5.942,-8.784],[-10.499,-6.001]],"c":true},"ix":2},"nm":"Path 1","mn":"ADBE Vector Shape - Group","hd":false},{"ty":"fl","c":{"a":0,"k":[0.84313731474,0.113725497676,0.145098039216,1],"ix":4},"o":{"a":0,"k":100,"ix":5},"r":1,"bm":0,"nm":"Fill 1","mn":"ADBE Vector Graphic - Fill","hd":false},{"ty":"tr","p":{"a":0,"k":[199.365,563.587],"ix":2},"a":{"a":0,"k":[0,0],"ix":1},"s":{"a":0,"k":[100,100],"ix":3},"r":{"a":0,"k":0,"ix":6},"o":{"a":0,"k":100,"ix":7},"sk":{"a":0,"k":0,"ix":4},"sa":{"a":0,"k":0,"ix":5},"nm":"Transform"}],"nm":"Group 6","np":2,"cix":2,"bm":0,"ix":6,"mn":"ADBE Vector Group","hd":false},{"ty":"gr","it":[{"ind":0,"ty":"sh","ix":1,"ks":{"a":0,"k":{"i":[[2.095,-1.396],[0,0],[1.454,2.182],[0,0],[0.266,-2.315],[0,0],[2.417,0.007],[0,0],[0.249,2.415],[0,0],[1.409,-2.113],[0,0],[2.182,1.515],[0,0],[-1.306,2.145],[0,0],[-14.62,9.42],[-21.16,0],[0,0],[-11.11,-3.47],[-9.68,-6.71],[-8.51,-14.68],[0,0]],"o":[[0,0],[-2.181,1.454],[0,0],[-1.292,-1.938],[0,0],[-0.275,2.402],[0,0],[-2.428,-0.006],[0,0],[-0.26,-2.526],[0,0],[-1.473,2.21],[0,0],[-2.063,-1.431],[0,0],[8.74,-15.05],[17.79,-11.481],[0,0],[11.78,0],[11.11,3.49],[13.93,9.66],[0,0],[1.276,2.169]],"v":[[194.758,-71.224],[154.439,-44.345],[147.857,-45.662],[144.277,-51.032],[139.71,-49.93],[111.944,191.59],[107.215,195.795],[-109.5,195.13],[-114.207,190.871],[-138.737,-47.22],[-143.688,-48.446],[-146.827,-43.736],[-153.482,-42.469],[-194.837,-71.164],[-196.185,-77.531],[-157.559,-141.002],[-122.029,-178.222],[-62.37,-195.802],[60.53,-195.802],[95.06,-190.532],[126.44,-175.182],[160.53,-138.232],[196.215,-77.579]],"c":true},"ix":2},"nm":"Path 1","mn":"ADBE Vector Shape - Group","hd":false},{"ty":"fl","c":{"a":0,"k":[1,0.113725497676,0.145098039216,1],"ix":4},"o":{"a":0,"k":100,"ix":5},"r":1,"bm":0,"nm":"Fill 1","mn":"ADBE Vector Graphic - Fill","hd":false},{"ty":"tr","p":{"a":0,"k":[340.51,608.712],"ix":2},"a":{"a":0,"k":[0,0],"ix":1},"s":{"a":0,"k":[100,100],"ix":3},"r":{"a":0,"k":0,"ix":6},"o":{"a":0,"k":100,"ix":7},"sk":{"a":0,"k":0,"ix":4},"sa":{"a":0,"k":0,"ix":5},"nm":"Transform"}],"nm":"Group 7","np":2,"cix":2,"bm":0,"ix":7,"mn":"ADBE Vector Group","hd":false},{"ty":"gr","it":[{"ind":0,"ty":"sh","ix":1,"ks":{"a":0,"k":{"i":[[11.312,14.758],[0,0],[0,0],[5.833,0.018],[0,0],[0.585,5.822],[0,0],[0,0],[10.56,9.538],[0,0],[-2.67,4.602],[0,0],[-14.624,9.421],[-21.164,0],[0,0],[-11.112,-3.475],[-9.68,-6.711],[-8.515,-14.672],[0,0]],"o":[[0,0],[0,0],[-0.643,5.798],[0,0],[-5.851,-0.018],[0,0],[0,0],[-8.53,11.389],[0,0],[-3.948,-3.567],[0,0],[8.734,-15.045],[17.784,-11.475],[0,0],[11.78,0],[11.111,3.484],[13.937,9.661],[0,0],[-8.316,16.631]],"v":[[215.56,43.365],[137.781,-58.115],[110.75,185.618],[99.365,195.779],[-105.311,195.154],[-116.638,184.877],[-140.963,-57.158],[-213.064,39.095],[-248.626,42.543],[-253.182,38.427],[-255.375,24.416],[-159.396,-141.001],[-123.866,-178.221],[-64.203,-195.796],[58.692,-195.796],[93.22,-190.526],[124.598,-175.176],[158.696,-138.233],[258.045,39.309]],"c":true},"ix":2},"nm":"Path 1","mn":"ADBE Vector Shape - Group","hd":false},{"ty":"fl","c":{"a":0,"k":[1,0.701960784314,0.560784313725,1],"ix":4},"o":{"a":0,"k":100,"ix":5},"r":1,"bm":0,"nm":"Fill 1","mn":"ADBE Vector Graphic - Fill","hd":false},{"ty":"tr","p":{"a":0,"k":[342.955,608.69],"ix":2},"a":{"a":0,"k":[0,0],"ix":1},"s":{"a":0,"k":[100,100],"ix":3},"r":{"a":0,"k":0,"ix":6},"o":{"a":0,"k":100,"ix":7},"sk":{"a":0,"k":0,"ix":4},"sa":{"a":0,"k":0,"ix":5},"nm":"Transform"}],"nm":"Group 8","np":2,"cix":2,"bm":0,"ix":8,"mn":"ADBE Vector Group","hd":false}],"ip":0,"op":330,"st":0,"bm":0},{"ddd":0,"ind":9,"ty":4,"nm":"fiol_big_round Outlines","sr":1,"ks":{"o":{"a":0,"k":10,"ix":11},"r":{"a":0,"k":0.5,"ix":10},"p":{"a":0,"k":[252.847,236.902,0],"ix":2},"a":{"a":0,"k":[351.5,167.5,0],"ix":1},"s":{"a":0,"k":[53.082,89.12,100],"ix":6}},"ao":0,"shapes":[{"ty":"gr","it":[{"ind":0,"ty":"sh","ix":1,"ks":{"a":0,"k":{"i":[[0,0],[-15.379,98.435],[-84,20],[-9.117,-207.892],[0,0]],"o":[[0,0],[15.379,-98.434],[146.855,-34.965],[6.475,147.651],[0,0]],"v":[[-287.924,163.292],[-341.345,40.751],[-115.686,-143.726],[343.314,19.265],[239.005,159.274]],"c":true},"ix":2},"nm":"Path 1","mn":"ADBE Vector Shape - Group","hd":false},{"ty":"fl","c":{"a":0,"k":[1,0,1,1],"ix":4},"o":{"a":0,"k":100,"ix":5},"r":1,"bm":0,"nm":"Fill 1","mn":"ADBE Vector Graphic - Fill","hd":false},{"ty":"tr","p":{"a":0,"k":[353.985,167.726],"ix":2},"a":{"a":0,"k":[0,0],"ix":1},"s":{"a":0,"k":[100,100],"ix":3},"r":{"a":0,"k":0,"ix":6},"o":{"a":0,"k":100,"ix":7},"sk":{"a":0,"k":0,"ix":4},"sa":{"a":0,"k":0,"ix":5},"nm":"Transform"}],"nm":"Group 1","np":4,"cix":2,"bm":0,"ix":1,"mn":"ADBE Vector Group","hd":false}],"ip":0,"op":330,"st":0,"bm":0},{"ddd":0,"ind":10,"ty":4,"nm":"star Outlines 4","sr":1,"ks":{"o":{"a":1,"k":[{"i":{"x":[0.833],"y":[0.833]},"o":{"x":[0.167],"y":[0.167]},"t":31,"s":[0]},{"i":{"x":[0.833],"y":[0.833]},"o":{"x":[0.167],"y":[0.167]},"t":50,"s":[100]},{"t":68,"s":[0]}],"ix":11},"r":{"a":0,"k":0,"ix":10},"p":{"a":0,"k":[395.811,147.932,0],"ix":2},"a":{"a":0,"k":[121.5,122,0],"ix":1},"s":{"a":1,"k":[{"i":{"x":[0.833,0.833,0.833],"y":[0.833,0.833,0.833]},"o":{"x":[0.167,0.167,0.167],"y":[0.167,0.167,0.167]},"t":31,"s":[0,0,100]},{"i":{"x":[0.833,0.833,0.833],"y":[0.833,0.833,0.833]},"o":{"x":[0.167,0.167,0.167],"y":[0.167,0.167,0.167]},"t":50,"s":[11.099,11.099,100]},{"t":68,"s":[0,0,100]}],"ix":6}},"ao":0,"shapes":[{"ty":"gr","it":[{"ind":0,"ty":"sh","ix":1,"ks":{"a":0,"k":{"i":[[0,-18.778],[0,0],[18.778,0],[0,0],[0,18.778],[-18.778,0],[0,0]],"o":[[0,0],[0,18.778],[0,0],[-18.778,0],[0,-18.778],[0,0],[18.778,0]],"v":[[118.5,0],[118.5,0],[84.5,34],[-84.5,34],[-118.5,0],[-84.5,-34],[84.5,-34]],"c":true},"ix":2},"nm":"Path 1","mn":"ADBE Vector Shape - Group","hd":false},{"ty":"fl","c":{"a":0,"k":[0.247058838489,0.960784373564,0.515755567364,1],"ix":4},"o":{"a":0,"k":100,"ix":5},"r":1,"bm":0,"nm":"Fill 1","mn":"ADBE Vector Graphic - Fill","hd":false},{"ty":"tr","p":{"a":0,"k":[124.5,126],"ix":2},"a":{"a":0,"k":[0,0],"ix":1},"s":{"a":0,"k":[100,100],"ix":3},"r":{"a":0,"k":0,"ix":6},"o":{"a":0,"k":100,"ix":7},"sk":{"a":0,"k":0,"ix":4},"sa":{"a":0,"k":0,"ix":5},"nm":"Transform"}],"nm":"Group 1","np":2,"cix":2,"bm":0,"ix":1,"mn":"ADBE Vector Group","hd":false},{"ty":"gr","it":[{"ind":0,"ty":"sh","ix":1,"ks":{"a":0,"k":{"i":[[18.778,0],[0,0],[0,18.778],[0,0],[-18.778,0],[0,-18.778],[0,0]],"o":[[0,0],[-18.778,0],[0,0],[0,-18.778],[18.778,0],[0,0],[0,18.778]],"v":[[0,118.75],[0,118.75],[-34,84.75],[-34,-84.25],[0,-118.25],[34,-84.25],[34,84.75]],"c":true},"ix":2},"nm":"Path 1","mn":"ADBE Vector Shape - Group","hd":false},{"ty":"fl","c":{"a":0,"k":[0.247058838489,0.960784373564,0.515755567364,1],"ix":4},"o":{"a":0,"k":100,"ix":5},"r":1,"bm":0,"nm":"Fill 1","mn":"ADBE Vector Graphic - Fill","hd":false},{"ty":"tr","p":{"a":0,"k":[124.5,125.75],"ix":2},"a":{"a":0,"k":[0,0],"ix":1},"s":{"a":0,"k":[100,100],"ix":3},"r":{"a":0,"k":0,"ix":6},"o":{"a":0,"k":100,"ix":7},"sk":{"a":0,"k":0,"ix":4},"sa":{"a":0,"k":0,"ix":5},"nm":"Transform"}],"nm":"Group 2","np":4,"cix":2,"bm":0,"ix":2,"mn":"ADBE Vector Group","hd":false}],"ip":0,"op":330,"st":0,"bm":0},{"ddd":0,"ind":11,"ty":4,"nm":"star Outlines 3","sr":1,"ks":{"o":{"a":1,"k":[{"i":{"x":[0.833],"y":[0.833]},"o":{"x":[0.167],"y":[0.167]},"t":57,"s":[0]},{"i":{"x":[0.833],"y":[0.833]},"o":{"x":[0.167],"y":[0.167]},"t":76,"s":[100]},{"t":94,"s":[0]}],"ix":11},"r":{"a":0,"k":0,"ix":10},"p":{"a":0,"k":[418.811,307.932,0],"ix":2},"a":{"a":0,"k":[121.5,122,0],"ix":1},"s":{"a":1,"k":[{"i":{"x":[0.833,0.833,0.833],"y":[0.833,0.833,0.833]},"o":{"x":[0.167,0.167,0.167],"y":[0.167,0.167,0.167]},"t":57,"s":[0,0,100]},{"i":{"x":[0.833,0.833,0.833],"y":[0.833,0.833,0.833]},"o":{"x":[0.167,0.167,0.167],"y":[0.167,0.167,0.167]},"t":76,"s":[11.099,11.099,100]},{"t":94,"s":[0,0,100]}],"ix":6}},"ao":0,"shapes":[{"ty":"gr","it":[{"ind":0,"ty":"sh","ix":1,"ks":{"a":0,"k":{"i":[[0,-18.778],[0,0],[18.778,0],[0,0],[0,18.778],[-18.778,0],[0,0]],"o":[[0,0],[0,18.778],[0,0],[-18.778,0],[0,-18.778],[0,0],[18.778,0]],"v":[[118.5,0],[118.5,0],[84.5,34],[-84.5,34],[-118.5,0],[-84.5,-34],[84.5,-34]],"c":true},"ix":2},"nm":"Path 1","mn":"ADBE Vector Shape - Group","hd":false},{"ty":"fl","c":{"a":0,"k":[0.960784373564,0.952387611539,0.247058838489,1],"ix":4},"o":{"a":0,"k":100,"ix":5},"r":1,"bm":0,"nm":"Fill 1","mn":"ADBE Vector Graphic - Fill","hd":false},{"ty":"tr","p":{"a":0,"k":[124.5,126],"ix":2},"a":{"a":0,"k":[0,0],"ix":1},"s":{"a":0,"k":[100,100],"ix":3},"r":{"a":0,"k":0,"ix":6},"o":{"a":0,"k":100,"ix":7},"sk":{"a":0,"k":0,"ix":4},"sa":{"a":0,"k":0,"ix":5},"nm":"Transform"}],"nm":"Group 1","np":2,"cix":2,"bm":0,"ix":1,"mn":"ADBE Vector Group","hd":false},{"ty":"gr","it":[{"ind":0,"ty":"sh","ix":1,"ks":{"a":0,"k":{"i":[[18.778,0],[0,0],[0,18.778],[0,0],[-18.778,0],[0,-18.778],[0,0]],"o":[[0,0],[-18.778,0],[0,0],[0,-18.778],[18.778,0],[0,0],[0,18.778]],"v":[[0,118.75],[0,118.75],[-34,84.75],[-34,-84.25],[0,-118.25],[34,-84.25],[34,84.75]],"c":true},"ix":2},"nm":"Path 1","mn":"ADBE Vector Shape - Group","hd":false},{"ty":"fl","c":{"a":0,"k":[0.960784373564,0.952387611539,0.247058838489,1],"ix":4},"o":{"a":0,"k":100,"ix":5},"r":1,"bm":0,"nm":"Fill 1","mn":"ADBE Vector Graphic - Fill","hd":false},{"ty":"tr","p":{"a":0,"k":[124.5,125.75],"ix":2},"a":{"a":0,"k":[0,0],"ix":1},"s":{"a":0,"k":[100,100],"ix":3},"r":{"a":0,"k":0,"ix":6},"o":{"a":0,"k":100,"ix":7},"sk":{"a":0,"k":0,"ix":4},"sa":{"a":0,"k":0,"ix":5},"nm":"Transform"}],"nm":"Group 2","np":4,"cix":2,"bm":0,"ix":2,"mn":"ADBE Vector Group","hd":false}],"ip":0,"op":330,"st":0,"bm":0},{"ddd":0,"ind":12,"ty":4,"nm":"star Outlines 2","sr":1,"ks":{"o":{"a":1,"k":[{"i":{"x":[0.833],"y":[0.833]},"o":{"x":[0.167],"y":[0.167]},"t":45,"s":[0]},{"i":{"x":[0.833],"y":[0.833]},"o":{"x":[0.167],"y":[0.167]},"t":64,"s":[100]},{"t":82,"s":[0]}],"ix":11},"r":{"a":0,"k":0,"ix":10},"p":{"a":0,"k":[212.811,89.932,0],"ix":2},"a":{"a":0,"k":[121.5,122,0],"ix":1},"s":{"a":1,"k":[{"i":{"x":[0.833,0.833,0.833],"y":[0.833,0.833,0.833]},"o":{"x":[0.167,0.167,0.167],"y":[0.167,0.167,0.167]},"t":45,"s":[0,0,100]},{"i":{"x":[0.833,0.833,0.833],"y":[0.833,0.833,0.833]},"o":{"x":[0.167,0.167,0.167],"y":[0.167,0.167,0.167]},"t":64,"s":[11.099,11.099,100]},{"t":82,"s":[0,0,100]}],"ix":6}},"ao":0,"shapes":[{"ty":"gr","it":[{"ind":0,"ty":"sh","ix":1,"ks":{"a":0,"k":{"i":[[0,-18.778],[0,0],[18.778,0],[0,0],[0,18.778],[-18.778,0],[0,0]],"o":[[0,0],[0,18.778],[0,0],[-18.778,0],[0,-18.778],[0,0],[18.778,0]],"v":[[118.5,0],[118.5,0],[84.5,34],[-84.5,34],[-118.5,0],[-84.5,-34],[84.5,-34]],"c":true},"ix":2},"nm":"Path 1","mn":"ADBE Vector Shape - Group","hd":false},{"ty":"fl","c":{"a":0,"k":[1,0.113725497676,0.145098039216,1],"ix":4},"o":{"a":0,"k":100,"ix":5},"r":1,"bm":0,"nm":"Fill 1","mn":"ADBE Vector Graphic - Fill","hd":false},{"ty":"tr","p":{"a":0,"k":[124.5,126],"ix":2},"a":{"a":0,"k":[0,0],"ix":1},"s":{"a":0,"k":[100,100],"ix":3},"r":{"a":0,"k":0,"ix":6},"o":{"a":0,"k":100,"ix":7},"sk":{"a":0,"k":0,"ix":4},"sa":{"a":0,"k":0,"ix":5},"nm":"Transform"}],"nm":"Group 1","np":2,"cix":2,"bm":0,"ix":1,"mn":"ADBE Vector Group","hd":false},{"ty":"gr","it":[{"ind":0,"ty":"sh","ix":1,"ks":{"a":0,"k":{"i":[[18.778,0],[0,0],[0,18.778],[0,0],[-18.778,0],[0,-18.778],[0,0]],"o":[[0,0],[-18.778,0],[0,0],[0,-18.778],[18.778,0],[0,0],[0,18.778]],"v":[[0,118.75],[0,118.75],[-34,84.75],[-34,-84.25],[0,-118.25],[34,-84.25],[34,84.75]],"c":true},"ix":2},"nm":"Path 1","mn":"ADBE Vector Shape - Group","hd":false},{"ty":"fl","c":{"a":0,"k":[1,0.113725497676,0.145098039216,1],"ix":4},"o":{"a":0,"k":100,"ix":5},"r":1,"bm":0,"nm":"Fill 1","mn":"ADBE Vector Graphic - Fill","hd":false},{"ty":"tr","p":{"a":0,"k":[124.5,125.75],"ix":2},"a":{"a":0,"k":[0,0],"ix":1},"s":{"a":0,"k":[100,100],"ix":3},"r":{"a":0,"k":0,"ix":6},"o":{"a":0,"k":100,"ix":7},"sk":{"a":0,"k":0,"ix":4},"sa":{"a":0,"k":0,"ix":5},"nm":"Transform"}],"nm":"Group 2","np":4,"cix":2,"bm":0,"ix":2,"mn":"ADBE Vector Group","hd":false}],"ip":0,"op":330,"st":0,"bm":0},{"ddd":0,"ind":13,"ty":4,"nm":"star Outlines","sr":1,"ks":{"o":{"a":1,"k":[{"i":{"x":[0.833],"y":[0.833]},"o":{"x":[0.167],"y":[0.167]},"t":20,"s":[0]},{"i":{"x":[0.833],"y":[0.833]},"o":{"x":[0.167],"y":[0.167]},"t":39,"s":[100]},{"t":57,"s":[0]}],"ix":11},"r":{"a":0,"k":0,"ix":10},"p":{"a":0,"k":[102.811,249.932,0],"ix":2},"a":{"a":0,"k":[121.5,122,0],"ix":1},"s":{"a":1,"k":[{"i":{"x":[0.833,0.833,0.833],"y":[0.833,0.833,0.833]},"o":{"x":[0.167,0.167,0.167],"y":[0.167,0.167,0.167]},"t":20,"s":[0,0,100]},{"i":{"x":[0.833,0.833,0.833],"y":[0.833,0.833,0.833]},"o":{"x":[0.167,0.167,0.167],"y":[0.167,0.167,0.167]},"t":39,"s":[11.099,11.099,100]},{"t":57,"s":[0,0,100]}],"ix":6}},"ao":0,"shapes":[{"ty":"gr","it":[{"ind":0,"ty":"sh","ix":1,"ks":{"a":0,"k":{"i":[[0,-18.778],[0,0],[18.778,0],[0,0],[0,18.778],[-18.778,0],[0,0]],"o":[[0,0],[0,18.778],[0,0],[-18.778,0],[0,-18.778],[0,0],[18.778,0]],"v":[[118.5,0],[118.5,0],[84.5,34],[-84.5,34],[-118.5,0],[-84.5,-34],[84.5,-34]],"c":true},"ix":2},"nm":"Path 1","mn":"ADBE Vector Shape - Group","hd":false},{"ty":"fl","c":{"a":0,"k":[0.331026742973,0.247058838489,0.960784373564,1],"ix":4},"o":{"a":0,"k":100,"ix":5},"r":1,"bm":0,"nm":"Fill 1","mn":"ADBE Vector Graphic - Fill","hd":false},{"ty":"tr","p":{"a":0,"k":[124.5,126],"ix":2},"a":{"a":0,"k":[0,0],"ix":1},"s":{"a":0,"k":[100,100],"ix":3},"r":{"a":0,"k":0,"ix":6},"o":{"a":0,"k":100,"ix":7},"sk":{"a":0,"k":0,"ix":4},"sa":{"a":0,"k":0,"ix":5},"nm":"Transform"}],"nm":"Group 1","np":2,"cix":2,"bm":0,"ix":1,"mn":"ADBE Vector Group","hd":false},{"ty":"gr","it":[{"ind":0,"ty":"sh","ix":1,"ks":{"a":0,"k":{"i":[[18.778,0],[0,0],[0,18.778],[0,0],[-18.778,0],[0,-18.778],[0,0]],"o":[[0,0],[-18.778,0],[0,0],[0,-18.778],[18.778,0],[0,0],[0,18.778]],"v":[[0,118.75],[0,118.75],[-34,84.75],[-34,-84.25],[0,-118.25],[34,-84.25],[34,84.75]],"c":true},"ix":2},"nm":"Path 1","mn":"ADBE Vector Shape - Group","hd":false},{"ty":"fl","c":{"a":0,"k":[0.331026742973,0.247058838489,0.960784373564,1],"ix":4},"o":{"a":0,"k":100,"ix":5},"r":1,"bm":0,"nm":"Fill 1","mn":"ADBE Vector Graphic - Fill","hd":false},{"ty":"tr","p":{"a":0,"k":[124.5,125.75],"ix":2},"a":{"a":0,"k":[0,0],"ix":1},"s":{"a":0,"k":[100,100],"ix":3},"r":{"a":0,"k":0,"ix":6},"o":{"a":0,"k":100,"ix":7},"sk":{"a":0,"k":0,"ix":4},"sa":{"a":0,"k":0,"ix":5},"nm":"Transform"}],"nm":"Group 2","np":4,"cix":2,"bm":0,"ix":2,"mn":"ADBE Vector Group","hd":false}],"ip":0,"op":330,"st":0,"bm":0}],"markers":[]}