{"v":"5.5.7","meta":{"g":"LottieFiles AE 0.1.20","a":"","k":"","d":"","tc":""},"fr":29.9700012207031,"ip":0,"op":90.0000036657751,"w":500,"h":500,"nm":"Scan","ddd":0,"assets":[{"id":"comp_0","layers":[{"ddd":0,"ind":1,"ty":4,"nm":"Layer 2 Outlines","sr":1,"ks":{"o":{"a":0,"k":100,"ix":11},"r":{"a":0,"k":0,"ix":10},"p":{"a":1,"k":[{"i":{"x":0,"y":1},"o":{"x":0.372,"y":0},"t":17,"s":[243.768,370.206,0],"to":[0,-44.341,0],"ti":[0,0,0]},{"i":{"x":0,"y":1},"o":{"x":0.167,"y":0},"t":45,"s":[243.768,124,0],"to":[0,0,0],"ti":[0,0.271,0]},{"t":67.0000027289659,"s":[243.768,370.206,0]}],"ix":2},"a":{"a":0,"k":[175.732,7.5,0],"ix":1},"s":{"a":1,"k":[{"i":{"x":[0,0,0.667],"y":[1,1,1]},"o":{"x":[0.167,0.167,0.167],"y":[0,0,0]},"t":17,"s":[0,0,100]},{"i":{"x":[0.609,0.609,0.609],"y":[1,1,1]},"o":{"x":[0.183,0.183,0.183],"y":[0,0,0]},"t":26,"s":[100,100,100]},{"i":{"x":[0.833,0.833,0.833],"y":[1,1,1]},"o":{"x":[0.432,0.432,0.432],"y":[0,0,0]},"t":45,"s":[70,70,100]},{"i":{"x":[0.056,0.056,0.62],"y":[0.032,0.032,42.215]},"o":{"x":[0.218,0.218,0.159],"y":[0,0,0]},"t":53,"s":[100,100,100]},{"i":{"x":[0.611,0.611,0.818],"y":[1,1,1]},"o":{"x":[0.281,0.281,0.436],"y":[0.041,0.041,-16.899]},"t":67,"s":[71.605,71.605,100]},{"t":72.0000029326201,"s":[0,0,100]}],"ix":6}},"ao":0,"shapes":[{"ty":"gr","it":[{"ind":0,"ty":"sh","ix":1,"ks":{"a":0,"k":{"i":[[0,0],[0,0]],"o":[[0,0],[0,0]],"v":[[343.965,7.5],[7.5,7.5]],"c":false},"ix":2},"nm":"Path 1","mn":"ADBE Vector Shape - Group","hd":false},{"ty":"st","c":{"a":0,"k":[0.6,0.172999991623,1,1],"ix":3},"o":{"a":0,"k":100,"ix":4},"w":{"a":0,"k":15,"ix":5},"lc":2,"lj":2,"bm":0,"nm":"Stroke 1","mn":"ADBE Vector Graphic - Stroke","hd":false},{"ty":"tr","p":{"a":0,"k":[0,0],"ix":2},"a":{"a":0,"k":[0,0],"ix":1},"s":{"a":0,"k":[100,100],"ix":3},"r":{"a":0,"k":0,"ix":6},"o":{"a":0,"k":100,"ix":7},"sk":{"a":0,"k":0,"ix":4},"sa":{"a":0,"k":0,"ix":5},"nm":"Transform"}],"nm":"Group 1","np":2,"cix":2,"bm":0,"ix":1,"mn":"ADBE Vector Group","hd":false}],"ip":0,"op":300.00001221925,"st":0,"bm":0},{"ddd":0,"ind":2,"ty":1,"nm":"Purple Solid 1","sr":1,"ks":{"o":{"a":1,"k":[{"i":{"x":[0],"y":[1]},"o":{"x":[0.167],"y":[0]},"t":17,"s":[0]},{"i":{"x":[0],"y":[1]},"o":{"x":[0.167],"y":[0]},"t":30,"s":[50]},{"i":{"x":[0.833],"y":[1]},"o":{"x":[0.167],"y":[0]},"t":40,"s":[0]},{"i":{"x":[0],"y":[1]},"o":{"x":[0.167],"y":[0]},"t":47,"s":[0]},{"i":{"x":[0],"y":[1]},"o":{"x":[0.167],"y":[0]},"t":58,"s":[50]},{"t":64.0000026067734,"s":[0]}],"ix":11},"r":{"a":0,"k":181,"ix":10},"p":{"a":0,"k":[249.5,197.5,0],"ix":2},"a":{"a":0,"k":[250,250,0],"ix":1},"s":{"a":1,"k":[{"i":{"x":[0.594,0.594,0.594],"y":[0.484,0.484,-46.626]},"o":{"x":[0.163,0.163,0.163],"y":[0,0,0]},"t":17,"s":[0,0,100]},{"i":{"x":[0.829,0.829,0.829],"y":[1,1,1]},"o":{"x":[0.425,0.425,0.425],"y":[1.934,1.934,11.066]},"t":26,"s":[45.197,45.197,100]},{"i":{"x":[0.833,0.833,0.833],"y":[1,1,1]},"o":{"x":[0.167,0.167,0.167],"y":[0,0,0]},"t":28,"s":[48,48,100]},{"i":{"x":[0.668,0.668,0.668],"y":[1,1,1]},"o":{"x":[0.157,0.157,0.157],"y":[0,0,0]},"t":45,"s":[48,48,100]},{"i":{"x":[0.794,0.794,0.794],"y":[1,1,1]},"o":{"x":[0.436,0.436,0.436],"y":[0,0,0]},"t":52,"s":[50,50,100]},{"t":54.0000021994651,"s":[48,48,100]}],"ix":6}},"ao":0,"hasMask":true,"masksProperties":[{"inv":false,"mode":"a","pt":{"a":0,"k":{"i":[[7.594,0],[0,-7.594],[-7.594,0],[0,7.594]],"o":[[-7.594,0],[0,7.594],[7.594,0],[0,-7.594]],"v":[[256.75,224],[243,237.75],[256.75,251.5],[270.5,237.75]],"c":true},"ix":1},"o":{"a":0,"k":100,"ix":3},"x":{"a":0,"k":0,"ix":4},"nm":"Mask 1"},{"inv":false,"mode":"a","pt":{"a":0,"k":{"i":[[6.4,0],[0,-6.4],[-6.4,0],[0,6.4]],"o":[[-6.4,0],[0,6.4],[6.4,0],[0,-6.4]],"v":[[197.786,194.531],[186.198,206.12],[197.786,217.708],[209.375,206.12]],"c":true},"ix":1},"o":{"a":0,"k":100,"ix":3},"x":{"a":0,"k":0,"ix":4},"nm":"Mask 2"},{"inv":false,"mode":"a","pt":{"a":0,"k":{"i":[[4.602,0],[0,-4.602],[-4.602,0],[0,4.602]],"o":[[-4.602,0],[0,4.602],[4.602,0],[0,-4.602]],"v":[[260.677,186.979],[252.344,195.313],[260.677,203.646],[269.01,195.313]],"c":true},"ix":1},"o":{"a":0,"k":100,"ix":3},"x":{"a":0,"k":0,"ix":4},"nm":"Mask 3"},{"inv":false,"mode":"a","pt":{"a":0,"k":{"i":[[5.681,0],[0,-5.681],[-5.681,0],[0,5.681]],"o":[[-5.681,0],[0,5.681],[5.681,0],[0,-5.681]],"v":[[308.203,194.271],[297.917,204.557],[308.203,214.844],[318.49,204.557]],"c":true},"ix":1},"o":{"a":0,"k":100,"ix":3},"x":{"a":0,"k":0,"ix":4},"nm":"Mask 4"},{"inv":false,"mode":"a","pt":{"a":0,"k":{"i":[[4.171,0],[0,-4.171],[-4.171,0],[0,4.171]],"o":[[-4.171,0],[0,4.171],[4.171,0],[0,-4.171]],"v":[[321.615,232.552],[314.063,240.104],[321.615,247.656],[329.167,240.104]],"c":true},"ix":1},"o":{"a":0,"k":100,"ix":3},"x":{"a":0,"k":0,"ix":4},"nm":"Mask 5"},{"inv":false,"mode":"a","pt":{"a":0,"k":{"i":[[2.876,0],[0,-2.876],[-2.876,0],[0,2.876]],"o":[[-2.876,0],[0,2.876],[2.876,0],[0,-2.876]],"v":[[160.677,241.406],[155.469,246.615],[160.677,251.823],[165.885,246.615]],"c":true},"ix":1},"o":{"a":0,"k":100,"ix":3},"x":{"a":0,"k":0,"ix":4},"nm":"Mask 6"},{"inv":false,"mode":"a","pt":{"a":0,"k":{"i":[[20.135,0],[0,-20.135],[-20.135,0],[0,20.135]],"o":[[-20.135,0],[0,20.135],[20.135,0],[0,-20.135]],"v":[[200,17.708],[163.542,54.167],[200,90.625],[236.458,54.167]],"c":true},"ix":1},"o":{"a":0,"k":100,"ix":3},"x":{"a":0,"k":0,"ix":4},"nm":"Mask 7"},{"inv":false,"mode":"a","pt":{"a":0,"k":{"i":[[10.355,0],[0,-10.355],[-10.355,0],[0,10.355]],"o":[[-10.355,0],[0,10.355],[10.355,0],[0,-10.355]],"v":[[282.292,-82.292],[263.542,-63.542],[282.292,-44.792],[301.042,-63.542]],"c":true},"ix":1},"o":{"a":0,"k":100,"ix":3},"x":{"a":0,"k":0,"ix":4},"nm":"Mask 8"},{"inv":false,"mode":"a","pt":{"a":0,"k":{"i":[[7.479,0],[0,-7.479],[-7.479,0],[0,7.479]],"o":[[-7.479,0],[0,7.479],[7.479,0],[0,-7.479]],"v":[[116.667,-119.792],[103.125,-106.25],[116.667,-92.708],[130.208,-106.25]],"c":true},"ix":1},"o":{"a":0,"k":100,"ix":3},"x":{"a":0,"k":0,"ix":4},"nm":"Mask 9"},{"inv":false,"mode":"a","pt":{"a":0,"k":{"i":[[10.355,0],[0,-10.355],[-10.355,0],[0,10.355]],"o":[[-10.355,0],[0,10.355],[10.355,0],[0,-10.355]],"v":[[371.875,-111.458],[353.125,-92.708],[371.875,-73.958],[390.625,-92.708]],"c":true},"ix":1},"o":{"a":0,"k":100,"ix":3},"x":{"a":0,"k":0,"ix":4},"nm":"Mask 10"},{"inv":false,"mode":"a","pt":{"a":0,"k":{"i":[[6.904,0],[0,-6.904],[-6.904,0],[0,6.904]],"o":[[-6.904,0],[0,6.904],[6.904,0],[0,-6.904]],"v":[[436.458,3.125],[423.958,15.625],[436.458,28.125],[448.958,15.625]],"c":true},"ix":1},"o":{"a":0,"k":100,"ix":3},"x":{"a":0,"k":0,"ix":4},"nm":"Mask 11"},{"inv":false,"mode":"a","pt":{"a":0,"k":{"i":[[9.78,0],[0,-9.78],[-9.78,0],[0,9.78]],"o":[[-9.78,0],[0,9.78],[9.78,0],[0,-9.78]],"v":[[356.25,57.292],[338.542,75],[356.25,92.708],[373.958,75]],"c":true},"ix":1},"o":{"a":0,"k":100,"ix":3},"x":{"a":0,"k":0,"ix":4},"nm":"Mask 12"},{"inv":false,"mode":"a","pt":{"a":0,"k":{"i":[[12.081,0],[0,-12.081],[-12.081,0],[0,12.081]],"o":[[-12.081,0],[0,12.081],[12.081,0],[0,-12.081]],"v":[[62.5,53.125],[40.625,75],[62.5,96.875],[84.375,75]],"c":true},"ix":1},"o":{"a":0,"k":100,"ix":3},"x":{"a":0,"k":0,"ix":4},"nm":"Mask 13"},{"inv":false,"mode":"a","pt":{"a":0,"k":{"i":[[10.355,0],[0,-10.355],[-10.355,0],[0,10.355]],"o":[[-10.355,0],[0,10.355],[10.355,0],[0,-10.355]],"v":[[40.625,169.792],[21.875,188.542],[40.625,207.292],[59.375,188.542]],"c":true},"ix":1},"o":{"a":0,"k":100,"ix":3},"x":{"a":0,"k":0,"ix":4},"nm":"Mask 14"},{"inv":false,"mode":"a","pt":{"a":0,"k":{"i":[[5.753,0],[0,-5.753],[-5.753,0],[0,5.753]],"o":[[-5.753,0],[0,5.753],[5.753,0],[0,-5.753]],"v":[[92.708,309.375],[82.292,319.792],[92.708,330.208],[103.125,319.792]],"c":true},"ix":1},"o":{"a":0,"k":100,"ix":3},"x":{"a":0,"k":0,"ix":4},"nm":"Mask 15"},{"inv":false,"mode":"a","pt":{"a":0,"k":{"i":[[7.479,0],[0,-7.479],[-7.479,0],[0,7.479]],"o":[[-7.479,0],[0,7.479],[7.479,0],[0,-7.479]],"v":[[229.167,286.458],[215.625,300],[229.167,313.542],[242.708,300]],"c":true},"ix":1},"o":{"a":0,"k":100,"ix":3},"x":{"a":0,"k":0,"ix":4},"nm":"Mask 16"},{"inv":false,"mode":"a","pt":{"a":0,"k":{"i":[[5.753,0],[0,-5.753],[-5.753,0],[0,5.753]],"o":[[-5.753,0],[0,5.753],[5.753,0],[0,-5.753]],"v":[[361.458,303.125],[351.042,313.542],[361.458,323.958],[371.875,313.542]],"c":true},"ix":1},"o":{"a":0,"k":100,"ix":3},"x":{"a":0,"k":0,"ix":4},"nm":"Mask 17"},{"inv":false,"mode":"a","pt":{"a":0,"k":{"i":[[9.78,0],[0,-9.78],[-9.78,0],[0,9.78]],"o":[[-9.78,0],[0,9.78],[9.78,0],[0,-9.78]],"v":[[445.833,176.042],[428.125,193.75],[445.833,211.458],[463.542,193.75]],"c":true},"ix":1},"o":{"a":0,"k":100,"ix":3},"x":{"a":0,"k":0,"ix":4},"nm":"Mask 18"},{"inv":false,"mode":"a","pt":{"a":0,"k":{"i":[[9.78,0],[0,-9.78],[-9.78,0],[0,9.78]],"o":[[-9.78,0],[0,9.78],[9.78,0],[0,-9.78]],"v":[[308.333,121.875],[290.625,139.583],[308.333,157.292],[326.042,139.583]],"c":true},"ix":1},"o":{"a":0,"k":100,"ix":3},"x":{"a":0,"k":0,"ix":4},"nm":"Mask 19"},{"inv":false,"mode":"a","pt":{"a":0,"k":{"i":[[10.355,0],[0,-10.355],[-10.355,0],[0,10.355]],"o":[[-10.355,0],[0,10.355],[10.355,0],[0,-10.355]],"v":[[363.542,-7.292],[344.792,11.458],[363.542,30.208],[382.292,11.458]],"c":true},"ix":1},"o":{"a":0,"k":100,"ix":3},"x":{"a":0,"k":0,"ix":4},"nm":"Mask 20"},{"inv":false,"mode":"a","pt":{"a":0,"k":{"i":[[10.355,0],[0,-10.355],[-10.355,0],[0,10.355]],"o":[[-10.355,0],[0,10.355],[10.355,0],[0,-10.355]],"v":[[121.875,-51.042],[103.125,-32.292],[121.875,-13.542],[140.625,-32.292]],"c":true},"ix":1},"o":{"a":0,"k":100,"ix":3},"x":{"a":0,"k":0,"ix":4},"nm":"Mask 21"},{"inv":false,"mode":"a","pt":{"a":0,"k":{"i":[[10.355,0],[0,-10.355],[-10.355,0],[0,10.355]],"o":[[-10.355,0],[0,10.355],[10.355,0],[0,-10.355]],"v":[[55.208,-53.125],[36.458,-34.375],[55.208,-15.625],[73.958,-34.375]],"c":true},"ix":1},"o":{"a":0,"k":100,"ix":3},"x":{"a":0,"k":0,"ix":4},"nm":"Mask 22"}],"sw":500,"sh":500,"sc":"#992cff","ip":36.0000014663101,"op":300.00001221925,"st":0,"bm":0},{"ddd":0,"ind":3,"ty":1,"nm":"Purple Solid 1","sr":1,"ks":{"o":{"a":1,"k":[{"i":{"x":[0],"y":[1]},"o":{"x":[0.167],"y":[0]},"t":17,"s":[0]},{"i":{"x":[0],"y":[1]},"o":{"x":[0.167],"y":[0]},"t":30,"s":[50]},{"i":{"x":[0.833],"y":[1]},"o":{"x":[0.167],"y":[0]},"t":40,"s":[0]},{"i":{"x":[0],"y":[1]},"o":{"x":[0.167],"y":[0]},"t":47,"s":[0]},{"i":{"x":[0],"y":[1]},"o":{"x":[0.167],"y":[0]},"t":58,"s":[50]},{"t":64.0000026067734,"s":[0]}],"ix":11},"r":{"a":0,"k":0,"ix":10},"p":{"a":0,"k":[249.5,315.5,0],"ix":2},"a":{"a":0,"k":[250,250,0],"ix":1},"s":{"a":1,"k":[{"i":{"x":[0.594,0.594,0.594],"y":[0.484,0.484,-46.626]},"o":{"x":[0.163,0.163,0.163],"y":[0,0,0]},"t":17,"s":[0,0,100]},{"i":{"x":[0.829,0.829,0.829],"y":[1,1,1]},"o":{"x":[0.425,0.425,0.425],"y":[1.934,1.934,11.066]},"t":26,"s":[45.197,45.197,100]},{"i":{"x":[0.833,0.833,0.833],"y":[1,1,1]},"o":{"x":[0.167,0.167,0.167],"y":[0,0,0]},"t":28,"s":[48,48,100]},{"i":{"x":[0.668,0.668,0.668],"y":[1,1,1]},"o":{"x":[0.157,0.157,0.157],"y":[0,0,0]},"t":45,"s":[48,48,100]},{"i":{"x":[0.794,0.794,0.794],"y":[1,1,1]},"o":{"x":[0.436,0.436,0.436],"y":[0,0,0]},"t":52,"s":[50,50,100]},{"t":54.0000021994651,"s":[48,48,100]}],"ix":6}},"ao":0,"hasMask":true,"masksProperties":[{"inv":false,"mode":"a","pt":{"a":0,"k":{"i":[[7.594,0],[0,-7.594],[-7.594,0],[0,7.594]],"o":[[-7.594,0],[0,7.594],[7.594,0],[0,-7.594]],"v":[[256.75,224],[243,237.75],[256.75,251.5],[270.5,237.75]],"c":true},"ix":1},"o":{"a":0,"k":100,"ix":3},"x":{"a":0,"k":0,"ix":4},"nm":"Mask 1"},{"inv":false,"mode":"a","pt":{"a":0,"k":{"i":[[6.4,0],[0,-6.4],[-6.4,0],[0,6.4]],"o":[[-6.4,0],[0,6.4],[6.4,0],[0,-6.4]],"v":[[197.786,194.531],[186.198,206.12],[197.786,217.708],[209.375,206.12]],"c":true},"ix":1},"o":{"a":0,"k":100,"ix":3},"x":{"a":0,"k":0,"ix":4},"nm":"Mask 2"},{"inv":false,"mode":"a","pt":{"a":0,"k":{"i":[[4.602,0],[0,-4.602],[-4.602,0],[0,4.602]],"o":[[-4.602,0],[0,4.602],[4.602,0],[0,-4.602]],"v":[[260.677,186.979],[252.344,195.313],[260.677,203.646],[269.01,195.313]],"c":true},"ix":1},"o":{"a":0,"k":100,"ix":3},"x":{"a":0,"k":0,"ix":4},"nm":"Mask 3"},{"inv":false,"mode":"a","pt":{"a":0,"k":{"i":[[5.681,0],[0,-5.681],[-5.681,0],[0,5.681]],"o":[[-5.681,0],[0,5.681],[5.681,0],[0,-5.681]],"v":[[308.203,194.271],[297.917,204.557],[308.203,214.844],[318.49,204.557]],"c":true},"ix":1},"o":{"a":0,"k":100,"ix":3},"x":{"a":0,"k":0,"ix":4},"nm":"Mask 4"},{"inv":false,"mode":"a","pt":{"a":0,"k":{"i":[[4.171,0],[0,-4.171],[-4.171,0],[0,4.171]],"o":[[-4.171,0],[0,4.171],[4.171,0],[0,-4.171]],"v":[[321.615,232.552],[314.063,240.104],[321.615,247.656],[329.167,240.104]],"c":true},"ix":1},"o":{"a":0,"k":100,"ix":3},"x":{"a":0,"k":0,"ix":4},"nm":"Mask 5"},{"inv":false,"mode":"a","pt":{"a":0,"k":{"i":[[2.876,0],[0,-2.876],[-2.876,0],[0,2.876]],"o":[[-2.876,0],[0,2.876],[2.876,0],[0,-2.876]],"v":[[160.677,241.406],[155.469,246.615],[160.677,251.823],[165.885,246.615]],"c":true},"ix":1},"o":{"a":0,"k":100,"ix":3},"x":{"a":0,"k":0,"ix":4},"nm":"Mask 6"},{"inv":false,"mode":"a","pt":{"a":0,"k":{"i":[[20.135,0],[0,-20.135],[-20.135,0],[0,20.135]],"o":[[-20.135,0],[0,20.135],[20.135,0],[0,-20.135]],"v":[[200,17.708],[163.542,54.167],[200,90.625],[236.458,54.167]],"c":true},"ix":1},"o":{"a":0,"k":100,"ix":3},"x":{"a":0,"k":0,"ix":4},"nm":"Mask 7"},{"inv":false,"mode":"a","pt":{"a":0,"k":{"i":[[10.355,0],[0,-10.355],[-10.355,0],[0,10.355]],"o":[[-10.355,0],[0,10.355],[10.355,0],[0,-10.355]],"v":[[282.292,-82.292],[263.542,-63.542],[282.292,-44.792],[301.042,-63.542]],"c":true},"ix":1},"o":{"a":0,"k":100,"ix":3},"x":{"a":0,"k":0,"ix":4},"nm":"Mask 8"},{"inv":false,"mode":"a","pt":{"a":0,"k":{"i":[[7.479,0],[0,-7.479],[-7.479,0],[0,7.479]],"o":[[-7.479,0],[0,7.479],[7.479,0],[0,-7.479]],"v":[[116.667,-119.792],[103.125,-106.25],[116.667,-92.708],[130.208,-106.25]],"c":true},"ix":1},"o":{"a":0,"k":100,"ix":3},"x":{"a":0,"k":0,"ix":4},"nm":"Mask 9"},{"inv":false,"mode":"a","pt":{"a":0,"k":{"i":[[10.355,0],[0,-10.355],[-10.355,0],[0,10.355]],"o":[[-10.355,0],[0,10.355],[10.355,0],[0,-10.355]],"v":[[371.875,-111.458],[353.125,-92.708],[371.875,-73.958],[390.625,-92.708]],"c":true},"ix":1},"o":{"a":0,"k":100,"ix":3},"x":{"a":0,"k":0,"ix":4},"nm":"Mask 10"},{"inv":false,"mode":"a","pt":{"a":0,"k":{"i":[[6.904,0],[0,-6.904],[-6.904,0],[0,6.904]],"o":[[-6.904,0],[0,6.904],[6.904,0],[0,-6.904]],"v":[[436.458,3.125],[423.958,15.625],[436.458,28.125],[448.958,15.625]],"c":true},"ix":1},"o":{"a":0,"k":100,"ix":3},"x":{"a":0,"k":0,"ix":4},"nm":"Mask 11"},{"inv":false,"mode":"a","pt":{"a":0,"k":{"i":[[9.78,0],[0,-9.78],[-9.78,0],[0,9.78]],"o":[[-9.78,0],[0,9.78],[9.78,0],[0,-9.78]],"v":[[356.25,57.292],[338.542,75],[356.25,92.708],[373.958,75]],"c":true},"ix":1},"o":{"a":0,"k":100,"ix":3},"x":{"a":0,"k":0,"ix":4},"nm":"Mask 12"},{"inv":false,"mode":"a","pt":{"a":0,"k":{"i":[[12.081,0],[0,-12.081],[-12.081,0],[0,12.081]],"o":[[-12.081,0],[0,12.081],[12.081,0],[0,-12.081]],"v":[[62.5,53.125],[40.625,75],[62.5,96.875],[84.375,75]],"c":true},"ix":1},"o":{"a":0,"k":100,"ix":3},"x":{"a":0,"k":0,"ix":4},"nm":"Mask 13"},{"inv":false,"mode":"a","pt":{"a":0,"k":{"i":[[10.355,0],[0,-10.355],[-10.355,0],[0,10.355]],"o":[[-10.355,0],[0,10.355],[10.355,0],[0,-10.355]],"v":[[40.625,169.792],[21.875,188.542],[40.625,207.292],[59.375,188.542]],"c":true},"ix":1},"o":{"a":0,"k":100,"ix":3},"x":{"a":0,"k":0,"ix":4},"nm":"Mask 14"},{"inv":false,"mode":"a","pt":{"a":0,"k":{"i":[[5.753,0],[0,-5.753],[-5.753,0],[0,5.753]],"o":[[-5.753,0],[0,5.753],[5.753,0],[0,-5.753]],"v":[[92.708,309.375],[82.292,319.792],[92.708,330.208],[103.125,319.792]],"c":true},"ix":1},"o":{"a":0,"k":100,"ix":3},"x":{"a":0,"k":0,"ix":4},"nm":"Mask 15"},{"inv":false,"mode":"a","pt":{"a":0,"k":{"i":[[7.479,0],[0,-7.479],[-7.479,0],[0,7.479]],"o":[[-7.479,0],[0,7.479],[7.479,0],[0,-7.479]],"v":[[229.167,286.458],[215.625,300],[229.167,313.542],[242.708,300]],"c":true},"ix":1},"o":{"a":0,"k":100,"ix":3},"x":{"a":0,"k":0,"ix":4},"nm":"Mask 16"},{"inv":false,"mode":"a","pt":{"a":0,"k":{"i":[[5.753,0],[0,-5.753],[-5.753,0],[0,5.753]],"o":[[-5.753,0],[0,5.753],[5.753,0],[0,-5.753]],"v":[[361.458,303.125],[351.042,313.542],[361.458,323.958],[371.875,313.542]],"c":true},"ix":1},"o":{"a":0,"k":100,"ix":3},"x":{"a":0,"k":0,"ix":4},"nm":"Mask 17"},{"inv":false,"mode":"a","pt":{"a":0,"k":{"i":[[9.78,0],[0,-9.78],[-9.78,0],[0,9.78]],"o":[[-9.78,0],[0,9.78],[9.78,0],[0,-9.78]],"v":[[445.833,176.042],[428.125,193.75],[445.833,211.458],[463.542,193.75]],"c":true},"ix":1},"o":{"a":0,"k":100,"ix":3},"x":{"a":0,"k":0,"ix":4},"nm":"Mask 18"},{"inv":false,"mode":"a","pt":{"a":0,"k":{"i":[[9.78,0],[0,-9.78],[-9.78,0],[0,9.78]],"o":[[-9.78,0],[0,9.78],[9.78,0],[0,-9.78]],"v":[[308.333,121.875],[290.625,139.583],[308.333,157.292],[326.042,139.583]],"c":true},"ix":1},"o":{"a":0,"k":100,"ix":3},"x":{"a":0,"k":0,"ix":4},"nm":"Mask 19"},{"inv":false,"mode":"a","pt":{"a":0,"k":{"i":[[10.355,0],[0,-10.355],[-10.355,0],[0,10.355]],"o":[[-10.355,0],[0,10.355],[10.355,0],[0,-10.355]],"v":[[363.542,-7.292],[344.792,11.458],[363.542,30.208],[382.292,11.458]],"c":true},"ix":1},"o":{"a":0,"k":100,"ix":3},"x":{"a":0,"k":0,"ix":4},"nm":"Mask 20"},{"inv":false,"mode":"a","pt":{"a":0,"k":{"i":[[10.355,0],[0,-10.355],[-10.355,0],[0,10.355]],"o":[[-10.355,0],[0,10.355],[10.355,0],[0,-10.355]],"v":[[121.875,-51.042],[103.125,-32.292],[121.875,-13.542],[140.625,-32.292]],"c":true},"ix":1},"o":{"a":0,"k":100,"ix":3},"x":{"a":0,"k":0,"ix":4},"nm":"Mask 21"},{"inv":false,"mode":"a","pt":{"a":0,"k":{"i":[[10.355,0],[0,-10.355],[-10.355,0],[0,10.355]],"o":[[-10.355,0],[0,10.355],[10.355,0],[0,-10.355]],"v":[[55.208,-53.125],[36.458,-34.375],[55.208,-15.625],[73.958,-34.375]],"c":true},"ix":1},"o":{"a":0,"k":100,"ix":3},"x":{"a":0,"k":0,"ix":4},"nm":"Mask 22"}],"sw":500,"sh":500,"sc":"#992cff","ip":0,"op":36.0000014663101,"st":0,"bm":0},{"ddd":0,"ind":4,"ty":4,"nm":"Layer 4 Outlines","sr":1,"ks":{"o":{"a":0,"k":100,"ix":11},"r":{"a":0,"k":0,"ix":10},"p":{"a":0,"k":[343.483,247.932,0],"ix":2},"a":{"a":0,"k":[76.355,177.403,0],"ix":1},"s":{"a":0,"k":[100,100,100],"ix":6}},"ao":0,"shapes":[{"ty":"gr","it":[{"ind":0,"ty":"sh","ix":1,"ks":{"a":0,"k":{"i":[[0,0],[0.008,-44.958],[0,0],[38.39,2.868]],"o":[[38.39,-3.188],[0,0],[0.94,43.637],[0,0]],"v":[[-38.855,-136.715],[37.915,-70.945],[37.915,71.266],[-38.855,137.035]],"c":false},"ix":2},"nm":"Path 1","mn":"ADBE Vector Shape - Group","hd":false},{"ty":"st","c":{"a":0,"k":[0.6,0.172999991623,1,1],"ix":3},"o":{"a":0,"k":100,"ix":4},"w":{"a":0,"k":15,"ix":5},"lc":2,"lj":2,"bm":0,"nm":"Stroke 1","mn":"ADBE Vector Graphic - Stroke","hd":false},{"ty":"tr","p":{"a":0,"k":[76.355,177.403],"ix":2},"a":{"a":0,"k":[0,0],"ix":1},"s":{"a":0,"k":[100,100],"ix":3},"r":{"a":0,"k":0,"ix":6},"o":{"a":0,"k":100,"ix":7},"sk":{"a":0,"k":0,"ix":4},"sa":{"a":0,"k":0,"ix":5},"nm":"Transform"}],"nm":"Group 1","np":2,"cix":2,"bm":0,"ix":1,"mn":"ADBE Vector Group","hd":false},{"ty":"tm","s":{"a":0,"k":100,"ix":1},"e":{"a":1,"k":[{"i":{"x":[0],"y":[0.888]},"o":{"x":[0],"y":[0]},"t":1,"s":[100]},{"i":{"x":[0.1],"y":[1]},"o":{"x":[0.167],"y":[0]},"t":30,"s":[0]},{"i":{"x":[0],"y":[1]},"o":{"x":[0.035],"y":[0]},"t":60,"s":[0]},{"t":86.0000035028518,"s":[100]}],"ix":2},"o":{"a":0,"k":0,"ix":3},"m":1,"ix":2,"nm":"Trim Paths 1","mn":"ADBE Vector Filter - Trim","hd":false}],"ip":0,"op":300.00001221925,"st":0,"bm":0},{"ddd":0,"ind":5,"ty":4,"nm":"Layer 5 Outlines","sr":1,"ks":{"o":{"a":0,"k":100,"ix":11},"r":{"a":0,"k":0,"ix":10},"p":{"a":0,"k":[148.39,247.932,0],"ix":2},"a":{"a":0,"k":[76.574,178.902,0],"ix":1},"s":{"a":0,"k":[100,100,100],"ix":6}},"ao":0,"shapes":[{"ty":"gr","it":[{"ind":0,"ty":"sh","ix":1,"ks":{"a":0,"k":{"i":[[0,0],[-0.002,40.137],[0,0],[-38.886,-4.687]],"o":[[-38.642,5.368],[0,0],[-0.378,-42.707],[0,0]],"v":[[39.074,136.035],[-38.696,71.266],[-38.696,-70.945],[39.074,-136.715]],"c":false},"ix":2},"nm":"Path 1","mn":"ADBE Vector Shape - Group","hd":false},{"ty":"st","c":{"a":0,"k":[0.6,0.172999991623,1,1],"ix":3},"o":{"a":0,"k":100,"ix":4},"w":{"a":0,"k":15,"ix":5},"lc":2,"lj":2,"bm":0,"nm":"Stroke 1","mn":"ADBE Vector Graphic - Stroke","hd":false},{"ty":"tr","p":{"a":0,"k":[76.574,178.903],"ix":2},"a":{"a":0,"k":[0,0],"ix":1},"s":{"a":0,"k":[100,100],"ix":3},"r":{"a":0,"k":0,"ix":6},"o":{"a":0,"k":100,"ix":7},"sk":{"a":0,"k":0,"ix":4},"sa":{"a":0,"k":0,"ix":5},"nm":"Transform"}],"nm":"Group 1","np":2,"cix":2,"bm":0,"ix":1,"mn":"ADBE Vector Group","hd":false},{"ty":"tm","s":{"a":0,"k":0,"ix":1},"e":{"a":1,"k":[{"i":{"x":[0],"y":[1.112]},"o":{"x":[0.167],"y":[0]},"t":1,"s":[0]},{"i":{"x":[0.1],"y":[1]},"o":{"x":[0.167],"y":[0]},"t":30,"s":[100]},{"i":{"x":[0],"y":[1]},"o":{"x":[0.035],"y":[0]},"t":60,"s":[100]},{"t":86.0000035028518,"s":[0]}],"ix":2},"o":{"a":0,"k":0,"ix":3},"m":1,"ix":2,"nm":"Trim Paths 1","mn":"ADBE Vector Filter - Trim","hd":false}],"ip":0,"op":300.00001221925,"st":0,"bm":0}]}],"layers":[{"ddd":0,"ind":1,"ty":0,"nm":"Pre-comp 5","refId":"comp_0","sr":1,"ks":{"o":{"a":0,"k":100,"ix":11},"r":{"a":0,"k":0,"ix":10},"p":{"a":0,"k":[250,250,0],"ix":2},"a":{"a":0,"k":[250,250,0],"ix":1},"s":{"a":0,"k":[80,80,100],"ix":6}},"ao":0,"w":500,"h":500,"ip":0,"op":300.00001221925,"st":0,"bm":0}],"markers":[]}