{"nm":"boy_52","ddd":0,"h":2000,"w":2000,"meta":{"g":"@lottiefiles/toolkit-js 0.25.8"},"layers":[{"ty":0,"nm":"boy_51","sr":1,"st":0,"op":150,"ip":0,"hd":false,"ddd":0,"bm":0,"hasMask":false,"ao":0,"ks":{"a":{"a":0,"k":[1000,1000,0],"ix":1},"s":{"a":0,"k":[100,100,100],"ix":6},"sk":{"a":0,"k":0},"p":{"a":0,"k":[1000,1000,0],"ix":2},"r":{"a":0,"k":0,"ix":10},"sa":{"a":0,"k":0},"o":{"a":0,"k":100,"ix":11}},"ef":[],"w":2000,"h":2000,"refId":"comp_0","ind":1}],"v":"5.7.12","fr":30,"op":150,"ip":0,"assets":[{"nm":"boy_51","id":"comp_0","layers":[{"ty":4,"nm":"foram","sr":1,"st":0,"op":150,"ip":0,"hd":false,"ddd":0,"bm":0,"hasMask":false,"ao":0,"ks":{"a":{"a":0,"k":[7.426,306.505,0],"ix":1},"s":{"a":0,"k":[100,100,100],"ix":6},"sk":{"a":0,"k":0},"p":{"a":1,"k":[{"o":{"x":0.141,"y":0},"i":{"x":0.262,"y":1},"s":[50.198,655.948,0],"t":20,"ti":[7.129,13.045,0],"to":[-7.129,-13.045,0]},{"s":[7.426,577.675,0],"t":40}],"ix":2},"r":{"a":1,"k":[{"o":{"x":0.108,"y":0},"i":{"x":0.262,"y":1},"s":[-18],"t":20},{"s":[0],"t":40}],"ix":10},"sa":{"a":0,"k":0},"o":{"a":0,"k":100,"ix":11}},"ef":[],"shapes":[{"ty":"gr","bm":0,"hd":false,"mn":"ADBE Vector Group","nm":"Group 1","ix":1,"cix":2,"np":2,"it":[{"ty":"sh","bm":0,"hd":false,"mn":"ADBE Vector Shape - Group","nm":"Path 1","ix":1,"d":1,"ks":{"a":0,"k":{"c":true,"i":[[0.277,0],[0.42,2.515],[-2.802,0.468],[0,0],[-0.463,-2.797],[2.803,-0.469],[0,0]],"o":[[-2.471,0],[-0.463,-2.806],[0,0],[2.875,-0.498],[0.463,2.808],[0,0],[-0.289,0.048]],"v":[[-42.424,12.426],[-47.497,8.128],[-43.267,2.202],[41.571,-11.928],[47.497,-7.699],[43.266,-1.772],[-41.57,12.358]]},"ix":2}},{"ty":"fl","bm":0,"hd":false,"mn":"ADBE Vector Graphic - Fill","nm":"Fill 1","c":{"a":0,"k":[0.3255,0.2706,0.4745],"ix":4},"r":1,"o":{"a":0,"k":100,"ix":5}},{"ty":"tr","a":{"a":0,"k":[0,0],"ix":1},"s":{"a":0,"k":[100,100],"ix":3},"sk":{"a":0,"k":0,"ix":4},"p":{"a":0,"k":[652.813,280.938],"ix":2},"r":{"a":0,"k":0,"ix":6},"sa":{"a":0,"k":0,"ix":5},"o":{"a":0,"k":100,"ix":7}}]},{"ty":"gr","bm":0,"hd":false,"mn":"ADBE Vector Group","nm":"Group 2","ix":2,"cix":2,"np":2,"it":[{"ty":"sh","bm":0,"hd":false,"mn":"ADBE Vector Shape - Group","nm":"Path 1","ix":1,"d":1,"ks":{"a":0,"k":{"c":true,"i":[[0.277,0],[0.419,2.515],[-2.802,0.468],[0,0],[-0.467,-2.797],[2.803,-0.467],[0,0]],"o":[[-2.471,0],[-0.463,-2.806],[0,0],[2.854,-0.449],[0.463,2.806],[0,0],[-0.287,0.048]],"v":[[-46.5,13.084],[-51.573,8.786],[-47.343,2.861],[45.648,-12.635],[51.573,-8.405],[47.343,-2.48],[-45.648,13.017]]},"ix":2}},{"ty":"fl","bm":0,"hd":false,"mn":"ADBE Vector Graphic - Fill","nm":"Fill 1","c":{"a":0,"k":[0.3255,0.2706,0.4745],"ix":4},"r":1,"o":{"a":0,"k":100,"ix":5}},{"ty":"tr","a":{"a":0,"k":[0,0],"ix":1},"s":{"a":0,"k":[100,100],"ix":3},"sk":{"a":0,"k":0,"ix":4},"p":{"a":0,"k":[643.211,223.354],"ix":2},"r":{"a":0,"k":0,"ix":6},"sa":{"a":0,"k":0,"ix":5},"o":{"a":0,"k":100,"ix":7}}]},{"ty":"gr","bm":0,"hd":false,"mn":"ADBE Vector Group","nm":"Group 3","ix":3,"cix":2,"np":2,"it":[{"ty":"sh","bm":0,"hd":false,"mn":"ADBE Vector Shape - Group","nm":"Path 1","ix":1,"d":1,"ks":{"a":0,"k":{"c":true,"i":[[-41.084,165.325],[-9.583,-13.404],[28.898,-9.401],[0,0]],"o":[[0,0],[9.584,13.404],[-28.899,9.404],[0,0]],"v":[[-36.943,-112.393],[29.38,-106.435],[49.13,100.762],[-7.175,119.839]]},"ix":2}},{"ty":"fl","bm":0,"hd":false,"mn":"ADBE Vector Graphic - Fill","nm":"Fill 1","c":{"a":0,"k":[0.3608,0.6706,0.7765],"ix":4},"r":1,"o":{"a":0,"k":100,"ix":5}},{"ty":"tr","a":{"a":0,"k":[0,0],"ix":1},"s":{"a":0,"k":[100,100],"ix":3},"sk":{"a":0,"k":0,"ix":4},"p":{"a":0,"k":[640.575,215.8],"ix":2},"r":{"a":0,"k":0,"ix":6},"sa":{"a":0,"k":0,"ix":5},"o":{"a":0,"k":100,"ix":7}}]},{"ty":"gr","bm":0,"hd":false,"mn":"ADBE Vector Group","nm":"Group 4","ix":4,"cix":2,"np":2,"it":[{"ty":"sh","bm":0,"hd":false,"mn":"ADBE Vector Shape - Group","nm":"Path 1","ix":1,"d":1,"ks":{"a":0,"k":{"c":true,"i":[[0.297,0],[0.438,2.495],[-2.802,0.497],[-1.018,1.335],[-2.26,-1.707],[1.71,-2.272],[212.758,-37.484]],"o":[[-2.451,0],[-0.493,-2.808],[208.586,-36.742],[1.711,-2.28],[2.271,1.714],[-1.038,1.374],[-0.302,0.048]],"v":[[-157.972,92.114],[-163.034,87.865],[-158.858,81.9],[153.605,-89.404],[160.808,-90.407],[161.817,-83.205],[-157.075,92.037]]},"ix":2}},{"ty":"fl","bm":0,"hd":false,"mn":"ADBE Vector Graphic - Fill","nm":"Fill 1","c":{"a":0,"k":[0.3255,0.2706,0.4745],"ix":4},"r":1,"o":{"a":0,"k":100,"ix":5}},{"ty":"tr","a":{"a":0,"k":[0,0],"ix":1},"s":{"a":0,"k":[100,100],"ix":3},"sk":{"a":0,"k":0,"ix":4},"p":{"a":0,"k":[464.691,407.947],"ix":2},"r":{"a":0,"k":0,"ix":6},"sa":{"a":0,"k":0,"ix":5},"o":{"a":0,"k":100,"ix":7}}]},{"ty":"gr","bm":0,"hd":false,"mn":"ADBE Vector Group","nm":"Group 5","ix":5,"cix":2,"np":2,"it":[{"ty":"sh","bm":0,"hd":false,"mn":"ADBE Vector Shape - Group","nm":"Path 1","ix":1,"d":1,"ks":{"a":0,"k":{"c":true,"i":[[2.212,0],[0.497,0.147],[216.374,-18.8],[0.248,2.827],[-2.832,0.243],[-1.491,-0.438],[0.818,-2.729]],"o":[[-0.487,0],[-1.472,-0.448],[-2.909,0.176],[-0.243,-2.835],[218.425,-18.957],[2.718,0.819],[-0.668,2.223]],"v":[[183.811,27.289],[182.329,27.074],[-183.743,1.92],[-189.312,-2.759],[-184.629,-8.332],[185.293,17.211],[188.737,23.624]]},"ix":2}},{"ty":"fl","bm":0,"hd":false,"mn":"ADBE Vector Graphic - Fill","nm":"Fill 1","c":{"a":0,"k":[0.3255,0.2706,0.4745],"ix":4},"r":1,"o":{"a":0,"k":100,"ix":5}},{"ty":"tr","a":{"a":0,"k":[0,0],"ix":1},"s":{"a":0,"k":[100,100],"ix":3},"sk":{"a":0,"k":0,"ix":4},"p":{"a":0,"k":[417.13,78.169],"ix":2},"r":{"a":0,"k":0,"ix":6},"sa":{"a":0,"k":0,"ix":5},"o":{"a":0,"k":100,"ix":7}}]},{"ty":"gr","bm":0,"hd":false,"mn":"ADBE Vector Group","nm":"Group 6","ix":6,"cix":2,"np":2,"it":[{"ty":"sh","bm":0,"hd":false,"mn":"ADBE Vector Shape - Group","nm":"Path 1","ix":1,"d":1,"ks":{"a":0,"k":{"c":true,"i":[[0,0],[288.76,-36.74],[47.01,63.991],[-13.51,110.47],[-334.81,-117.23]],"o":[[0,0],[-59.15,-2.23],[-39.76,-54.059],[58.35,-42.13],[0,0]],"v":[[328.575,49.975],[-48.315,254.255],[-268.075,175.164],[-315.065,-86.815],[290.575,-137.025]]},"ix":2}},{"ty":"fl","bm":0,"hd":false,"mn":"ADBE Vector Graphic - Fill","nm":"Fill 1","c":{"a":0,"k":[0.2431,0.498,0.6118],"ix":4},"r":1,"o":{"a":0,"k":100,"ix":5}},{"ty":"tr","a":{"a":0,"k":[0,0],"ix":1},"s":{"a":0,"k":[100,100],"ix":3},"sk":{"a":0,"k":0,"ix":4},"p":{"a":0,"k":[328.825,254.505],"ix":2},"r":{"a":0,"k":0,"ix":6},"sa":{"a":0,"k":0,"ix":5},"o":{"a":0,"k":100,"ix":7}}]}],"ind":1,"parent":13},{"ty":0,"nm":"figure","sr":1,"st":0,"op":150,"ip":0,"hd":false,"ddd":0,"bm":0,"hasMask":false,"ao":0,"ks":{"a":{"a":0,"k":[1502,1324,0],"ix":1},"s":{"a":0,"k":[100,100,100],"ix":6},"sk":{"a":0,"k":0},"p":{"a":0,"k":[186.311,2.707,0],"ix":2},"r":{"a":1,"k":[{"o":{"x":0.141,"y":0},"i":{"x":0.351,"y":1},"s":[0],"t":20},{"s":[14],"t":40}],"ix":10},"sa":{"a":0,"k":0},"o":{"a":0,"k":100,"ix":11}},"ef":[],"w":2000,"h":2000,"refId":"comp_1","ind":2,"parent":7},{"ty":4,"nm":"mobile","sr":1,"st":0,"op":150,"ip":0,"hd":false,"ddd":0,"bm":0,"hasMask":false,"ao":0,"ks":{"a":{"a":0,"k":[145.89,173.045,0],"ix":1},"s":{"a":0,"k":[100,100,100],"ix":6},"sk":{"a":0,"k":0},"p":{"a":0,"k":[50.521,-90.581,0],"ix":2},"r":{"a":1,"k":[{"o":{"x":0.119,"y":0},"i":{"x":0.382,"y":1},"s":[0],"t":20},{"s":[3],"t":40}],"ix":10},"sa":{"a":0,"k":0},"o":{"a":0,"k":100,"ix":11}},"ef":[],"shapes":[{"ty":"gr","bm":0,"hd":false,"mn":"ADBE Vector Group","nm":"Group 1","ix":1,"cix":2,"np":2,"it":[{"ty":"sh","bm":0,"hd":false,"mn":"ADBE Vector Shape - Group","nm":"Path 1","ix":1,"d":1,"ks":{"a":0,"k":{"c":true,"i":[[1.171,0.537],[0,0],[-0.537,1.171],[0,0],[-1.171,-0.537],[0,0],[0.537,-1.171],[0,0]],"o":[[0,0],[-1.171,-0.537],[0,0],[0.537,-1.171],[0,0],[1.171,0.537],[0,0],[-0.537,1.17]],"v":[[12.202,168.43],[-135.612,100.633],[-136.76,97.54],[-15.295,-167.283],[-12.202,-168.43],[135.611,-100.635],[136.76,-97.543],[15.294,167.283]]},"ix":2}},{"ty":"fl","bm":0,"hd":false,"mn":"ADBE Vector Graphic - Fill","nm":"Fill 1","c":{"a":0,"k":[0.6078,0.1843,0.2667],"ix":4},"r":1,"o":{"a":0,"k":100,"ix":5}},{"ty":"tr","a":{"a":0,"k":[0,0],"ix":1},"s":{"a":0,"k":[100,100],"ix":3},"sk":{"a":0,"k":0,"ix":4},"p":{"a":0,"k":[154.234,176.872],"ix":2},"r":{"a":0,"k":0,"ix":6},"sa":{"a":0,"k":0,"ix":5},"o":{"a":0,"k":100,"ix":7}}]},{"ty":"gr","bm":0,"hd":false,"mn":"ADBE Vector Group","nm":"Group 2","ix":2,"cix":2,"np":2,"it":[{"ty":"sh","bm":0,"hd":false,"mn":"ADBE Vector Shape - Group","nm":"Path 1","ix":1,"d":1,"ks":{"a":0,"k":{"c":true,"i":[[1.171,0.537],[0,0],[-0.536,1.171],[0,0],[-1.171,-0.537],[0,0],[0.537,-1.172],[0,0]],"o":[[0,0],[-1.17,-0.537],[0,0],[0.537,-1.171],[0,0],[1.171,0.537],[0,0],[-0.537,1.17]],"v":[[12.201,168.43],[-135.611,100.633],[-136.76,97.542],[-15.295,-167.283],[-12.202,-168.43],[135.61,-100.635],[136.759,-97.542],[15.293,167.283]]},"ix":2}},{"ty":"fl","bm":0,"hd":false,"mn":"ADBE Vector Graphic - Fill","nm":"Fill 1","c":{"a":0,"k":[1,1,1],"ix":4},"r":1,"o":{"a":0,"k":100,"ix":5}},{"ty":"tr","a":{"a":0,"k":[0,0],"ix":1},"s":{"a":0,"k":[100,100],"ix":3},"sk":{"a":0,"k":0,"ix":4},"p":{"a":0,"k":[137.545,169.218],"ix":2},"r":{"a":0,"k":0,"ix":6},"sa":{"a":0,"k":0,"ix":5},"o":{"a":0,"k":100,"ix":7}}]}],"ind":3,"parent":7},{"ty":4,"nm":"fingure","sr":1,"st":0,"op":150,"ip":0,"hd":false,"ddd":0,"bm":0,"hasMask":false,"ao":0,"ks":{"a":{"a":0,"k":[8.41,69.211,0],"ix":1},"s":{"a":0,"k":[100,100,100],"ix":6},"sk":{"a":0,"k":0},"p":{"a":0,"k":[121.951,35.116,0],"ix":2},"r":{"a":1,"k":[{"o":{"x":0,"y":0},"i":{"x":0.098,"y":1},"s":[0],"t":40},{"s":[7],"t":50}],"ix":10},"sa":{"a":0,"k":0},"o":{"a":0,"k":100,"ix":11}},"ef":[],"shapes":[{"ty":"gr","bm":0,"hd":false,"mn":"ADBE Vector Group","nm":"Group 1","ix":1,"cix":2,"np":2,"it":[{"ty":"sh","bm":0,"hd":false,"mn":"ADBE Vector Shape - Group","nm":"Path 1","ix":1,"d":1,"ks":{"a":0,"k":{"c":true,"i":[[2.842,0],[0,0],[0,2.845],[-2.842,0],[0,0],[0,-2.846]],"o":[[0,0],[-2.842,0],[0,-2.846],[0,0],[2.842,0],[0,2.845]],"v":[[31.043,5.146],[-31.044,5.146],[-36.189,0],[-31.044,-5.146],[31.043,-5.146],[36.189,0]]},"ix":2}},{"ty":"fl","bm":0,"hd":false,"mn":"ADBE Vector Graphic - Fill","nm":"Fill 1","c":{"a":0,"k":[0,0,0],"ix":4},"r":1,"o":{"a":0,"k":100,"ix":5}},{"ty":"tr","a":{"a":0,"k":[0,0],"ix":1},"s":{"a":0,"k":[100,100],"ix":3},"sk":{"a":0,"k":0,"ix":4},"p":{"a":0,"k":[97.909,63.984],"ix":2},"r":{"a":0,"k":0,"ix":6},"sa":{"a":0,"k":0,"ix":5},"o":{"a":0,"k":100,"ix":7}}]},{"ty":"gr","bm":0,"hd":false,"mn":"ADBE Vector Group","nm":"Group 2","ix":2,"cix":2,"np":2,"it":[{"ty":"sh","bm":0,"hd":false,"mn":"ADBE Vector Shape - Group","nm":"Path 1","ix":1,"d":1,"ks":{"a":0,"k":{"c":true,"i":[[2.16,-13.021],[-0.59,-1.629],[0,0],[-45.62,8.26]],"o":[[-2.16,13.02],[0,0],[28.23,-25.1],[47.841,-8.662]],"v":[[116,17.861],[11.46,32.3],[-118.16,34.961],[-34.54,-26.299]]},"ix":2}},{"ty":"fl","bm":0,"hd":false,"mn":"ADBE Vector Graphic - Fill","nm":"Fill 1","c":{"a":0,"k":[0.949,0.5529,0.5843],"ix":4},"r":1,"o":{"a":0,"k":100,"ix":5}},{"ty":"tr","a":{"a":0,"k":[0,0],"ix":1},"s":{"a":0,"k":[100,100],"ix":3},"sk":{"a":0,"k":0,"ix":4},"p":{"a":0,"k":[118.41,35.211],"ix":2},"r":{"a":0,"k":0,"ix":6},"sa":{"a":0,"k":0,"ix":5},"o":{"a":0,"k":100,"ix":7}}]}],"ind":4,"parent":5},{"ty":4,"nm":"hand","sr":1,"st":0,"op":150,"ip":0,"hd":false,"ddd":0,"bm":0,"hasMask":false,"ao":0,"ks":{"a":{"a":0,"k":[12.874,204.754,0],"ix":1},"s":{"a":0,"k":[100,100,100],"ix":6},"sk":{"a":0,"k":0},"p":{"a":0,"k":[627.483,247.157,0],"ix":2},"r":{"a":1,"k":[{"o":{"x":0.119,"y":0},"i":{"x":0.382,"y":1},"s":[0],"t":20},{"s":[6],"t":40}],"ix":10},"sa":{"a":0,"k":0},"o":{"a":0,"k":100,"ix":11}},"ef":[],"shapes":[{"ty":"gr","bm":0,"hd":false,"mn":"ADBE Vector Group","nm":"Group 1","ix":1,"cix":2,"np":2,"it":[{"ty":"sh","bm":0,"hd":false,"mn":"ADBE Vector Shape - Group","nm":"Path 1","ix":1,"d":1,"ks":{"a":0,"k":{"c":true,"i":[[2.842,0],[0,0],[0.687,2.116],[-1.808,1.305],[0,0],[-1.666,-2.308],[2.3,-1.666],[0,0],[0,0],[0,-2.845]],"o":[[0,0],[-2.232,0],[-0.688,-2.124],[0,0],[2.305,-1.646],[1.662,2.301],[0,0],[0,0],[2.842,0],[0,2.846]],"v":[[19.214,17.766],[-18.775,17.766],[-23.672,14.208],[-21.791,8.45],[12.178,-16.12],[19.365,-14.961],[18.211,-7.777],[-2.879,7.474],[19.214,7.474],[24.36,12.62]]},"ix":2}},{"ty":"fl","bm":0,"hd":false,"mn":"ADBE Vector Graphic - Fill","nm":"Fill 1","c":{"a":0,"k":[0,0,0],"ix":4},"r":1,"o":{"a":0,"k":100,"ix":5}},{"ty":"tr","a":{"a":0,"k":[0,0],"ix":1},"s":{"a":0,"k":[100,100],"ix":3},"sk":{"a":0,"k":0,"ix":4},"p":{"a":0,"k":[186.999,195.839],"ix":2},"r":{"a":0,"k":0,"ix":6},"sa":{"a":0,"k":0,"ix":5},"o":{"a":0,"k":100,"ix":7}}]},{"ty":"gr","bm":0,"hd":false,"mn":"ADBE Vector Group","nm":"Group 2","ix":2,"cix":2,"np":2,"it":[{"ty":"sh","bm":0,"hd":false,"mn":"ADBE Vector Shape - Group","nm":"Path 1","ix":1,"d":1,"ks":{"a":0,"k":{"c":true,"i":[[1.896,-15.008],[12.3,-4.58],[0,0],[45.741,-4.21],[0,0],[0,0],[-44.803,41.641],[-15.699,-3.737],[0,0],[-6.122,-17.632]],"o":[[-2.83,22.37],[-12.29,4.57],[0,0],[-45.74,4.22],[0,0],[0,0],[11.82,-10.987],[0,0],[18.158,4.323],[13.231,38.104]],"v":[[138.727,36.863],[61.697,119.934],[27.346,83.704],[-55.794,120.284],[-140.624,49.624],[-108.473,-9.697],[-6.294,-109.159],[37.741,-120.767],[67.991,-113.564],[106.972,-78.328]]},"ix":2}},{"ty":"fl","bm":0,"hd":false,"mn":"ADBE Vector Graphic - Fill","nm":"Fill 1","c":{"a":0,"k":[0.949,0.5529,0.5843],"ix":4},"r":1,"o":{"a":0,"k":100,"ix":5}},{"ty":"tr","a":{"a":0,"k":[0,0],"ix":1},"s":{"a":0,"k":[100,100],"ix":3},"sk":{"a":0,"k":0,"ix":4},"p":{"a":0,"k":[140.874,124.753],"ix":2},"r":{"a":0,"k":0,"ix":6},"sa":{"a":0,"k":0,"ix":5},"o":{"a":0,"k":100,"ix":7}}]}],"ind":5,"parent":1},{"ty":4,"nm":"thumb2","sr":1,"st":0,"op":150,"ip":0,"hd":false,"ddd":0,"bm":0,"hasMask":false,"ao":0,"ks":{"a":{"a":0,"k":[2.269,79.759,0],"ix":1},"s":{"a":0,"k":[100,100,100],"ix":6},"sk":{"a":0,"k":0},"p":{"a":0,"k":[126.775,-76.822,0],"ix":2},"r":{"a":0,"k":0,"ix":10},"sa":{"a":0,"k":0},"o":{"a":0,"k":100,"ix":11}},"ef":[],"shapes":[{"ty":"gr","bm":0,"hd":false,"mn":"ADBE Vector Group","nm":"Group 1","ix":1,"cix":2,"np":2,"it":[{"ty":"sh","bm":0,"hd":false,"mn":"ADBE Vector Shape - Group","nm":"Path 1","ix":1,"d":1,"ks":{"a":0,"k":{"c":true,"i":[[0,0],[43.279,-57.649],[0,0]],"o":[[0,0],[-43.279,57.65],[0,0]],"v":[[2.149,-69.509],[2.74,11.859],[-46.019,-28.824]]},"ix":2}},{"ty":"fl","bm":0,"hd":false,"mn":"ADBE Vector Graphic - Fill","nm":"Fill 1","c":{"a":0,"k":[0.949,0.5529,0.5843],"ix":4},"r":1,"o":{"a":0,"k":100,"ix":5}},{"ty":"tr","a":{"a":0,"k":[0,0],"ix":1},"s":{"a":0,"k":[100,100],"ix":3},"sk":{"a":0,"k":0,"ix":4},"p":{"a":0,"k":[46.269,69.759],"ix":2},"r":{"a":0,"k":0,"ix":6},"sa":{"a":0,"k":0,"ix":5},"o":{"a":0,"k":100,"ix":7}}]}],"ind":6,"parent":7},{"ty":4,"nm":"hand2","sr":1,"st":0,"op":150,"ip":0,"hd":false,"ddd":0,"bm":0,"hasMask":false,"ao":0,"ks":{"a":{"a":0,"k":[88.882,113.791,0],"ix":1},"s":{"a":0,"k":[100,100,100],"ix":6},"sk":{"a":0,"k":0},"p":{"a":0,"k":[-2.17,246.512,0],"ix":2},"r":{"a":0,"k":0,"ix":10},"sa":{"a":0,"k":0},"o":{"a":0,"k":100,"ix":11}},"ef":[],"shapes":[{"ty":"gr","bm":0,"hd":false,"mn":"ADBE Vector Group","nm":"Group 1","ix":1,"cix":2,"np":2,"it":[{"ty":"sh","bm":0,"hd":false,"mn":"ADBE Vector Shape - Group","nm":"Path 1","ix":1,"d":1,"ks":{"a":0,"k":{"c":true,"i":[[0,0],[-81.002,-1.754],[0,0]],"o":[[0,0],[81.001,1.752],[0,0]],"v":[[-64.33,-44.782],[-5.63,55.788],[86.632,-57.54]]},"ix":2}},{"ty":"fl","bm":0,"hd":false,"mn":"ADBE Vector Graphic - Fill","nm":"Fill 1","c":{"a":0,"k":[0.949,0.5529,0.5843],"ix":4},"r":1,"o":{"a":0,"k":100,"ix":5}},{"ty":"tr","a":{"a":0,"k":[0,0],"ix":1},"s":{"a":0,"k":[100,100],"ix":3},"sk":{"a":0,"k":0,"ix":4},"p":{"a":0,"k":[86.882,57.791],"ix":2},"r":{"a":0,"k":0,"ix":6},"sa":{"a":0,"k":0,"ix":5},"o":{"a":0,"k":100,"ix":7}}]}],"ind":7,"parent":8},{"ty":4,"nm":"wistcover","sr":1,"st":0,"op":150,"ip":0,"hd":false,"ddd":0,"bm":0,"hasMask":false,"ao":0,"ks":{"a":{"a":0,"k":[74.604,127.667,0],"ix":1},"s":{"a":0,"k":[100,100,100],"ix":6},"sk":{"a":0,"k":0},"p":{"a":0,"k":[145.425,337.768,0],"ix":2},"r":{"a":0,"k":0,"ix":10},"sa":{"a":0,"k":0},"o":{"a":0,"k":100,"ix":11}},"ef":[],"shapes":[{"ty":"gr","bm":0,"hd":false,"mn":"ADBE Vector Group","nm":"Group 1","ix":1,"cix":2,"np":2,"it":[{"ty":"sh","bm":0,"hd":false,"mn":"ADBE Vector Shape - Group","nm":"Path 1","ix":1,"d":1,"ks":{"a":0,"k":{"c":true,"i":[[1.39,0],[0.99,0.906],[0,0],[-1.92,2.095],[-2.097,-1.929],[0,0],[1.92,-2.096]],"o":[[-1.242,0],[0,0],[-2.091,-1.92],[1.91,-2.086],[0,0],[2.091,1.92],[-1.015,1.102]],"v":[[21.981,25.588],[18.502,24.234],[-25.461,-16.076],[-25.773,-23.347],[-18.502,-23.659],[25.46,16.65],[25.773,23.921]]},"ix":2}},{"ty":"fl","bm":0,"hd":false,"mn":"ADBE Vector Graphic - Fill","nm":"Fill 1","c":{"a":0,"k":[0.3255,0.2706,0.4745],"ix":4},"r":1,"o":{"a":0,"k":100,"ix":5}},{"ty":"tr","a":{"a":0,"k":[0,0],"ix":1},"s":{"a":0,"k":[100,100],"ix":3},"sk":{"a":0,"k":0,"ix":4},"p":{"a":0,"k":[79.566,187.623],"ix":2},"r":{"a":0,"k":0,"ix":6},"sa":{"a":0,"k":0,"ix":5},"o":{"a":0,"k":100,"ix":7}}]},{"ty":"gr","bm":0,"hd":false,"mn":"ADBE Vector Group","nm":"Group 2","ix":2,"cix":2,"np":2,"it":[{"ty":"sh","bm":0,"hd":false,"mn":"ADBE Vector Shape - Group","nm":"Path 1","ix":1,"d":1,"ks":{"a":0,"k":{"c":true,"i":[[2.691,0],[0,0],[-0.186,2.836],[-2.885,-0.204],[0,0],[0.184,-2.836]],"o":[[-0.341,-0.01],[-2.835,-0.184],[0.19,-2.836],[0,0],[2.836,0.185],[-0.181,2.728]],"v":[[34.518,7.489],[-34.848,2.986],[-39.648,-2.48],[-34.175,-7.285],[34.85,-2.793],[39.65,2.676]]},"ix":2}},{"ty":"fl","bm":0,"hd":false,"mn":"ADBE Vector Graphic - Fill","nm":"Fill 1","c":{"a":0,"k":[0.3255,0.2706,0.4745],"ix":4},"r":1,"o":{"a":0,"k":100,"ix":5}},{"ty":"tr","a":{"a":0,"k":[0,0],"ix":1},"s":{"a":0,"k":[100,100],"ix":3},"sk":{"a":0,"k":0,"ix":4},"p":{"a":0,"k":[105.028,116.477],"ix":2},"r":{"a":0,"k":0,"ix":6},"sa":{"a":0,"k":0,"ix":5},"o":{"a":0,"k":100,"ix":7}}]},{"ty":"gr","bm":0,"hd":false,"mn":"ADBE Vector Group","nm":"Group 3","ix":3,"cix":2,"np":2,"it":[{"ty":"sh","bm":0,"hd":false,"mn":"ADBE Vector Shape - Group","nm":"Path 1","ix":1,"d":1,"ks":{"a":0,"k":{"c":true,"i":[[0,0],[-9.149,-80.448],[71.941,-16.05],[0,0]],"o":[[0,0],[9.147,80.449],[-42.897,9.573],[0,0]],"v":[[-2.479,-95.311],[65.207,-46.969],[-26.273,117.844],[-74.354,101.793]]},"ix":2}},{"ty":"fl","bm":0,"hd":false,"mn":"ADBE Vector Graphic - Fill","nm":"Fill 1","c":{"a":0,"k":[0.3608,0.6706,0.7765],"ix":4},"r":1,"o":{"a":0,"k":100,"ix":5}},{"ty":"tr","a":{"a":0,"k":[0,0],"ix":1},"s":{"a":0,"k":[100,100],"ix":3},"sk":{"a":0,"k":0,"ix":4},"p":{"a":0,"k":[74.605,127.667],"ix":2},"r":{"a":0,"k":0,"ix":6},"sa":{"a":0,"k":0,"ix":5},"o":{"a":0,"k":100,"ix":7}}]}],"ind":8,"parent":12},{"ty":0,"nm":"face","sr":1,"st":0,"op":150,"ip":0,"hd":false,"ddd":0,"bm":0,"hasMask":false,"ao":0,"ks":{"a":{"a":0,"k":[910.393,715.634,0],"ix":1},"s":{"a":0,"k":[100,100,100],"ix":6},"sk":{"a":0,"k":0},"p":{"a":0,"k":[70.157,55.599,0],"ix":2},"r":{"a":1,"k":[{"o":{"x":0.421,"y":0},"i":{"x":0.532,"y":1},"s":[0],"t":40},{"o":{"x":0.421,"y":0},"i":{"x":0.532,"y":1},"s":[-9],"t":58.167},{"o":{"x":0.421,"y":0},"i":{"x":0.532,"y":1},"s":[2],"t":76.333},{"o":{"x":0.421,"y":0},"i":{"x":0.532,"y":1},"s":[-9],"t":94.5},{"o":{"x":0.421,"y":0},"i":{"x":0.532,"y":1},"s":[2],"t":112.667},{"o":{"x":0.421,"y":0},"i":{"x":0.532,"y":1},"s":[-9],"t":130.833},{"s":[2],"t":149}],"ix":10},"sa":{"a":0,"k":0},"o":{"a":0,"k":100,"ix":11}},"ef":[],"w":2000,"h":2000,"refId":"comp_2","ind":9,"parent":10},{"ty":4,"nm":"neck","sr":1,"st":0,"op":150,"ip":0,"hd":false,"ddd":0,"bm":0,"hasMask":false,"ao":0,"ks":{"a":{"a":0,"k":[82.95,80.633,0],"ix":1},"s":{"a":0,"k":[100,100,100],"ix":6},"sk":{"a":0,"k":0},"p":{"a":0,"k":[279.556,99.17,0],"ix":2},"r":{"a":0,"k":0,"ix":10},"sa":{"a":0,"k":0},"o":{"a":0,"k":100,"ix":11}},"ef":[],"shapes":[{"ty":"gr","bm":0,"hd":false,"mn":"ADBE Vector Group","nm":"Group 1","ix":1,"cix":2,"np":2,"it":[{"ty":"sh","bm":0,"hd":false,"mn":"ADBE Vector Shape - Group","nm":"Path 1","ix":1,"d":1,"ks":{"a":0,"k":{"c":true,"i":[[0,0],[-2.031,-4.378],[-30.174,-2.027],[0,0]],"o":[[0.375,3.26],[28.099,59.168],[0,0],[0,0]],"v":[[-67.74,-41.962],[-64.007,-30.495],[67.74,41.962],[59.259,-16.968]]},"ix":2}},{"ty":"fl","bm":0,"hd":false,"mn":"ADBE Vector Graphic - Fill","nm":"Fill 1","c":{"a":0,"k":[0,0,0],"ix":4},"r":1,"o":{"a":0,"k":100,"ix":5}},{"ty":"tr","a":{"a":0,"k":[0,0],"ix":1},"s":{"a":0,"k":[100,100],"ix":3},"sk":{"a":0,"k":0,"ix":4},"p":{"a":0,"k":[89.297,46.43],"ix":2},"r":{"a":0,"k":0,"ix":6},"sa":{"a":0,"k":0,"ix":5},"o":{"a":0,"k":100,"ix":7}}]},{"ty":"gr","bm":0,"hd":false,"mn":"ADBE Vector Group","nm":"Group 2","ix":2,"cix":2,"np":2,"it":[{"ty":"sh","bm":0,"hd":false,"mn":"ADBE Vector Shape - Group","nm":"Path 1","ix":1,"d":1,"ks":{"a":0,"k":{"c":true,"i":[[0,0],[0,0],[-70.117,-4.134],[0,0],[0,0],[0,0],[0,0]],"o":[[0,0],[0,0],[52.233,3.08],[0,0],[0,0],[0,0],[0,0]],"v":[[-82.7,-80.384],[-80.044,39.256],[12.413,77.303],[82.7,68.191],[74.086,7.759],[65.606,-51.172],[-61.392,-76.166]]},"ix":2}},{"ty":"fl","bm":0,"hd":false,"mn":"ADBE Vector Graphic - Fill","nm":"Fill 1","c":{"a":0,"k":[0.949,0.5529,0.5843],"ix":4},"r":1,"o":{"a":0,"k":100,"ix":5}},{"ty":"tr","a":{"a":0,"k":[0,0],"ix":1},"s":{"a":0,"k":[100,100],"ix":3},"sk":{"a":0,"k":0,"ix":4},"p":{"a":0,"k":[82.95,80.634],"ix":2},"r":{"a":0,"k":0,"ix":6},"sa":{"a":0,"k":0,"ix":5},"o":{"a":0,"k":100,"ix":7}}]}],"ind":10,"parent":11},{"ty":4,"nm":"neck cover","sr":1,"st":0,"op":150,"ip":0,"hd":false,"ddd":0,"bm":0,"hasMask":false,"ao":0,"ks":{"a":{"a":0,"k":[280.14,265.384,0],"ix":1},"s":{"a":0,"k":[100,100,100],"ix":6},"sk":{"a":0,"k":0},"p":{"a":0,"k":[309.849,88.133,0],"ix":2},"r":{"a":0,"k":0,"ix":10},"sa":{"a":0,"k":0},"o":{"a":0,"k":100,"ix":11}},"ef":[],"shapes":[{"ty":"gr","bm":0,"hd":false,"mn":"ADBE Vector Group","nm":"Group 1","ix":1,"cix":2,"np":2,"it":[{"ty":"sh","bm":0,"hd":false,"mn":"ADBE Vector Shape - Group","nm":"Path 1","ix":1,"d":1,"ks":{"a":0,"k":{"c":true,"i":[[0,0],[-4.574,23.333],[-47.524,-8.969],[0,-40.894],[0,0],[0,0]],"o":[[0,0],[4.574,-23.334],[47.523,8.968],[0,36.144],[0,0],[0,0]],"v":[[-68.931,36.643],[-140.808,-26.594],[-14.52,-56.609],[145.382,-5.353],[93.814,65.578],[-14.52,34.323]]},"ix":2}},{"ty":"fl","bm":0,"hd":false,"mn":"ADBE Vector Graphic - Fill","nm":"Fill 1","c":{"a":0,"k":[0.3255,0.2706,0.4745],"ix":4},"r":1,"o":{"a":0,"k":100,"ix":5}},{"ty":"tr","a":{"a":0,"k":[0,0],"ix":1},"s":{"a":0,"k":[100,100],"ix":3},"sk":{"a":0,"k":0,"ix":4},"p":{"a":0,"k":[268.443,101.783],"ix":2},"r":{"a":0,"k":0,"ix":6},"sa":{"a":0,"k":0,"ix":5},"o":{"a":0,"k":100,"ix":7}}]},{"ty":"gr","bm":0,"hd":false,"mn":"ADBE Vector Group","nm":"Group 2","ix":2,"cix":2,"np":2,"it":[{"ty":"sh","bm":0,"hd":false,"mn":"ADBE Vector Shape - Group","nm":"Path 1","ix":1,"d":1,"ks":{"a":0,"k":{"c":true,"i":[[4.733,-11.012],[90.462,-19.862],[0,0],[-26.757,52.076],[0,0],[0,0],[-60.205,-69.054]],"o":[[-40.034,25.316],[-169.191,37.358],[-2.264,-2.47],[35.197,-68.644],[0,0],[0,0],[49.708,56.912]],"v":[[264.027,32.367],[69.415,109.243],[-250.854,59.228],[-250.854,-24.134],[-106.363,-135.178],[86.603,-146.601],[227.903,-71.681]]},"ix":2}},{"ty":"fl","bm":0,"hd":false,"mn":"ADBE Vector Graphic - Fill","nm":"Fill 1","c":{"a":0,"k":[0.3608,0.6706,0.7765],"ix":4},"r":1,"o":{"a":0,"k":100,"ix":5}},{"ty":"tr","a":{"a":0,"k":[0,0],"ix":1},"s":{"a":0,"k":[100,100],"ix":3},"sk":{"a":0,"k":0,"ix":4},"p":{"a":0,"k":[277.861,146.851],"ix":2},"r":{"a":0,"k":0,"ix":6},"sa":{"a":0,"k":0,"ix":5},"o":{"a":0,"k":100,"ix":7}}]}],"ind":11,"parent":14},{"ty":4,"nm":"forarm2","sr":1,"st":0,"op":150,"ip":0,"hd":false,"ddd":0,"bm":0,"hasMask":false,"ao":0,"ks":{"a":{"a":0,"k":[143.46,54.325,0],"ix":1},"s":{"a":0,"k":[100,100,100],"ix":6},"sk":{"a":0,"k":0},"p":{"a":0,"k":[286.7,205.666,0],"ix":2},"r":{"a":0,"k":0,"ix":10},"sa":{"a":0,"k":0},"o":{"a":0,"k":100,"ix":11}},"ef":[],"shapes":[{"ty":"gr","bm":0,"hd":false,"mn":"ADBE Vector Group","nm":"Group 1","ix":1,"cix":2,"np":2,"it":[{"ty":"sh","bm":0,"hd":false,"mn":"ADBE Vector Shape - Group","nm":"Path 1","ix":1,"d":1,"ks":{"a":0,"k":{"c":true,"i":[[11.31,-1.28],[25.929,80.54],[-83.723,-100.18],[-4.221,-37.84]],"o":[[-12.521,-77.99],[31.082,-158.372],[22.38,32.56],[24.61,219.53]],"v":[[-94.06,228.075],[-155.21,-14.825],[88.78,-127.895],[130.6,-22.175]]},"ix":2}},{"ty":"fl","bm":0,"hd":false,"mn":"ADBE Vector Graphic - Fill","nm":"Fill 1","c":{"a":0,"k":[0.2431,0.498,0.6118],"ix":4},"r":1,"o":{"a":0,"k":100,"ix":5}},{"ty":"tr","a":{"a":0,"k":[0,0],"ix":1},"s":{"a":0,"k":[100,100],"ix":3},"sk":{"a":0,"k":0,"ix":4},"p":{"a":0,"k":[155.46,228.325],"ix":2},"r":{"a":0,"k":0,"ix":6},"sa":{"a":0,"k":0,"ix":5},"o":{"a":0,"k":100,"ix":7}}]}],"ind":12,"parent":15},{"ty":4,"nm":"arm","sr":1,"st":0,"op":150,"ip":0,"hd":false,"ddd":0,"bm":0,"hasMask":false,"ao":0,"ks":{"a":{"a":0,"k":[301.65,-5.94,0],"ix":1},"s":{"a":0,"k":[100,100,100],"ix":6},"sk":{"a":0,"k":0},"p":{"a":0,"k":[54.33,21.66,0],"ix":2},"r":{"a":1,"k":[{"o":{"x":0.167,"y":0.167},"i":{"x":0.833,"y":0.833},"s":[9],"t":20},{"s":[0],"t":40}],"ix":10},"sa":{"a":0,"k":0},"o":{"a":0,"k":100,"ix":11}},"ef":[],"shapes":[{"ty":"gr","bm":0,"hd":false,"mn":"ADBE Vector Group","nm":"Group 1","ix":1,"cix":2,"np":2,"it":[{"ty":"sh","bm":0,"hd":false,"mn":"ADBE Vector Shape - Group","nm":"Path 1","ix":1,"d":1,"ks":{"a":0,"k":{"c":false,"i":[[0,0],[-302.067,-75.179]],"o":[[0,0],[0,0]],"v":[[-161.533,97],[161.533,-21.821]]},"ix":2}},{"ty":"fl","bm":0,"hd":false,"mn":"ADBE Vector Graphic - Fill","nm":"Fill 1","c":{"a":0,"k":[0.3255,0.2706,0.4745],"ix":4},"r":1,"o":{"a":0,"k":100,"ix":5}},{"ty":"tr","a":{"a":0,"k":[0,0],"ix":1},"s":{"a":0,"k":[100,100],"ix":3},"sk":{"a":0,"k":0,"ix":4},"p":{"a":0,"k":[242.933,361.65],"ix":2},"r":{"a":0,"k":0,"ix":6},"sa":{"a":0,"k":0,"ix":5},"o":{"a":0,"k":100,"ix":7}}]},{"ty":"gr","bm":0,"hd":false,"mn":"ADBE Vector Group","nm":"Group 2","ix":2,"cix":2,"np":2,"it":[{"ty":"sh","bm":0,"hd":false,"mn":"ADBE Vector Shape - Group","nm":"Path 1","ix":1,"d":1,"ks":{"a":0,"k":{"c":true,"i":[[96.65,-462.15],[52.11,-55.6],[46.63,63.471],[-13.51,110.47],[-39.91,72.72],[0,0]],"o":[[-31.95,152.75],[-59.54,-2.38],[-39.76,-54.059],[8.55,-69.98],[102.91,-187.51],[-0.9,-0.98]],"v":[[156.75,87.59],[25.4,389.81],[-192.9,310.779],[-239.89,48.8],[-169.13,-169.11],[50.39,-388.83]]},"ix":2}},{"ty":"fl","bm":0,"hd":false,"mn":"ADBE Vector Graphic - Fill","nm":"Fill 1","c":{"a":0,"k":[0.2431,0.498,0.6118],"ix":4},"r":1,"o":{"a":0,"k":100,"ix":5}},{"ty":"tr","a":{"a":0,"k":[0,0],"ix":1},"s":{"a":0,"k":[100,100],"ix":3},"sk":{"a":0,"k":0,"ix":4},"p":{"a":0,"k":[253.65,390.06],"ix":2},"r":{"a":0,"k":0,"ix":6},"sa":{"a":0,"k":0,"ix":5},"o":{"a":0,"k":100,"ix":7}}]}],"ind":13,"parent":14},{"ty":4,"nm":"body","sr":1,"st":0,"op":150,"ip":0,"hd":false,"ddd":0,"bm":0,"hasMask":false,"ao":0,"ks":{"a":{"a":0,"k":[395.169,905.16,0],"ix":1},"s":{"a":1,"k":[{"o":{"x":0.086,"y":0},"i":{"x":0.129,"y":1},"s":[0,0,100],"t":10},{"s":[100,100,100],"t":20}],"ix":6},"sk":{"a":0,"k":0},"p":{"a":1,"k":[{"o":{"x":0.141,"y":0},"i":{"x":0.667,"y":1},"s":[1009.09,1723.91,0],"t":20,"ti":[2,0,0],"to":[-2,0,0]},{"s":[997.09,1723.91,0],"t":40}],"ix":2},"r":{"a":1,"k":[{"o":{"x":0.141,"y":0},"i":{"x":0.273,"y":1},"s":[0],"t":20},{"s":[4],"t":40}],"ix":10},"sa":{"a":0,"k":0},"o":{"a":0,"k":100,"ix":11}},"ef":[],"shapes":[{"ty":"gr","bm":0,"hd":false,"mn":"ADBE Vector Group","nm":"Group 1","ix":1,"cix":2,"np":2,"it":[{"ty":"sh","bm":0,"hd":false,"mn":"ADBE Vector Shape - Group","nm":"Path 1","ix":1,"d":1,"ks":{"a":0,"k":{"c":true,"i":[[0.229,0],[0.352,2.583],[0.775,0.906],[-2.153,1.851],[-1.858,-2.164],[-11.963,-87.636],[2.817,-0.379]],"o":[[-2.534,0],[-11.549,-84.575],[-1.856,-2.155],[2.155,-1.852],[3.258,3.781],[0.385,2.816],[-0.238,0.03]],"v":[[45.494,94.793],[40.401,90.339],[-49.125,-85.69],[-48.584,-92.942],[-41.327,-92.396],[50.596,88.956],[46.195,94.745]]},"ix":2}},{"ty":"fl","bm":0,"hd":false,"mn":"ADBE Vector Graphic - Fill","nm":"Fill 1","c":{"a":0,"k":[0.3255,0.2706,0.4745],"ix":4},"r":1,"o":{"a":0,"k":100,"ix":5}},{"ty":"tr","a":{"a":0,"k":[0,0],"ix":1},"s":{"a":0,"k":[100,100],"ix":3},"sk":{"a":0,"k":0,"ix":4},"p":{"a":0,"k":[692.116,225.01],"ix":2},"r":{"a":0,"k":0,"ix":6},"sa":{"a":0,"k":0,"ix":5},"o":{"a":0,"k":100,"ix":7}}]},{"ty":"gr","bm":0,"hd":false,"mn":"ADBE Vector Group","nm":"Group 2","ix":2,"cix":2,"np":2,"it":[{"ty":"sh","bm":0,"hd":false,"mn":"ADBE Vector Shape - Group","nm":"Path 1","ix":1,"d":1,"ks":{"a":0,"k":{"c":true,"i":[[2.842,0],[0,2.846],[0,0],[-2.84,0],[0,-2.847],[0,0]],"o":[[-2.84,0],[0,0],[0,-2.847],[2.842,0],[0,0],[0,2.846]],"v":[[0,40.304],[-5.146,35.158],[-5.146,-35.159],[0,-40.304],[5.146,-35.159],[5.146,35.158]]},"ix":2}},{"ty":"fl","bm":0,"hd":false,"mn":"ADBE Vector Graphic - Fill","nm":"Fill 1","c":{"a":0,"k":[0.3255,0.2706,0.4745],"ix":4},"r":1,"o":{"a":0,"k":100,"ix":5}},{"ty":"tr","a":{"a":0,"k":[0,0],"ix":1},"s":{"a":0,"k":[100,100],"ix":3},"sk":{"a":0,"k":0,"ix":4},"p":{"a":0,"k":[699.122,744.517],"ix":2},"r":{"a":0,"k":0,"ix":6},"sa":{"a":0,"k":0,"ix":5},"o":{"a":0,"k":100,"ix":7}}]},{"ty":"gr","bm":0,"hd":false,"mn":"ADBE Vector Group","nm":"Group 3","ix":3,"cix":2,"np":2,"it":[{"ty":"sh","bm":0,"hd":false,"mn":"ADBE Vector Shape - Group","nm":"Path 1","ix":1,"d":1,"ks":{"a":0,"k":{"c":true,"i":[[0,0],[0.068,2.798],[0,0],[-2.841,0.07],[-0.07,-2.826],[0,0],[2.842,-0.068]],"o":[[-2.788,0],[0,0],[-0.069,-2.846],[2.714,-0.272],[0,0],[0.068,2.845],[0,0]],"v":[[0.797,38.453],[-4.349,33.432],[-5.942,-32.906],[-0.918,-38.18],[4.35,-33.16],[5.943,33.181],[0.918,38.453]]},"ix":2}},{"ty":"fl","bm":0,"hd":false,"mn":"ADBE Vector Graphic - Fill","nm":"Fill 1","c":{"a":0,"k":[0.3255,0.2706,0.4745],"ix":4},"r":1,"o":{"a":0,"k":100,"ix":5}},{"ty":"tr","a":{"a":0,"k":[0,0],"ix":1},"s":{"a":0,"k":[100,100],"ix":3},"sk":{"a":0,"k":0,"ix":4},"p":{"a":0,"k":[753.181,705.231],"ix":2},"r":{"a":0,"k":0,"ix":6},"sa":{"a":0,"k":0,"ix":5},"o":{"a":0,"k":100,"ix":7}}]},{"ty":"gr","bm":0,"hd":false,"mn":"ADBE Vector Group","nm":"Group 4","ix":4,"cix":2,"np":2,"it":[{"ty":"sh","bm":0,"hd":false,"mn":"ADBE Vector Shape - Group","nm":"Path 1","ix":1,"d":1,"ks":{"a":0,"k":{"c":true,"i":[[0.433,0],[0.605,2.309],[0,0],[-2.748,0.73],[-0.716,-2.747],[0,0],[2.749,-0.73]],"o":[[-2.281,0],[0,0],[-0.725,-2.749],[2.734,-0.663],[0,0],[0.726,2.749],[-0.439,0.108]],"v":[[8.192,36.557],[3.221,32.718],[-13.173,-29.607],[-9.508,-35.893],[-3.222,-32.22],[13.172,30.106],[9.506,36.391]]},"ix":2}},{"ty":"fl","bm":0,"hd":false,"mn":"ADBE Vector Graphic - Fill","nm":"Fill 1","c":{"a":0,"k":[0.3255,0.2706,0.4745],"ix":4},"r":1,"o":{"a":0,"k":100,"ix":5}},{"ty":"tr","a":{"a":0,"k":[0,0],"ix":1},"s":{"a":0,"k":[100,100],"ix":3},"sk":{"a":0,"k":0,"ix":4},"p":{"a":0,"k":[257.014,862.399],"ix":2},"r":{"a":0,"k":0,"ix":6},"sa":{"a":0,"k":0,"ix":5},"o":{"a":0,"k":100,"ix":7}}]},{"ty":"gr","bm":0,"hd":false,"mn":"ADBE Vector Group","nm":"Group 5","ix":5,"cix":2,"np":2,"it":[{"ty":"sh","bm":0,"hd":false,"mn":"ADBE Vector Shape - Group","nm":"Path 1","ix":1,"d":1,"ks":{"a":0,"k":{"c":true,"i":[[0.634,0],[0.804,2.016],[0,0],[-2.642,1.053],[-1.048,-2.642],[0,0],[2.642,-1.053]],"o":[[-2.047,0],[0,0],[-1.048,-2.651],[2.636,-1.022],[0,0],[1.048,2.65],[-0.624,0.244]],"v":[[12.353,36.639],[7.568,33.395],[-17.138,-28.931],[-14.248,-35.617],[-7.568,-32.732],[17.138,29.593],[14.248,36.279]]},"ix":2}},{"ty":"fl","bm":0,"hd":false,"mn":"ADBE Vector Graphic - Fill","nm":"Fill 1","c":{"a":0,"k":[0.3255,0.2706,0.4745],"ix":4},"r":1,"o":{"a":0,"k":100,"ix":5}},{"ty":"tr","a":{"a":0,"k":[0,0],"ix":1},"s":{"a":0,"k":[100,100],"ix":3},"sk":{"a":0,"k":0,"ix":4},"p":{"a":0,"k":[188.261,862.316],"ix":2},"r":{"a":0,"k":0,"ix":6},"sa":{"a":0,"k":0,"ix":5},"o":{"a":0,"k":100,"ix":7}}]},{"ty":"gr","bm":0,"hd":false,"mn":"ADBE Vector Group","nm":"Group 6","ix":6,"cix":2,"np":2,"it":[{"ty":"sh","bm":0,"hd":false,"mn":"ADBE Vector Shape - Group","nm":"Path 1","ix":1,"d":1,"ks":{"a":0,"k":{"c":true,"i":[[0.809,0],[0.921,1.754],[-2.514,1.325],[0,0],[-1.33,-2.524],[2.515,-1.325],[0,0]],"o":[[-1.852,0],[-1.325,-2.515],[0,0],[2.515,-1.355],[1.325,2.514],[0,0],[-0.766,0.409]],"v":[[-22.145,17.187],[-26.702,14.439],[-24.548,7.49],[19.752,-15.832],[26.702,-13.678],[24.547,-6.73],[-19.752,16.592]]},"ix":2}},{"ty":"fl","bm":0,"hd":false,"mn":"ADBE Vector Graphic - Fill","nm":"Fill 1","c":{"a":0,"k":[0.3255,0.2706,0.4745],"ix":4},"r":1,"o":{"a":0,"k":100,"ix":5}},{"ty":"tr","a":{"a":0,"k":[0,0],"ix":1},"s":{"a":0,"k":[100,100],"ix":3},"sk":{"a":0,"k":0,"ix":4},"p":{"a":0,"k":[547.698,21.75],"ix":2},"r":{"a":0,"k":0,"ix":6},"sa":{"a":0,"k":0,"ix":5},"o":{"a":0,"k":100,"ix":7}}]},{"ty":"gr","bm":0,"hd":false,"mn":"ADBE Vector Group","nm":"Group 7","ix":7,"cix":2,"np":2,"it":[{"ty":"sh","bm":0,"hd":false,"mn":"ADBE Vector Shape - Group","nm":"Path 1","ix":1,"d":1,"ks":{"a":0,"k":{"c":true,"i":[[0.892,0],[0.96,1.618],[0,0],[-2.446,1.443],[-1.448,-2.436],[0,0],[2.446,-1.443]],"o":[[-1.759,0],[0,0],[-1.446,-2.447],[2.446,-1.452],[0,0],[1.447,2.447],[-0.824,0.487]],"v":[[32.023,59.65],[27.588,57.126],[-36.448,-51.151],[-34.639,-58.198],[-27.588,-56.395],[36.447,51.882],[34.64,58.929]]},"ix":2}},{"ty":"fl","bm":0,"hd":false,"mn":"ADBE Vector Graphic - Fill","nm":"Fill 1","c":{"a":0,"k":[0.3255,0.2706,0.4745],"ix":4},"r":1,"o":{"a":0,"k":100,"ix":5}},{"ty":"tr","a":{"a":0,"k":[0,0],"ix":1},"s":{"a":0,"k":[100,100],"ix":3},"sk":{"a":0,"k":0,"ix":4},"p":{"a":0,"k":[493.53,179.185],"ix":2},"r":{"a":0,"k":0,"ix":6},"sa":{"a":0,"k":0,"ix":5},"o":{"a":0,"k":100,"ix":7}}]},{"ty":"gr","bm":0,"hd":false,"mn":"ADBE Vector Group","nm":"Group 8","ix":8,"cix":2,"np":2,"it":[{"ty":"sh","bm":0,"hd":false,"mn":"ADBE Vector Shape - Group","nm":"Path 1","ix":1,"d":1,"ks":{"a":0,"k":{"c":true,"i":[[2.757,0],[-0.098,2.846],[0,0],[-2.725,0.098],[0.098,-2.845],[0,0]],"o":[[-3.022,-0.097],[0,0],[0.098,-2.836],[2.84,0.098],[0,0],[-0.094,2.778]],"v":[[-2.175,69.361],[-7.322,64.04],[-2.961,-64.39],[2.357,-69.361],[7.321,-64.04],[2.961,64.392]]},"ix":2}},{"ty":"fl","bm":0,"hd":false,"mn":"ADBE Vector Graphic - Fill","nm":"Fill 1","c":{"a":0,"k":[0.3255,0.2706,0.4745],"ix":4},"r":1,"o":{"a":0,"k":100,"ix":5}},{"ty":"tr","a":{"a":0,"k":[0,0],"ix":1},"s":{"a":0,"k":[100,100],"ix":3},"sk":{"a":0,"k":0,"ix":4},"p":{"a":0,"k":[318.396,208.32],"ix":2},"r":{"a":0,"k":0,"ix":6},"sa":{"a":0,"k":0,"ix":5},"o":{"a":0,"k":100,"ix":7}}]},{"ty":"gr","bm":0,"hd":false,"mn":"ADBE Vector Group","nm":"Group 9","ix":9,"cix":2,"np":2,"it":[{"ty":"sh","bm":0,"hd":false,"mn":"ADBE Vector Shape - Group","nm":"Path 1","ix":1,"d":1,"ks":{"a":0,"k":{"c":true,"i":[[2.709,0],[2.544,1.549],[-1.466,2.427],[-2.432,-1.462],[-155.209,-8.684],[0.161,-2.837]],"o":[[-158.537,-8.859],[-2.427,-1.473],[1.462,-2.437],[0.608,0.37],[2.836,0.155],[-0.151,2.748]],"v":[[110.268,28.507],[-112.364,-18.244],[-114.094,-25.301],[-107.032,-27.045],[110.55,18.225],[115.398,23.644]]},"ix":2}},{"ty":"fl","bm":0,"hd":false,"mn":"ADBE Vector Graphic - Fill","nm":"Fill 1","c":{"a":0,"k":[0.3255,0.2706,0.4745],"ix":4},"r":1,"o":{"a":0,"k":100,"ix":5}},{"ty":"tr","a":{"a":0,"k":[0,0],"ix":1},"s":{"a":0,"k":[100,100],"ix":3},"sk":{"a":0,"k":0,"ix":4},"p":{"a":0,"k":[201.621,75.769],"ix":2},"r":{"a":0,"k":0,"ix":6},"sa":{"a":0,"k":0,"ix":5},"o":{"a":0,"k":100,"ix":7}}]},{"ty":"gr","bm":0,"hd":false,"mn":"ADBE Vector Group","nm":"Group 10","ix":10,"cix":2,"np":2,"it":[{"ty":"sh","bm":0,"hd":false,"mn":"ADBE Vector Shape - Group","nm":"Path 1","ix":1,"d":1,"ks":{"a":0,"k":{"c":true,"i":[[7.102,-9.057],[149.021,-44.252],[27.478,20.891],[0,0],[-214.885,44.253],[-4.528,3.807]],"o":[[-11.217,14.408],[-148.916,44.254],[-27.478,-20.892],[0,0],[211.489,-43.637],[2.368,25.935]],"v":[[352.739,-59.948],[105.229,83.205],[-311.779,110.684],[-359.84,33.19],[-7.565,38.645],[355.62,-131.576]]},"ix":2}},{"ty":"fl","bm":0,"hd":false,"mn":"ADBE Vector Graphic - Fill","nm":"Fill 1","c":{"a":0,"k":[0.3608,0.6706,0.7765],"ix":4},"r":1,"o":{"a":0,"k":100,"ix":5}},{"ty":"tr","a":{"a":0,"k":[0,0],"ix":1},"s":{"a":0,"k":[100,100],"ix":3},"sk":{"a":0,"k":0,"ix":4},"p":{"a":0,"k":[430.244,774.492],"ix":2},"r":{"a":0,"k":0,"ix":6},"sa":{"a":0,"k":0,"ix":5},"o":{"a":0,"k":100,"ix":7}}]},{"ty":"gr","bm":0,"hd":false,"mn":"ADBE Vector Group","nm":"Group 11","ix":11,"cix":2,"np":2,"it":[{"ty":"sh","bm":0,"hd":false,"mn":"ADBE Vector Shape - Group","nm":"Path 1","ix":1,"d":1,"ks":{"a":0,"k":{"c":true,"i":[[7.109,-9.05],[149.021,-44.25],[27.469,20.89],[0,0],[-64.83,107.79],[0,0],[0,0],[-2.55,-5.48],[-39.351,-245.07],[0,0],[-1.33,-15.231]],"o":[[-11.211,14.41],[-148.909,44.25],[-27.48,-20.89],[0,0],[0,0],[0,0],[0,0],[25.26,54.35],[-0.28,0.03],[0,0],[2.37,25.93]],"v":[[387.811,261.38],[140.299,404.54],[-276.699,432.02],[-324.77,354.52],[-330.089,-423.91],[177.061,-452.75],[179.911,-452.91],[183.839,-444.53],[388.23,162.96],[387.811,163],[390.69,189.76]]},"ix":2}},{"ty":"fl","bm":0,"hd":false,"mn":"ADBE Vector Graphic - Fill","nm":"Fill 1","c":{"a":0,"k":[0.2431,0.498,0.6118],"ix":4},"r":1,"o":{"a":0,"k":100,"ix":5}},{"ty":"tr","a":{"a":0,"k":[0,0],"ix":1},"s":{"a":0,"k":[100,100],"ix":3},"sk":{"a":0,"k":0,"ix":4},"p":{"a":0,"k":[395.169,453.16],"ix":2},"r":{"a":0,"k":0,"ix":6},"sa":{"a":0,"k":0,"ix":5},"o":{"a":0,"k":100,"ix":7}}]}],"ind":14},{"ty":4,"nm":"arm2","sr":1,"st":0,"op":150,"ip":0,"hd":false,"ddd":0,"bm":0,"hasMask":false,"ao":0,"ks":{"a":{"a":0,"k":[3.865,-0.159,0],"ix":1},"s":{"a":0,"k":[100,100,100],"ix":6},"sk":{"a":0,"k":0},"p":{"a":0,"k":[582.625,8.22,0],"ix":2},"r":{"a":1,"k":[{"o":{"x":0.163,"y":0},"i":{"x":0.384,"y":1},"s":[-7],"t":20},{"s":[0],"t":40}],"ix":10},"sa":{"a":0,"k":0},"o":{"a":0,"k":100,"ix":11}},"ef":[],"shapes":[{"ty":"gr","bm":0,"hd":false,"mn":"ADBE Vector Group","nm":"Group 1","ix":1,"cix":2,"np":2,"it":[{"ty":"sh","bm":0,"hd":false,"mn":"ADBE Vector Shape - Group","nm":"Path 1","ix":1,"d":1,"ks":{"a":0,"k":{"c":true,"i":[[58.96,-34.21],[13.88,0.74],[-113.19,-76.96]],"o":[[-14.12,1.38],[3.859,-84.541],[51.389,34.94]],"v":[[-59.384,116.499],[-128.579,124.277],[50.165,-41.301]]},"ix":2}},{"ty":"fl","bm":0,"hd":false,"mn":"ADBE Vector Graphic - Fill","nm":"Fill 1","c":{"a":0,"k":[0.3255,0.2706,0.4745],"ix":4},"r":1,"o":{"a":0,"k":100,"ix":5}},{"ty":"tr","a":{"a":0,"k":[0,0],"ix":1},"s":{"a":0,"k":[100,100],"ix":3},"sk":{"a":0,"k":0,"ix":4},"p":{"a":0,"k":[265.154,249.171],"ix":2},"r":{"a":0,"k":0,"ix":6},"sa":{"a":0,"k":0,"ix":5},"o":{"a":0,"k":100,"ix":7}}]},{"ty":"gr","bm":0,"hd":false,"mn":"ADBE Vector Group","nm":"Group 2","ix":2,"cix":2,"np":2,"it":[{"ty":"sh","bm":0,"hd":false,"mn":"ADBE Vector Shape - Group","nm":"Path 1","ix":1,"d":1,"ks":{"a":1,"k":[{"o":{"x":0.167,"y":0.167},"i":{"x":0.833,"y":0.833},"s":[{"c":true,"i":[[-98.86,-143.8],[45.287,-12.809],[15.861,34],[13.47,28.971]],"o":[[-8.99,58.88],[-104.812,36.264],[-56.909,-121.91],[49.7,17.561]],"v":[[193.615,67.931],[67.634,204.557],[-125.177,178.653],[-193.615,-183.591]]}],"t":20},{"s":[{"c":true,"i":[[-98.86,-143.8],[6.61,0.891],[15.861,34],[13.47,28.971]],"o":[[-8.99,58.88],[-23.37,-34.229],[-56.909,-121.91],[49.7,17.561]],"v":[[193.615,67.93],[-50.375,180.999],[-108.776,77.9],[-193.615,-183.591]]}],"t":40}],"ix":2}},{"ty":"fl","bm":0,"hd":false,"mn":"ADBE Vector Graphic - Fill","nm":"Fill 1","c":{"a":0,"k":[0.2431,0.498,0.6118],"ix":4},"r":1,"o":{"a":0,"k":100,"ix":5}},{"ty":"tr","a":{"a":0,"k":[0,0],"ix":1},"s":{"a":0,"k":[100,100],"ix":3},"sk":{"a":0,"k":0,"ix":4},"p":{"a":0,"k":[193.865,183.841],"ix":2},"r":{"a":0,"k":0,"ix":6},"sa":{"a":0,"k":0,"ix":5},"o":{"a":0,"k":100,"ix":7}}]}],"ind":15,"parent":14},{"ty":0,"nm":"music","sr":1,"st":85,"op":265,"ip":85,"hd":true,"ddd":0,"bm":0,"hasMask":false,"ao":0,"ks":{"a":{"a":0,"k":[960,540,0],"ix":1},"s":{"a":0,"k":[-203,203,100],"ix":6},"sk":{"a":0,"k":0},"p":{"a":0,"k":[280.176,1548,0],"ix":2},"r":{"a":0,"k":-13,"ix":10},"sa":{"a":0,"k":0},"o":{"a":0,"k":100,"ix":11}},"ef":[],"w":1920,"h":1080,"refId":"comp_3","ind":16},{"ty":0,"nm":"music","sr":1,"st":64,"op":244,"ip":64,"hd":true,"ddd":0,"bm":0,"hasMask":false,"ao":0,"ks":{"a":{"a":0,"k":[960,540,0],"ix":1},"s":{"a":0,"k":[-203,203,100],"ix":6},"sk":{"a":0,"k":0},"p":{"a":0,"k":[280.176,1548,0],"ix":2},"r":{"a":0,"k":-13,"ix":10},"sa":{"a":0,"k":0},"o":{"a":0,"k":100,"ix":11}},"ef":[],"w":1920,"h":1080,"refId":"comp_3","ind":17},{"ty":0,"nm":"music","sr":1,"st":32,"op":212,"ip":32,"hd":true,"ddd":0,"bm":0,"hasMask":false,"ao":0,"ks":{"a":{"a":0,"k":[960,540,0],"ix":1},"s":{"a":0,"k":[-203,203,100],"ix":6},"sk":{"a":0,"k":0},"p":{"a":0,"k":[280.176,1548,0],"ix":2},"r":{"a":0,"k":-13,"ix":10},"sa":{"a":0,"k":0},"o":{"a":0,"k":100,"ix":11}},"ef":[],"w":1920,"h":1080,"refId":"comp_3","ind":18},{"ty":0,"nm":"music","sr":1,"st":15,"op":195,"ip":15,"hd":true,"ddd":0,"bm":0,"hasMask":false,"ao":0,"ks":{"a":{"a":0,"k":[960,540,0],"ix":1},"s":{"a":0,"k":[-203,203,100],"ix":6},"sk":{"a":0,"k":0},"p":{"a":0,"k":[-63.824,1124,0],"ix":2},"r":{"a":0,"k":0,"ix":10},"sa":{"a":0,"k":0},"o":{"a":0,"k":100,"ix":11}},"ef":[],"w":1920,"h":1080,"refId":"comp_3","ind":19},{"ty":4,"nm":"circle","sr":1,"st":0,"op":150,"ip":0,"hd":false,"ddd":0,"bm":0,"hasMask":false,"ao":0,"ks":{"a":{"a":0,"k":[716.76,716.761,0],"ix":1},"s":{"a":1,"k":[{"o":{"x":0.067,"y":0},"i":{"x":0,"y":1},"s":[0,0,100],"t":0},{"s":[100,100,100],"t":10}],"ix":6},"sk":{"a":0,"k":0},"p":{"a":0,"k":[1000,1000,0],"ix":2},"r":{"a":0,"k":0,"ix":10},"sa":{"a":0,"k":0},"o":{"a":0,"k":100,"ix":11}},"ef":[],"shapes":[{"ty":"gr","bm":0,"hd":false,"mn":"ADBE Vector Group","nm":"Group 1","ix":1,"cix":2,"np":2,"it":[{"ty":"sh","bm":0,"hd":false,"mn":"ADBE Vector Shape - Group","nm":"Path 1","ix":1,"d":1,"ks":{"a":0,"k":{"c":true,"i":[[0,-395.718],[395.718,0],[0,395.718],[-395.718,0]],"o":[[0,395.718],[-395.718,0],[0,-395.718],[395.718,0]],"v":[[716.511,0],[0,716.511],[-716.51,0],[0,-716.511]]},"ix":2}},{"ty":"fl","bm":0,"hd":false,"mn":"ADBE Vector Graphic - Fill","nm":"Fill 1","c":{"a":0,"k":[0.9686,0.8314,0.7098],"ix":4},"r":1,"o":{"a":0,"k":100,"ix":5}},{"ty":"tr","a":{"a":0,"k":[0,0],"ix":1},"s":{"a":0,"k":[100,100],"ix":3},"sk":{"a":0,"k":0,"ix":4},"p":{"a":0,"k":[716.76,716.761],"ix":2},"r":{"a":0,"k":0,"ix":6},"sa":{"a":0,"k":0,"ix":5},"o":{"a":0,"k":100,"ix":7}}]}],"ind":20}]},{"nm":"figure","id":"comp_1","layers":[{"ty":4,"nm":"Layer 10 Outlines","sr":1,"st":0,"op":150,"ip":0,"hd":false,"ddd":0,"bm":0,"hasMask":false,"ao":0,"ks":{"a":{"a":0,"k":[98.715,52.353,0],"ix":1},"s":{"a":0,"k":[100,100,100],"ix":6},"sk":{"a":0,"k":0},"p":{"a":0,"k":[1427.159,1293.56,0],"ix":2},"r":{"a":0,"k":0,"ix":10},"sa":{"a":0,"k":0},"o":{"a":0,"k":100,"ix":11}},"ef":[],"shapes":[{"ty":"gr","bm":0,"hd":false,"mn":"ADBE Vector Group","nm":"Group 1","ix":1,"cix":2,"np":2,"it":[{"ty":"sh","bm":0,"hd":false,"mn":"ADBE Vector Shape - Group","nm":"Path 1","ix":1,"d":1,"ks":{"a":0,"k":{"c":true,"i":[[2.368,0],[0.371,0.078],[0,0],[-0.604,2.777],[-2.764,-0.595],[0,0],[0.605,-2.777]],"o":[[-0.365,0],[0,0],[-2.78,-0.606],[0.604,-2.777],[0,0],[2.777,0.604],[-0.526,2.407]],"v":[[48.174,15.906],[47.073,15.789],[-49.265,-5.252],[-53.198,-11.383],[-47.073,-15.311],[49.266,5.731],[53.198,11.861]]},"ix":2}},{"ty":"fl","bm":0,"hd":false,"mn":"ADBE Vector Graphic - Fill","nm":"Fill 1","c":{"a":0,"k":[0,0,0],"ix":4},"r":1,"o":{"a":0,"k":100,"ix":5}},{"ty":"tr","a":{"a":0,"k":[0,0],"ix":1},"s":{"a":0,"k":[100,100],"ix":3},"sk":{"a":0,"k":0,"ix":4},"p":{"a":0,"k":[87.711,82.383],"ix":2},"r":{"a":0,"k":0,"ix":6},"sa":{"a":0,"k":0,"ix":5},"o":{"a":0,"k":100,"ix":7}}]},{"ty":"gr","bm":0,"hd":false,"mn":"ADBE Vector Group","nm":"Group 2","ix":2,"cix":2,"np":2,"it":[{"ty":"sh","bm":0,"hd":false,"mn":"ADBE Vector Shape - Group","nm":"Path 1","ix":1,"d":1,"ks":{"a":0,"k":{"c":true,"i":[[0,0],[17.054,35.39],[18.922,-36.042]],"o":[[0,0],[-17.052,-35.388],[-18.923,36.043]],"v":[[27.032,50.234],[81.41,16.713],[-79.541,-16.061]]},"ix":2}},{"ty":"fl","bm":0,"hd":false,"mn":"ADBE Vector Graphic - Fill","nm":"Fill 1","c":{"a":0,"k":[0.949,0.5529,0.5843],"ix":4},"r":1,"o":{"a":0,"k":100,"ix":5}},{"ty":"tr","a":{"a":0,"k":[0,0],"ix":1},"s":{"a":0,"k":[100,100],"ix":3},"sk":{"a":0,"k":0,"ix":4},"p":{"a":0,"k":[98.714,52.354],"ix":2},"r":{"a":0,"k":0,"ix":6},"sa":{"a":0,"k":0,"ix":5},"o":{"a":0,"k":100,"ix":7}}]}],"ind":1},{"ty":4,"nm":"Layer 9 Outlines","sr":1,"st":0,"op":150,"ip":0,"hd":false,"ddd":0,"bm":0,"hasMask":false,"ao":0,"ks":{"a":{"a":0,"k":[98.714,52.354,0],"ix":1},"s":{"a":0,"k":[100,100,100],"ix":6},"sk":{"a":0,"k":0},"p":{"a":0,"k":[1442.973,1236.594,0],"ix":2},"r":{"a":0,"k":0,"ix":10},"sa":{"a":0,"k":0},"o":{"a":0,"k":100,"ix":11}},"ef":[],"shapes":[{"ty":"gr","bm":0,"hd":false,"mn":"ADBE Vector Group","nm":"Group 1","ix":1,"cix":2,"np":2,"it":[{"ty":"sh","bm":0,"hd":false,"mn":"ADBE Vector Shape - Group","nm":"Path 1","ix":1,"d":1,"ks":{"a":0,"k":{"c":true,"i":[[2.368,0],[0.371,0.078],[0,0],[-0.605,2.778],[-2.783,-0.585],[0,0],[0.606,-2.778]],"o":[[-0.365,0],[0,0],[-2.777,-0.606],[0.608,-2.778],[0,0],[2.777,0.604],[-0.525,2.407]],"v":[[48.172,15.895],[47.07,15.779],[-49.264,-5.252],[-53.195,-11.384],[-47.07,-15.311],[49.263,5.72],[53.195,11.852]]},"ix":2}},{"ty":"fl","bm":0,"hd":false,"mn":"ADBE Vector Graphic - Fill","nm":"Fill 1","c":{"a":0,"k":[0,0,0],"ix":4},"r":1,"o":{"a":0,"k":100,"ix":5}},{"ty":"tr","a":{"a":0,"k":[0,0],"ix":1},"s":{"a":0,"k":[100,100],"ix":3},"sk":{"a":0,"k":0,"ix":4},"p":{"a":0,"k":[96.186,81.167],"ix":2},"r":{"a":0,"k":0,"ix":6},"sa":{"a":0,"k":0,"ix":5},"o":{"a":0,"k":100,"ix":7}}]},{"ty":"gr","bm":0,"hd":false,"mn":"ADBE Vector Group","nm":"Group 2","ix":2,"cix":2,"np":2,"it":[{"ty":"sh","bm":0,"hd":false,"mn":"ADBE Vector Shape - Group","nm":"Path 1","ix":1,"d":1,"ks":{"a":0,"k":{"c":true,"i":[[0,0],[17.053,35.39],[18.922,-36.043]],"o":[[0,0],[-17.053,-35.389],[-18.922,36.042]],"v":[[27.032,50.234],[81.411,16.714],[-79.542,-16.061]]},"ix":2}},{"ty":"fl","bm":0,"hd":false,"mn":"ADBE Vector Graphic - Fill","nm":"Fill 1","c":{"a":0,"k":[0.949,0.5529,0.5843],"ix":4},"r":1,"o":{"a":0,"k":100,"ix":5}},{"ty":"tr","a":{"a":0,"k":[0,0],"ix":1},"s":{"a":0,"k":[100,100],"ix":3},"sk":{"a":0,"k":0,"ix":4},"p":{"a":0,"k":[98.714,52.354],"ix":2},"r":{"a":0,"k":0,"ix":6},"sa":{"a":0,"k":0,"ix":5},"o":{"a":0,"k":100,"ix":7}}]}],"ind":2},{"ty":4,"nm":"Layer 8 Outlines","sr":1,"st":0,"op":150,"ip":0,"hd":false,"ddd":0,"bm":0,"hasMask":false,"ao":0,"ks":{"a":{"a":0,"k":[78.513,53.092,0],"ix":1},"s":{"a":0,"k":[100,100,100],"ix":6},"sk":{"a":0,"k":0},"p":{"a":0,"k":[1402.209,1344.784,0],"ix":2},"r":{"a":0,"k":0,"ix":10},"sa":{"a":0,"k":0},"o":{"a":0,"k":100,"ix":11}},"ef":[],"shapes":[{"ty":"gr","bm":0,"hd":false,"mn":"ADBE Vector Group","nm":"Group 1","ix":1,"cix":2,"np":2,"it":[{"ty":"sh","bm":0,"hd":false,"mn":"ADBE Vector Shape - Group","nm":"Path 1","ix":1,"d":1,"ks":{"a":0,"k":{"c":true,"i":[[-28.606,-14.194],[-16.02,1.208],[4.768,16.715],[21.935,-28.576]],"o":[[14.392,7.142],[14.311,-1.078],[-9.533,-33.431],[-16.351,21.305]],"v":[[4.468,41.833],[50.835,51.634],[73.495,28.583],[-61.912,-24.266]]},"ix":2}},{"ty":"fl","bm":0,"hd":false,"mn":"ADBE Vector Graphic - Fill","nm":"Fill 1","c":{"a":0,"k":[0.949,0.5529,0.5843],"ix":4},"r":1,"o":{"a":0,"k":100,"ix":5}},{"ty":"tr","a":{"a":0,"k":[0,0],"ix":1},"s":{"a":0,"k":[100,100],"ix":3},"sk":{"a":0,"k":0,"ix":4},"p":{"a":0,"k":[78.513,53.092],"ix":2},"r":{"a":0,"k":0,"ix":6},"sa":{"a":0,"k":0,"ix":5},"o":{"a":0,"k":100,"ix":7}}]}],"ind":3}]},{"nm":"face","id":"comp_2","layers":[{"ty":4,"nm":"Layer 12 Outlines","sr":1,"st":0,"op":150,"ip":0,"hd":false,"ddd":0,"bm":0,"hasMask":false,"ao":0,"ks":{"a":{"a":0,"k":[26.398,15.419,0],"ix":1},"s":{"a":0,"k":[100,100,100],"ix":6},"sk":{"a":0,"k":0},"p":{"a":0,"k":[956.543,632.863,0],"ix":2},"r":{"a":0,"k":0,"ix":10},"sa":{"a":0,"k":0},"o":{"a":0,"k":100,"ix":11}},"ef":[],"shapes":[{"ty":"gr","bm":0,"hd":false,"mn":"ADBE Vector Group","nm":"Group 1","ix":1,"cix":2,"np":2,"it":[{"ty":"sh","bm":0,"hd":false,"mn":"ADBE Vector Shape - Group","nm":"Path 1","ix":1,"d":1,"ks":{"a":0,"k":{"c":true,"i":[[3.167,0],[4.941,8.353],[-2.437,1.452],[-1.462,-2.437],[-21.821,5.654],[-0.716,-2.758],[2.753,-0.722]],"o":[[-18.357,0],[-1.442,-2.446],[2.421,-1.433],[0.536,0.877],[2.715,-0.759],[0.717,2.749],[-3.455,0.896]],"v":[[11.802,15.169],[-24.706,-6.701],[-22.908,-13.736],[-15.857,-11.953],[19.155,3.903],[25.431,7.587],[21.748,13.864]]},"ix":2}},{"ty":"fl","bm":0,"hd":false,"mn":"ADBE Vector Graphic - Fill","nm":"Fill 1","c":{"a":0,"k":[0,0,0],"ix":4},"r":1,"o":{"a":0,"k":100,"ix":5}},{"ty":"tr","a":{"a":0,"k":[0,0],"ix":1},"s":{"a":0,"k":[100,100],"ix":3},"sk":{"a":0,"k":0,"ix":4},"p":{"a":0,"k":[26.398,15.42],"ix":2},"r":{"a":0,"k":0,"ix":6},"sa":{"a":0,"k":0,"ix":5},"o":{"a":0,"k":100,"ix":7}}]}],"ind":1},{"ty":4,"nm":"Layer 11 Outlines","sr":1,"st":0,"op":150,"ip":0,"hd":false,"ddd":0,"bm":0,"hasMask":false,"ao":0,"ks":{"a":{"a":0,"k":[59.229,147.252,0],"ix":1},"s":{"a":0,"k":[100,100,100],"ix":6},"sk":{"a":0,"k":0},"p":{"a":0,"k":[813.662,520.336,0],"ix":2},"r":{"a":0,"k":0,"ix":10},"sa":{"a":0,"k":0},"o":{"a":0,"k":100,"ix":11}},"ef":[],"shapes":[{"ty":"gr","bm":0,"hd":false,"mn":"ADBE Vector Group","nm":"Group 1","ix":1,"cix":2,"np":2,"it":[{"ty":"sh","bm":0,"hd":false,"mn":"ADBE Vector Shape - Group","nm":"Path 1","ix":1,"d":1,"ks":{"a":0,"k":{"c":true,"i":[[0,0],[5.38,-20.194],[0,0],[0,0]],"o":[[0,0],[-5.38,20.195],[0,0],[0,0]],"v":[[-5.573,-95.403],[-30.088,-52.292],[-4.111,95.403],[35.468,86.427]]},"ix":2}},{"ty":"fl","bm":0,"hd":false,"mn":"ADBE Vector Graphic - Fill","nm":"Fill 1","c":{"a":0,"k":[0.6078,0.1843,0.2667],"ix":4},"r":1,"o":{"a":0,"k":100,"ix":5}},{"ty":"tr","a":{"a":0,"k":[0,0],"ix":1},"s":{"a":0,"k":[100,100],"ix":3},"sk":{"a":0,"k":0,"ix":4},"p":{"a":0,"k":[35.718,95.652],"ix":2},"r":{"a":0,"k":0,"ix":6},"sa":{"a":0,"k":0,"ix":5},"o":{"a":0,"k":100,"ix":7}}]},{"ty":"gr","bm":0,"hd":false,"mn":"ADBE Vector Group","nm":"Group 2","ix":2,"cix":2,"np":2,"it":[{"ty":"sh","bm":0,"hd":false,"mn":"ADBE Vector Shape - Group","nm":"Path 1","ix":1,"d":1,"ks":{"a":0,"k":{"c":true,"i":[[-4.541,-35.434],[25.065,-3.213],[4.54,35.434],[-25.065,3.213]],"o":[[4.541,35.433],[-25.064,3.211],[-4.542,-35.433],[25.064,-3.213]],"v":[[45.383,-5.816],[8.222,64.16],[-45.382,5.817],[-8.222,-64.157]]},"ix":2}},{"ty":"fl","bm":0,"hd":false,"mn":"ADBE Vector Graphic - Fill","nm":"Fill 1","c":{"a":0,"k":[0.6078,0.1843,0.2667],"ix":4},"r":1,"o":{"a":0,"k":100,"ix":5}},{"ty":"tr","a":{"a":0,"k":[0,0],"ix":1},"s":{"a":0,"k":[100,100],"ix":3},"sk":{"a":0,"k":0,"ix":4},"p":{"a":0,"k":[50.94,226.883],"ix":2},"r":{"a":0,"k":0,"ix":6},"sa":{"a":0,"k":0,"ix":5},"o":{"a":0,"k":100,"ix":7}}]},{"ty":"gr","bm":0,"hd":false,"mn":"ADBE Vector Group","nm":"Group 3","ix":3,"cix":2,"np":2,"it":[{"ty":"sh","bm":0,"hd":false,"mn":"ADBE Vector Shape - Group","nm":"Path 1","ix":1,"d":1,"ks":{"a":0,"k":{"c":true,"i":[[0,0],[0,0],[0,0],[0,0],[0,0],[0,0]],"o":[[0,0],[0,0],[0,0],[0,0],[0,0],[0,0]],"v":[[-11.768,-65.91],[-29.111,-62.407],[-12.666,65.91],[4.676,62.406],[23.61,42.041],[29.111,-29.101]]},"ix":2}},{"ty":"fl","bm":0,"hd":false,"mn":"ADBE Vector Graphic - Fill","nm":"Fill 1","c":{"a":0,"k":[1,1,1],"ix":4},"r":1,"o":{"a":0,"k":100,"ix":5}},{"ty":"tr","a":{"a":0,"k":[0,0],"ix":1},"s":{"a":0,"k":[100,100],"ix":3},"sk":{"a":0,"k":0,"ix":4},"p":{"a":0,"k":[71.829,225.133],"ix":2},"r":{"a":0,"k":0,"ix":6},"sa":{"a":0,"k":0,"ix":5},"o":{"a":0,"k":100,"ix":7}}]},{"ty":"gr","bm":0,"hd":false,"mn":"ADBE Vector Group","nm":"Group 4","ix":4,"cix":2,"np":2,"it":[{"ty":"sh","bm":0,"hd":false,"mn":"ADBE Vector Shape - Group","nm":"Path 1","ix":1,"d":1,"ks":{"a":0,"k":{"c":true,"i":[[-4.541,-35.435],[25.064,-3.212],[4.541,35.435],[-25.064,3.213]],"o":[[4.541,35.434],[-25.065,3.212],[-4.542,-35.433],[25.064,-3.213]],"v":[[45.384,-5.816],[8.223,64.158],[-45.383,5.816],[-8.222,-64.157]]},"ix":2}},{"ty":"fl","bm":0,"hd":false,"mn":"ADBE Vector Graphic - Fill","nm":"Fill 1","c":{"a":0,"k":[1,1,1],"ix":4},"r":1,"o":{"a":0,"k":100,"ix":5}},{"ty":"tr","a":{"a":0,"k":[0,0],"ix":1},"s":{"a":0,"k":[100,100],"ix":3},"sk":{"a":0,"k":0,"ix":4},"p":{"a":0,"k":[68.283,223.381],"ix":2},"r":{"a":0,"k":0,"ix":6},"sa":{"a":0,"k":0,"ix":5},"o":{"a":0,"k":100,"ix":7}}]}],"ind":2},{"ty":4,"nm":"Layer 27 Outlines","sr":1,"st":0,"op":150,"ip":0,"hd":false,"ddd":0,"bm":0,"hasMask":false,"ao":0,"ks":{"a":{"a":0,"k":[23.195,10.64,0],"ix":1},"s":{"a":0,"k":[100,100,100],"ix":6},"sk":{"a":0,"k":0},"p":{"a":1,"k":[{"o":{"x":0.333,"y":0},"i":{"x":0.253,"y":1},"s":[1007.989,470.227,0],"t":15,"ti":[0,0,0],"to":[0,2.583,0]},{"o":{"x":0.333,"y":0},"i":{"x":0.15,"y":1},"s":[1007.989,485.727,0],"t":20,"ti":[0,2.583,0],"to":[0,0,0]},{"s":[1007.989,470.227,0],"t":24}],"ix":2},"r":{"a":0,"k":0,"ix":10},"sa":{"a":0,"k":0},"o":{"a":0,"k":100,"ix":11}},"ef":[],"shapes":[{"ty":"gr","bm":0,"hd":false,"mn":"ADBE Vector Group","nm":"Group 1","ix":1,"cix":2,"np":2,"it":[{"ty":"sh","bm":0,"hd":false,"mn":"ADBE Vector Shape - Group","nm":"Path 1","ix":1,"d":1,"ks":{"a":0,"k":{"c":true,"i":[[1.642,0],[0.887,0.605],[-1.609,2.339],[-6.481,0.809],[-0.517,-0.458],[1.872,-2.125],[2.134,1.871],[6.934,-0.984],[2.495,-3.646]],"o":[[-0.999,0],[-2.348,-1.608],[4.205,-6.15],[13.158,-1.667],[2.123,1.871],[-1.877,2.144],[-2.574,-2.252],[-3.46,0.429],[-0.996,1.461]],"v":[[-17.097,9.804],[-19.997,8.907],[-21.336,1.755],[-5.232,-8.723],[20.625,0.808],[21.073,8.051],[13.812,8.519],[-3.993,1.5],[-12.847,7.563]]},"ix":2}},{"ty":"fl","bm":0,"hd":false,"mn":"ADBE Vector Graphic - Fill","nm":"Fill 1","c":{"a":0,"k":[0,0,0],"ix":4},"r":1,"o":{"a":0,"k":100,"ix":5}},{"ty":"tr","a":{"a":0,"k":[0,0],"ix":1},"s":{"a":0,"k":[100,100],"ix":3},"sk":{"a":0,"k":0,"ix":4},"p":{"a":0,"k":[23.195,10.64],"ix":2},"r":{"a":0,"k":0,"ix":6},"sa":{"a":0,"k":0,"ix":5},"o":{"a":0,"k":100,"ix":7}}]}],"ind":3},{"ty":4,"nm":"Layer 26 Outlines","sr":1,"st":0,"op":150,"ip":0,"hd":false,"ddd":0,"bm":0,"hasMask":false,"ao":0,"ks":{"a":{"a":0,"k":[21.405,13.958,0],"ix":1},"s":{"a":0,"k":[100,100,100],"ix":6},"sk":{"a":0,"k":0},"p":{"a":1,"k":[{"o":{"x":0.333,"y":0},"i":{"x":0.253,"y":1},"s":[925.669,483.486,0],"t":15,"ti":[0,0,0],"to":[0,2.583,0]},{"o":{"x":0.333,"y":0},"i":{"x":0.15,"y":1},"s":[925.669,498.986,0],"t":20,"ti":[0,2.583,0],"to":[0,0,0]},{"s":[925.669,483.486,0],"t":24}],"ix":2},"r":{"a":0,"k":0,"ix":10},"sa":{"a":0,"k":0},"o":{"a":0,"k":100,"ix":11}},"ef":[],"shapes":[{"ty":"gr","bm":0,"hd":false,"mn":"ADBE Vector Group","nm":"Group 1","ix":1,"cix":2,"np":2,"it":[{"ty":"sh","bm":0,"hd":false,"mn":"ADBE Vector Shape - Group","nm":"Path 1","ix":1,"d":1,"ks":{"a":0,"k":{"c":true,"i":[[1.866,0],[0.755,0.379],[-1.302,2.524],[-1.067,-0.224],[0.588,-2.777],[2.792,0.624],[6.607,-12.883]],"o":[[-0.789,0],[-2.529,-1.306],[10.237,-19.921],[2.773,0.594],[-0.585,2.778],[-0.769,-0.175],[-0.911,1.774]],"v":[[-15.283,13.708],[-17.633,13.143],[-19.853,6.213],[16.629,-8.279],[20.567,-2.178],[14.47,1.779],[-10.702,10.92]]},"ix":2}},{"ty":"fl","bm":0,"hd":false,"mn":"ADBE Vector Graphic - Fill","nm":"Fill 1","c":{"a":0,"k":[0,0,0],"ix":4},"r":1,"o":{"a":0,"k":100,"ix":5}},{"ty":"tr","a":{"a":0,"k":[0,0],"ix":1},"s":{"a":0,"k":[100,100],"ix":3},"sk":{"a":0,"k":0,"ix":4},"p":{"a":0,"k":[21.405,13.958],"ix":2},"r":{"a":0,"k":0,"ix":6},"sa":{"a":0,"k":0,"ix":5},"o":{"a":0,"k":100,"ix":7}}]}],"ind":4},{"ty":4,"nm":"Layer 25 Outlines","sr":1,"st":0,"op":150,"ip":0,"hd":false,"ddd":0,"bm":0,"hasMask":false,"ao":0,"ks":{"a":{"a":0,"k":[7.793,19.415,0],"ix":1},"s":{"a":1,"k":[{"o":{"x":0.333,"y":0},"i":{"x":0.253,"y":1},"s":[100,100,100],"t":15},{"o":{"x":0.333,"y":0},"i":{"x":0.15,"y":1},"s":[100,14,100],"t":20},{"s":[100,100,100],"t":24}],"ix":6},"sk":{"a":0,"k":0},"p":{"a":0,"k":[1016.675,524.644,0],"ix":2},"r":{"a":0,"k":0,"ix":10},"sa":{"a":0,"k":0},"o":{"a":0,"k":100,"ix":11}},"ef":[],"shapes":[{"ty":"gr","bm":0,"hd":false,"mn":"ADBE Vector Group","nm":"Group 1","ix":1,"cix":2,"np":2,"it":[{"ty":"sh","bm":0,"hd":false,"mn":"ADBE Vector Shape - Group","nm":"Path 1","ix":1,"d":1,"ks":{"a":0,"k":{"c":true,"i":[[0.248,0],[0.375,2.553],[0,0],[-2.813,0.409],[-0.414,-2.807],[0,0],[2.81,-0.409]],"o":[[-2.515,0],[0,0],[-0.414,-2.818],[2.826,-0.4],[0,0],[0.414,2.816],[-0.254,0.039]],"v":[[2.032,19.165],[-3.056,14.771],[-7.129,-12.927],[-2.787,-18.765],[3.054,-14.429],[7.129,13.269],[2.788,19.107]]},"ix":2}},{"ty":"fl","bm":0,"hd":false,"mn":"ADBE Vector Graphic - Fill","nm":"Fill 1","c":{"a":0,"k":[0,0,0],"ix":4},"r":1,"o":{"a":0,"k":100,"ix":5}},{"ty":"tr","a":{"a":0,"k":[0,0],"ix":1},"s":{"a":0,"k":[100,100],"ix":3},"sk":{"a":0,"k":0,"ix":4},"p":{"a":0,"k":[7.793,19.416],"ix":2},"r":{"a":0,"k":0,"ix":6},"sa":{"a":0,"k":0,"ix":5},"o":{"a":0,"k":100,"ix":7}}]}],"ind":5},{"ty":4,"nm":"Layer 24 Outlines","sr":1,"st":0,"op":150,"ip":0,"hd":false,"ddd":0,"bm":0,"hasMask":false,"ao":0,"ks":{"a":{"a":0,"k":[7.481,19.474,0],"ix":1},"s":{"a":1,"k":[{"o":{"x":0.333,"y":0},"i":{"x":0.253,"y":1},"s":[100,100,100],"t":15},{"o":{"x":0.333,"y":0},"i":{"x":0.15,"y":1},"s":[100,14,100],"t":20},{"s":[100,100,100],"t":24}],"ix":6},"sk":{"a":0,"k":0},"p":{"a":0,"k":[934.497,531.203,0],"ix":2},"r":{"a":0,"k":0,"ix":10},"sa":{"a":0,"k":0},"o":{"a":0,"k":100,"ix":11}},"ef":[],"shapes":[{"ty":"gr","bm":0,"hd":false,"mn":"ADBE Vector Group","nm":"Group 1","ix":1,"cix":2,"np":2,"it":[{"ty":"sh","bm":0,"hd":false,"mn":"ADBE Vector Shape - Group","nm":"Path 1","ix":1,"d":1,"ks":{"a":0,"k":{"c":true,"i":[[0.213,0],[0.332,2.592],[0,0],[-2.821,0.361],[-0.366,-2.817],[0,0],[2.821,-0.361]],"o":[[-2.554,0],[0,0],[-0.355,-2.826],[2.817,-0.419],[0,0],[0.355,2.826],[-0.22,0.029]],"v":[[1.765,19.224],[-3.339,14.731],[-6.877,-13.045],[-2.417,-18.805],[3.339,-14.351],[6.877,13.425],[2.417,19.185]]},"ix":2}},{"ty":"fl","bm":0,"hd":false,"mn":"ADBE Vector Graphic - Fill","nm":"Fill 1","c":{"a":0,"k":[0,0,0],"ix":4},"r":1,"o":{"a":0,"k":100,"ix":5}},{"ty":"tr","a":{"a":0,"k":[0,0],"ix":1},"s":{"a":0,"k":[100,100],"ix":3},"sk":{"a":0,"k":0,"ix":4},"p":{"a":0,"k":[7.481,19.474],"ix":2},"r":{"a":0,"k":0,"ix":6},"sa":{"a":0,"k":0,"ix":5},"o":{"a":0,"k":100,"ix":7}}]}],"ind":6},{"ty":4,"nm":"Layer 23 Outlines","sr":1,"st":0,"op":150,"ip":0,"hd":false,"ddd":0,"bm":0,"hasMask":false,"ao":0,"ks":{"a":{"a":0,"k":[207.48,148.591,0],"ix":1},"s":{"a":0,"k":[100,100,100],"ix":6},"sk":{"a":0,"k":0},"p":{"a":0,"k":[917.471,408.434,0],"ix":2},"r":{"a":0,"k":0,"ix":10},"sa":{"a":0,"k":0},"o":{"a":0,"k":100,"ix":11}},"ef":[],"shapes":[{"ty":"gr","bm":0,"hd":false,"mn":"ADBE Vector Group","nm":"Group 1","ix":1,"cix":2,"np":2,"it":[{"ty":"sh","bm":0,"hd":false,"mn":"ADBE Vector Shape - Group","nm":"Path 1","ix":1,"d":1,"ks":{"a":1,"k":[{"o":{"x":0.167,"y":0.167},"i":{"x":0.833,"y":0.833},"s":[{"c":true,"i":[[-34.239,-15.359],[-11.178,17.492],[0,0],[-28.525,15.262],[0,0],[-62.992,19.248],[67.247,17.498],[0,0],[83.143,-30.727],[0,0],[8.748,-49.478],[0,0]],"o":[[0,0],[11.178,-17.492],[0,0],[28.527,-15.263],[0,0],[62.993,-19.248],[-67.247,-17.497],[0,0],[-75.752,27.997],[0,0],[-8.749,49.478],[0,0]],"v":[[-82.237,138.244],[-55.678,130.85],[-61.958,65.666],[5.714,56.881],[48.238,8.622],[132.228,24.118],[149.983,-110.367],[40.99,-99.117],[-48.678,-123.614],[-144.237,5.285],[-198.481,56.881],[-149.34,142.16]]}],"t":0},{"o":{"x":0.167,"y":0.167},"i":{"x":0.833,"y":0.833},"s":[{"c":true,"i":[[-34.239,-15.359],[-11.178,17.492],[0,0],[-28.525,15.262],[0,0],[-62.992,19.248],[67.247,17.498],[0,0],[83.143,-30.727],[0,0],[8.748,-49.478],[0,0]],"o":[[0,0],[11.178,-17.492],[0,0],[28.527,-15.263],[0,0],[62.993,-19.248],[-67.247,-17.497],[0,0],[-75.752,27.997],[0,0],[-8.749,49.478],[0,0]],"v":[[-82.237,138.244],[-55.678,130.85],[-68.958,61.666],[5.714,56.881],[48.238,-0.378],[132.228,24.118],[139.983,-98.367],[35.99,-86.117],[-55.678,-117.614],[-144.237,5.285],[-198.481,56.881],[-149.34,142.16]]}],"t":48},{"o":{"x":0.167,"y":0.167},"i":{"x":0.833,"y":0.833},"s":[{"c":true,"i":[[-34.239,-15.359],[-11.178,17.492],[0,0],[-28.525,15.262],[0,0],[-62.992,19.248],[67.247,17.498],[0,0],[83.143,-30.727],[0,0],[8.748,-49.478],[0,0]],"o":[[0,0],[11.178,-17.492],[0,0],[28.527,-15.263],[0,0],[62.993,-19.248],[-67.247,-17.497],[0,0],[-75.752,27.997],[0,0],[-8.749,49.478],[0,0]],"v":[[-82.237,138.244],[-55.678,130.85],[-61.958,65.666],[5.714,56.881],[48.238,8.622],[132.228,24.118],[149.983,-110.367],[40.99,-99.117],[-48.678,-123.614],[-144.237,5.285],[-198.481,56.881],[-149.34,142.16]]}],"t":100},{"s":[{"c":true,"i":[[-34.239,-15.359],[-11.178,17.492],[0,0],[-28.525,15.262],[0,0],[-62.992,19.248],[67.247,17.498],[0,0],[83.143,-30.727],[0,0],[8.748,-49.478],[0,0]],"o":[[0,0],[11.178,-17.492],[0,0],[28.527,-15.263],[0,0],[62.993,-19.248],[-67.247,-17.497],[0,0],[-75.752,27.997],[0,0],[-8.749,49.478],[0,0]],"v":[[-82.237,138.244],[-55.678,130.85],[-68.958,61.666],[5.714,56.881],[48.238,-0.378],[132.228,24.118],[139.983,-98.367],[35.99,-86.117],[-55.678,-117.614],[-144.237,5.285],[-198.481,56.881],[-149.34,142.16]]}],"t":148}],"ix":2}},{"ty":"fl","bm":0,"hd":false,"mn":"ADBE Vector Graphic - Fill","nm":"Fill 1","c":{"a":0,"k":[0,0,0],"ix":4},"r":1,"o":{"a":0,"k":100,"ix":5}},{"ty":"tr","a":{"a":0,"k":[0,0],"ix":1},"s":{"a":0,"k":[100,100],"ix":3},"sk":{"a":0,"k":0,"ix":4},"p":{"a":0,"k":[207.48,148.592],"ix":2},"r":{"a":0,"k":0,"ix":6},"sa":{"a":0,"k":0,"ix":5},"o":{"a":0,"k":100,"ix":7}}]}],"ind":7},{"ty":4,"nm":"Layer 22 Outlines","sr":1,"st":0,"op":150,"ip":0,"hd":false,"ddd":0,"bm":0,"hasMask":false,"ao":0,"ks":{"a":{"a":0,"k":[17.039,36.505,0],"ix":1},"s":{"a":1,"k":[{"o":{"x":0.333,"y":0},"i":{"x":0.667,"y":1},"s":[100,118,100],"t":15},{"o":{"x":0.333,"y":0},"i":{"x":0.667,"y":1},"s":[100,91,100],"t":20},{"s":[100,118,100],"t":24}],"ix":6},"sk":{"a":0,"k":0},"p":{"a":0,"k":[1001.848,569.772,0],"ix":2},"r":{"a":0,"k":0,"ix":10},"sa":{"a":0,"k":0},"o":{"a":0,"k":100,"ix":11}},"ef":[],"shapes":[{"ty":"gr","bm":0,"hd":false,"mn":"ADBE Vector Group","nm":"Group 1","ix":1,"cix":2,"np":2,"it":[{"ty":"sh","bm":0,"hd":false,"mn":"ADBE Vector Shape - Group","nm":"Path 1","ix":1,"d":1,"ks":{"a":0,"k":{"c":true,"i":[[2.198,0],[0.507,0.156],[-0.837,2.72],[0.204,0.292],[-2.319,1.638],[-1.631,-2.33],[9.915,-32.055]],"o":[[-0.502,0],[-2.714,-0.839],[8.406,-27.172],[-1.628,-2.33],[2.32,-1.637],[0.965,1.374],[-0.683,2.212]],"v":[[1.957,36.255],[0.437,36.021],[-2.961,29.588],[-15.161,-27.444],[-13.909,-34.618],[-6.746,-33.37],[6.875,32.63]]},"ix":2}},{"ty":"fl","bm":0,"hd":false,"mn":"ADBE Vector Graphic - Fill","nm":"Fill 1","c":{"a":0,"k":[0,0,0],"ix":4},"r":1,"o":{"a":0,"k":100,"ix":5}},{"ty":"tr","a":{"a":0,"k":[0,0],"ix":1},"s":{"a":0,"k":[100,100],"ix":3},"sk":{"a":0,"k":0,"ix":4},"p":{"a":0,"k":[17.039,36.505],"ix":2},"r":{"a":0,"k":0,"ix":6},"sa":{"a":0,"k":0,"ix":5},"o":{"a":0,"k":100,"ix":7}}]}],"ind":8},{"ty":4,"nm":"Layer 21 Outlines","sr":1,"st":0,"op":150,"ip":0,"hd":false,"ddd":0,"bm":0,"hasMask":false,"ao":0,"ks":{"a":{"a":0,"k":[167.837,225.172,0],"ix":1},"s":{"a":0,"k":[100,100,100],"ix":6},"sk":{"a":0,"k":0},"p":{"a":0,"k":[907.946,507.67,0],"ix":2},"r":{"a":0,"k":0,"ix":10},"sa":{"a":0,"k":0},"o":{"a":0,"k":100,"ix":11}},"ef":[],"shapes":[{"ty":"gr","bm":0,"hd":false,"mn":"ADBE Vector Group","nm":"Group 1","ix":1,"cix":2,"np":2,"it":[{"ty":"sh","bm":0,"hd":false,"mn":"ADBE Vector Shape - Group","nm":"Path 1","ix":1,"d":1,"ks":{"a":0,"k":{"c":true,"i":[[-103.17,-133.452],[22.9,-83.892],[45.754,15.88],[0,0],[28.785,39.458],[-24.276,10.598],[0,0],[0,0]],"o":[[0,0],[-22.903,83.892],[-45.755,-15.881],[0,0],[-28.784,-39.457],[24.275,-10.597],[0,0],[0,0]],"v":[[101.466,-91.47],[144.687,141.03],[-0.347,196.374],[-67.477,152.641],[-138.803,127.926],[-126.058,32.221],[-72.712,39.008],[-95.695,-4.155]]},"ix":2}},{"ty":"fl","bm":0,"hd":false,"mn":"ADBE Vector Graphic - Fill","nm":"Fill 1","c":{"a":0,"k":[0.949,0.5529,0.5843],"ix":4},"r":1,"o":{"a":0,"k":100,"ix":5}},{"ty":"tr","a":{"a":0,"k":[0,0],"ix":1},"s":{"a":0,"k":[100,100],"ix":3},"sk":{"a":0,"k":0,"ix":4},"p":{"a":0,"k":[167.837,225.172],"ix":2},"r":{"a":0,"k":0,"ix":6},"sa":{"a":0,"k":0,"ix":5},"o":{"a":0,"k":100,"ix":7}}]}],"ind":9},{"ty":4,"nm":"Layer 16 Outlines","sr":1,"st":0,"op":150,"ip":0,"hd":false,"ddd":0,"bm":0,"hasMask":false,"ao":0,"ks":{"a":{"a":0,"k":[61.451,70.198,0],"ix":1},"s":{"a":0,"k":[100,100,100],"ix":6},"sk":{"a":0,"k":0},"p":{"a":0,"k":[1019.876,558.318,0],"ix":2},"r":{"a":0,"k":0,"ix":10},"sa":{"a":0,"k":0},"o":{"a":0,"k":100,"ix":11}},"ef":[],"shapes":[{"ty":"gr","bm":0,"hd":false,"mn":"ADBE Vector Group","nm":"Group 1","ix":1,"cix":2,"np":2,"it":[{"ty":"sh","bm":0,"hd":false,"mn":"ADBE Vector Shape - Group","nm":"Path 1","ix":1,"d":1,"ks":{"a":0,"k":{"c":true,"i":[[7.803,34.861],[24.66,-5.519],[0,0],[1.547,-0.346],[-7.802,-34.861],[-24.659,5.519],[0,0],[-1.548,0.346]],"o":[[-7.801,-34.86],[0,0],[-1.555,0.119],[-24.661,5.519],[7.801,34.861],[0,0],[1.555,-0.121],[24.659,-5.519]],"v":[[53.398,-11.301],[-5.378,-64.429],[-18.219,-62.509],[-22.875,-61.814],[-53.399,11.3],[5.377,64.429],[18.219,62.51],[22.876,61.813]]},"ix":2}},{"ty":"fl","bm":0,"hd":false,"mn":"ADBE Vector Graphic - Fill","nm":"Fill 1","c":{"a":0,"k":[1,1,1],"ix":4},"r":1,"o":{"a":0,"k":100,"ix":5}},{"ty":"tr","a":{"a":0,"k":[0,0],"ix":1},"s":{"a":0,"k":[100,100],"ix":3},"sk":{"a":0,"k":0,"ix":4},"p":{"a":0,"k":[61.451,70.198],"ix":2},"r":{"a":0,"k":0,"ix":6},"sa":{"a":0,"k":0,"ix":5},"o":{"a":0,"k":100,"ix":7}}]}],"ind":10}]},{"nm":"music","id":"comp_3","layers":[{"ty":4,"nm":"Layer 3 Outlines","sr":1,"st":0,"op":180,"ip":0,"hd":true,"ddd":0,"bm":0,"hasMask":false,"ao":0,"ks":{"a":{"a":0,"k":[172.34,234.012,0],"ix":1},"s":{"a":1,"k":[{"o":{"x":0.167,"y":0.167},"i":{"x":0.833,"y":0.833},"s":[0,0,100],"t":0},{"o":{"x":0.167,"y":0.167},"i":{"x":0.833,"y":0.833},"s":[10.564,10.564,100],"t":10.5},{"s":[82.5,82.5,100],"t":82}],"ix":6},"sk":{"a":0,"k":0},"p":{"a":1,"k":[{"o":{"x":0.167,"y":0.167},"i":{"x":0.833,"y":0.833},"s":[656.196,696.92,0],"t":0,"ti":[46.667,302,0],"to":[-118.667,-512.667,0]},{"s":[-198.804,-1.08,0],"t":89}],"ix":2},"r":{"a":0,"k":0,"ix":10},"sa":{"a":0,"k":0},"o":{"a":1,"k":[{"o":{"x":0.167,"y":0.167},"i":{"x":0.833,"y":0.833},"s":[0],"t":0},{"o":{"x":0.167,"y":0.167},"i":{"x":0.833,"y":0.833},"s":[100],"t":10.5},{"s":[100],"t":82}],"ix":11}},"ef":[],"shapes":[{"ty":"gr","bm":0,"hd":false,"mn":"ADBE Vector Group","nm":"Group 3","ix":1,"cix":2,"np":4,"it":[{"ty":"sh","bm":0,"hd":false,"mn":"ADBE Vector Shape - Group","nm":"Path 1","ix":1,"d":1,"ks":{"a":0,"k":{"c":true,"i":[[22.275,5.005],[0,0],[0,0],[4.733,0],[0,-6.079],[-8.29,0],[0,6.079],[0,0],[-29.074,4.551]],"o":[[0,0],[0,0],[-2.751,-2.511],[-8.29,0],[0,6.079],[8.289,0],[0,0],[15.845,-0.147],[-16.773,-5.721]],"v":[[-1.719,-40.448],[-5.073,-40.448],[-5.073,22.583],[-16.728,18.433],[-31.739,29.44],[-16.728,40.447],[-1.719,29.44],[-1.719,-23.953],[31.739,-5.811]]},"ix":2}},{"ty":"fl","bm":0,"hd":false,"mn":"ADBE Vector Graphic - Fill","nm":"Fill 1","c":{"a":0,"k":[0.6078,0.1843,0.2667],"ix":4},"r":1,"o":{"a":0,"k":100,"ix":5}},{"ty":"tr","a":{"a":0,"k":[0,0],"ix":1},"s":{"a":0,"k":[100,100],"ix":3},"sk":{"a":0,"k":0,"ix":4},"p":{"a":0,"k":[312.941,202.635],"ix":2},"r":{"a":0,"k":0,"ix":6},"sa":{"a":0,"k":0,"ix":5},"o":{"a":0,"k":100,"ix":7}}]},{"ty":"gr","bm":0,"hd":false,"mn":"ADBE Vector Group","nm":"Group 4","ix":2,"cix":2,"np":4,"it":[{"ty":"sh","bm":0,"hd":false,"mn":"ADBE Vector Shape - Group","nm":"Path 1","ix":1,"d":1,"ks":{"a":0,"k":{"c":true,"i":[[0,0],[0,0],[2.864,0],[0,-3.678],[-5.015,0],[0,3.677],[0,0]],"o":[[0,0],[-1.664,-1.519],[-5.015,0],[0,3.677],[5.015,0],[0,0],[0,0]],"v":[[7.051,-23.116],[7.051,12.309],[0,9.799],[-9.08,16.458],[0,23.116],[9.081,16.458],[9.081,-23.116]]},"ix":2}},{"ty":"fl","bm":0,"hd":false,"mn":"ADBE Vector Graphic - Fill","nm":"Fill 1","c":{"a":0,"k":[0.6078,0.1843,0.2667],"ix":4},"r":1,"o":{"a":0,"k":100,"ix":5}},{"ty":"tr","a":{"a":0,"k":[0,0],"ix":1},"s":{"a":0,"k":[100,100],"ix":3},"sk":{"a":0,"k":0,"ix":4},"p":{"a":0,"k":[112.457,154.345],"ix":2},"r":{"a":0,"k":0,"ix":6},"sa":{"a":0,"k":0,"ix":5},"o":{"a":0,"k":100,"ix":7}}]},{"ty":"gr","bm":0,"hd":false,"mn":"ADBE Vector Group","nm":"Group 6","ix":3,"cix":2,"np":4,"it":[{"ty":"sh","bm":0,"hd":false,"mn":"ADBE Vector Shape - Group","nm":"Path 1","ix":1,"d":1,"ks":{"a":0,"k":{"c":true,"i":[[0,0],[0,0],[2.531,0],[0,-3.25],[-4.433,0],[0,3.251],[0,0],[0,0],[0,0],[2.53,0],[0,-3.251],[-4.433,0],[0,3.25],[0,0]],"o":[[0,0],[-1.471,-1.342],[-4.433,0],[0,3.251],[4.432,0],[0,0],[0,0],[0,0],[-1.472,-1.342],[-4.433,0],[0,3.25],[4.432,0],[0,0],[0,0]],"v":[[-10.84,-19.828],[-10.84,16.642],[-17.072,14.424],[-25.098,20.309],[-17.072,26.194],[-9.047,20.309],[-9.047,-8.026],[23.305,-13.646],[23.305,10.757],[17.073,8.539],[9.047,14.424],[17.073,20.309],[25.098,14.424],[25.098,-26.194]]},"ix":2}},{"ty":"fl","bm":0,"hd":false,"mn":"ADBE Vector Graphic - Fill","nm":"Fill 1","c":{"a":0,"k":[0.6078,0.1843,0.2667],"ix":4},"r":1,"o":{"a":0,"k":100,"ix":5}},{"ty":"tr","a":{"a":0,"k":[0,0],"ix":1},"s":{"a":0,"k":[100,100],"ix":3},"sk":{"a":0,"k":0,"ix":4},"p":{"a":0,"k":[210.942,144.34],"ix":2},"r":{"a":0,"k":0,"ix":6},"sa":{"a":0,"k":0,"ix":5},"o":{"a":0,"k":100,"ix":7}}]}],"ind":1}]}]}