{"v":"5.3.4","fr":48,"ip":0,"op":240,"w":806,"h":468,"nm":"astronaut","ddd":0,"assets":[{"id":"comp_0","layers":[{"ddd":0,"ind":1,"ty":4,"nm":"head","parent":6,"sr":1,"ks":{"o":{"a":0,"k":100,"ix":11},"r":{"a":1,"k":[{"i":{"x":[0.833],"y":[0.953]},"o":{"x":[0.167],"y":[0.247]},"n":["0p833_0p953_0p167_0p247"],"t":0,"s":[-5],"e":[5]},{"i":{"x":[0.833],"y":[0.861]},"o":{"x":[0.167],"y":[-0.073]},"n":["0p833_0p861_0p167_-0p073"],"t":77,"s":[5],"e":[0]},{"i":{"x":[0.833],"y":[0.85]},"o":{"x":[0.167],"y":[0.213]},"n":["0p833_0p85_0p167_0p213"],"t":137,"s":[0],"e":[-3]},{"i":{"x":[0.833],"y":[0.833]},"o":{"x":[0.167],"y":[0.192]},"n":["0p833_0p833_0p167_0p192"],"t":192,"s":[-3],"e":[-5]},{"t":239}],"ix":10},"p":{"a":0,"k":[5,-112,0],"ix":2},"a":{"a":0,"k":[5,-112,0],"ix":1},"s":{"a":0,"k":[100,100,100],"ix":6}},"ao":0,"shapes":[{"ty":"gr","it":[{"ind":0,"ty":"sh","ix":1,"ks":{"a":0,"k":{"i":[[5.263,-9.116],[6.576,3.797],[-5.263,9.116],[-6.576,-3.797]],"o":[[-5.263,9.116],[-6.576,-3.797],[5.263,-9.116],[6.576,3.797]],"v":[[114.928,-137.358],[93.491,-127.727],[91.114,-151.108],[112.551,-160.739]],"c":true},"ix":2},"nm":"Path 1","mn":"ADBE Vector Shape - Group","hd":false},{"ty":"fl","c":{"a":0,"k":[0.561,0.078,0.937,1],"ix":4},"o":{"a":0,"k":100,"ix":5},"r":1,"nm":"Fill 1","mn":"ADBE Vector Graphic - Fill","hd":false},{"ty":"tr","p":{"a":0,"k":[0,0],"ix":2},"a":{"a":0,"k":[0,0],"ix":1},"s":{"a":0,"k":[100,100],"ix":3},"r":{"a":0,"k":0,"ix":6},"o":{"a":0,"k":100,"ix":7},"sk":{"a":0,"k":0,"ix":4},"sa":{"a":0,"k":0,"ix":5},"nm":"Transform"}],"nm":"Group 1","np":2,"cix":2,"ix":1,"mn":"ADBE Vector Group","hd":false},{"ty":"gr","it":[{"ty":"gr","it":[{"ind":0,"ty":"sh","ix":1,"ks":{"a":0,"k":{"i":[[6.367,-11.027],[6.852,3.956],[-6.367,11.027],[-6.852,-3.956]],"o":[[-6.367,11.027],[-6.852,-3.956],[6.367,-11.027],[6.852,3.956]],"v":[[110.971,-139.079],[87.036,-126.275],[86.157,-153.405],[110.091,-166.209]],"c":true},"ix":2},"nm":"Path 1","mn":"ADBE Vector Shape - Group","hd":false},{"ty":"fl","c":{"a":0,"k":[1,1,1,1],"ix":4},"o":{"a":0,"k":100,"ix":5},"r":1,"nm":"Fill 1","mn":"ADBE Vector Graphic - Fill","hd":false},{"ty":"tr","p":{"a":0,"k":[0,0],"ix":2},"a":{"a":0,"k":[0,0],"ix":1},"s":{"a":0,"k":[100,100],"ix":3},"r":{"a":0,"k":0,"ix":6},"o":{"a":0,"k":100,"ix":7},"sk":{"a":0,"k":0,"ix":4},"sa":{"a":0,"k":0,"ix":5},"nm":"Transform"}],"nm":"Group 4","np":2,"cix":2,"ix":1,"mn":"ADBE Vector Group","hd":false},{"ty":"tr","p":{"a":0,"k":[0,0],"ix":2},"a":{"a":0,"k":[0,0],"ix":1},"s":{"a":0,"k":[100,100],"ix":3},"r":{"a":0,"k":0,"ix":6},"o":{"a":0,"k":100,"ix":7},"sk":{"a":0,"k":0,"ix":4},"sa":{"a":0,"k":0,"ix":5},"nm":"Transform"}],"nm":"Group 7","np":1,"cix":2,"ix":2,"mn":"ADBE Vector Group","hd":false},{"ty":"gr","it":[{"ind":0,"ty":"sh","ix":1,"ks":{"a":0,"k":{"i":[[0,0],[0,0]],"o":[[0,0],[0,0]],"v":[[-20.843,-200.006],[-18.397,-204.739]],"c":false},"ix":2},"nm":"Path 1","mn":"ADBE Vector Shape - Group","hd":false},{"ty":"st","c":{"a":0,"k":[0.561,0.078,0.937,1],"ix":3},"o":{"a":0,"k":100,"ix":4},"w":{"a":0,"k":3,"ix":5},"lc":2,"lj":2,"nm":"Stroke 1","mn":"ADBE Vector Graphic - Stroke","hd":false},{"ty":"tm","s":{"a":1,"k":[{"i":{"x":[0.833],"y":[0.833]},"o":{"x":[0.167],"y":[0.167]},"n":["0p833_0p833_0p167_0p167"],"t":0,"s":[0],"e":[0]},{"i":{"x":[0.833],"y":[0.833]},"o":{"x":[0.167],"y":[0.167]},"n":["0p833_0p833_0p167_0p167"],"t":77,"s":[0],"e":[0]},{"i":{"x":[0.833],"y":[0.833]},"o":{"x":[0.167],"y":[0.167]},"n":["0p833_0p833_0p167_0p167"],"t":137,"s":[0],"e":[0]},{"i":{"x":[0.833],"y":[0.833]},"o":{"x":[0.167],"y":[0.167]},"n":["0p833_0p833_0p167_0p167"],"t":192,"s":[0],"e":[0]},{"t":239}],"ix":1},"e":{"a":1,"k":[{"i":{"x":[0.833],"y":[0.833]},"o":{"x":[0.167],"y":[0.167]},"n":["0p833_0p833_0p167_0p167"],"t":0,"s":[71],"e":[100]},{"i":{"x":[0.833],"y":[0.833]},"o":{"x":[0.167],"y":[0.167]},"n":["0p833_0p833_0p167_0p167"],"t":77,"s":[100],"e":[71]},{"i":{"x":[0.833],"y":[0.833]},"o":{"x":[0.167],"y":[0.167]},"n":["0p833_0p833_0p167_0p167"],"t":137,"s":[71],"e":[100]},{"i":{"x":[0.833],"y":[0.833]},"o":{"x":[0.167],"y":[0.167]},"n":["0p833_0p833_0p167_0p167"],"t":192,"s":[100],"e":[71]},{"t":239}],"ix":2},"o":{"a":0,"k":0,"ix":3},"m":1,"ix":3,"nm":"Trim Paths 1","mn":"ADBE Vector Filter - Trim","hd":false},{"ty":"tr","p":{"a":0,"k":[0,0],"ix":2},"a":{"a":0,"k":[0,0],"ix":1},"s":{"a":0,"k":[100,100],"ix":3},"r":{"a":0,"k":0,"ix":6},"o":{"a":0,"k":100,"ix":7},"sk":{"a":0,"k":0,"ix":4},"sa":{"a":0,"k":0,"ix":5},"nm":"Transform"}],"nm":"Group 5","np":3,"cix":2,"ix":3,"mn":"ADBE Vector Group","hd":false},{"ty":"gr","it":[{"ind":0,"ty":"sh","ix":1,"ks":{"a":0,"k":{"i":[[-3.862,7.253],[-8.565,4.034]],"o":[[2.885,-5.418],[6.943,-3.27]],"v":[[-16.07,-209.254],[1.06,-227.256]],"c":false},"ix":2},"nm":"Path 1","mn":"ADBE Vector Shape - Group","hd":false},{"ty":"st","c":{"a":0,"k":[0.561,0.078,0.937,1],"ix":3},"o":{"a":0,"k":100,"ix":4},"w":{"a":0,"k":3,"ix":5},"lc":2,"lj":2,"nm":"Stroke 1","mn":"ADBE Vector Graphic - Stroke","hd":false},{"ty":"tm","s":{"a":1,"k":[{"i":{"x":[0.833],"y":[0.833]},"o":{"x":[0.167],"y":[0.167]},"n":["0p833_0p833_0p167_0p167"],"t":0,"s":[31],"e":[0]},{"i":{"x":[0.833],"y":[0.833]},"o":{"x":[0.167],"y":[0.167]},"n":["0p833_0p833_0p167_0p167"],"t":77,"s":[0],"e":[31]},{"i":{"x":[0.833],"y":[0.833]},"o":{"x":[0.167],"y":[0.167]},"n":["0p833_0p833_0p167_0p167"],"t":137,"s":[31],"e":[0]},{"i":{"x":[0.833],"y":[0.833]},"o":{"x":[0.167],"y":[0.167]},"n":["0p833_0p833_0p167_0p167"],"t":192,"s":[0],"e":[31]},{"t":239}],"ix":1},"e":{"a":1,"k":[{"i":{"x":[0.833],"y":[0.833]},"o":{"x":[0.167],"y":[0.167]},"n":["0p833_0p833_0p167_0p167"],"t":0,"s":[72],"e":[100]},{"i":{"x":[0.833],"y":[0.833]},"o":{"x":[0.167],"y":[0.167]},"n":["0p833_0p833_0p167_0p167"],"t":77,"s":[100],"e":[72]},{"i":{"x":[0.833],"y":[0.833]},"o":{"x":[0.167],"y":[0.167]},"n":["0p833_0p833_0p167_0p167"],"t":137,"s":[72],"e":[100]},{"i":{"x":[0.833],"y":[0.833]},"o":{"x":[0.167],"y":[0.167]},"n":["0p833_0p833_0p167_0p167"],"t":192,"s":[100],"e":[72]},{"t":239}],"ix":2},"o":{"a":0,"k":0,"ix":3},"m":1,"ix":3,"nm":"Trim Paths 1","mn":"ADBE Vector Filter - Trim","hd":false},{"ty":"tr","p":{"a":0,"k":[0,0],"ix":2},"a":{"a":0,"k":[0,0],"ix":1},"s":{"a":0,"k":[100,100],"ix":3},"r":{"a":0,"k":0,"ix":6},"o":{"a":0,"k":100,"ix":7},"sk":{"a":0,"k":0,"ix":4},"sa":{"a":0,"k":0,"ix":5},"nm":"Transform"}],"nm":"Group 6","np":3,"cix":2,"ix":4,"mn":"ADBE Vector Group","hd":false},{"ty":"gr","it":[{"ty":"gr","it":[{"ind":0,"ty":"sh","ix":1,"ks":{"a":0,"k":{"i":[[0.741,-13.792],[-7.935,18.377],[-8.873,4.264],[31.667,-12.549]],"o":[[-1.345,25.05],[0.699,-9.602],[-11.664,-37.682],[-16.334,6.473]],"v":[[-28.885,-189.299],[77.913,-141.089],[94.715,-169.416],[3.879,-233.798]],"c":true},"ix":2},"nm":"Path 1","mn":"ADBE Vector Shape - Group","hd":false},{"ty":"fl","c":{"a":0,"k":[1,1,1,1],"ix":4},"o":{"a":0,"k":100,"ix":5},"r":1,"nm":"Fill 1","mn":"ADBE Vector Graphic - Fill","hd":false},{"ty":"tr","p":{"a":0,"k":[0,0],"ix":2},"a":{"a":0,"k":[0,0],"ix":1},"s":{"a":0,"k":[100,100],"ix":3},"r":{"a":0,"k":0,"ix":6},"o":{"a":0,"k":100,"ix":7},"sk":{"a":0,"k":0,"ix":4},"sa":{"a":0,"k":0,"ix":5},"nm":"Transform"}],"nm":"Group 3","np":2,"cix":2,"ix":1,"mn":"ADBE Vector Group","hd":false},{"ty":"tr","p":{"a":0,"k":[0,0],"ix":2},"a":{"a":0,"k":[0,0],"ix":1},"s":{"a":0,"k":[100,100],"ix":3},"r":{"a":0,"k":0,"ix":6},"o":{"a":0,"k":100,"ix":7},"sk":{"a":0,"k":0,"ix":4},"sa":{"a":0,"k":0,"ix":5},"nm":"Transform"}],"nm":"Group 2","np":1,"cix":2,"ix":5,"mn":"ADBE Vector Group","hd":false},{"ty":"gr","it":[{"ind":0,"ty":"sh","ix":1,"ks":{"a":0,"k":{"i":[[0,-40.821],[40.821,0],[0,40.821],[-40.821,0]],"o":[[0,40.821],[-40.821,0],[0,-40.821],[40.821,0]],"v":[[114.296,-175.558],[40.384,-101.646],[-33.529,-175.558],[40.384,-249.47]],"c":true},"ix":2},"nm":"Path 1","mn":"ADBE Vector Shape - Group","hd":false},{"ty":"fl","c":{"a":0,"k":[0.561,0.078,0.937,1],"ix":4},"o":{"a":0,"k":100,"ix":5},"r":1,"nm":"Fill 1","mn":"ADBE Vector Graphic - Fill","hd":false},{"ty":"tr","p":{"a":0,"k":[0,0],"ix":2},"a":{"a":0,"k":[0,0],"ix":1},"s":{"a":0,"k":[100,100],"ix":3},"r":{"a":0,"k":0,"ix":6},"o":{"a":0,"k":100,"ix":7},"sk":{"a":0,"k":0,"ix":4},"sa":{"a":0,"k":0,"ix":5},"nm":"Transform"}],"nm":"Group 3","np":2,"cix":2,"ix":6,"mn":"ADBE Vector Group","hd":false}],"ip":0,"op":240,"st":0,"bm":0},{"ddd":0,"ind":2,"ty":4,"nm":"right hand","parent":6,"sr":1,"ks":{"o":{"a":0,"k":100,"ix":11},"r":{"a":0,"k":-13.824,"ix":10},"p":{"a":0,"k":[53.617,-85.5,0],"ix":2},"a":{"a":0,"k":[39,-80,0],"ix":1},"s":{"a":0,"k":[100,100,100],"ix":6}},"ao":0,"shapes":[{"ty":"gr","it":[{"ind":0,"ty":"sh","ix":1,"ks":{"a":1,"k":[{"i":{"x":0.667,"y":1},"o":{"x":0.333,"y":0},"n":"0p667_1_0p333_0","t":0,"s":[{"i":[[0,0],[10.052,-38.524]],"o":[[40.376,34.485],[0,0]],"v":[[40.384,-81.101],[66.036,-1.339]],"c":false}],"e":[{"i":[[0,0],[31.928,-38.013]],"o":[[-1.928,49.963],[0,0]],"v":[[40.384,-81.101],[40.719,18.296]],"c":false}]},{"i":{"x":0.667,"y":1},"o":{"x":0.333,"y":0},"n":"0p667_1_0p333_0","t":53,"s":[{"i":[[0,0],[31.928,-38.013]],"o":[[-1.928,49.963],[0,0]],"v":[[40.384,-81.101],[40.719,18.296]],"c":false}],"e":[{"i":[[0,0],[36.408,-9.296]],"o":[[17.509,36.748],[0,0]],"v":[[40.384,-81.101],[7.279,-17.158]],"c":false}]},{"i":{"x":0.667,"y":1},"o":{"x":0.333,"y":0},"n":"0p667_1_0p333_0","t":110,"s":[{"i":[[0,0],[36.408,-9.296]],"o":[[17.509,36.748],[0,0]],"v":[[40.384,-81.101],[7.279,-17.158]],"c":false}],"e":[{"i":[[0,0],[24.739,-19.459]],"o":[[0.89,43.399],[0,0]],"v":[[40.384,-81.101],[20.506,9.107]],"c":false}]},{"i":{"x":0.667,"y":1},"o":{"x":0.333,"y":0},"n":"0p667_1_0p333_0","t":165,"s":[{"i":[[0,0],[24.739,-19.459]],"o":[[0.89,43.399],[0,0]],"v":[[40.384,-81.101],[20.506,9.107]],"c":false}],"e":[{"i":[[0,0],[10.052,-38.524]],"o":[[40.376,34.485],[0,0]],"v":[[40.384,-81.101],[66.036,-1.339]],"c":false}]},{"t":239}],"ix":2},"nm":"Path 1","mn":"ADBE Vector Shape - Group","hd":false},{"ty":"st","c":{"a":0,"k":[0.561,0.078,0.937,1],"ix":3},"o":{"a":0,"k":100,"ix":4},"w":{"a":0,"k":40,"ix":5},"lc":2,"lj":2,"nm":"Stroke 1","mn":"ADBE Vector Graphic - Stroke","hd":false},{"ty":"tr","p":{"a":0,"k":[0,0],"ix":2},"a":{"a":0,"k":[0,0],"ix":1},"s":{"a":0,"k":[100,100],"ix":3},"r":{"a":0,"k":0,"ix":6},"o":{"a":0,"k":100,"ix":7},"sk":{"a":0,"k":0,"ix":4},"sa":{"a":0,"k":0,"ix":5},"nm":"Transform"}],"nm":"Group 1","np":2,"cix":2,"ix":1,"mn":"ADBE Vector Group","hd":false}],"ip":0,"op":240,"st":0,"bm":0},{"ddd":0,"ind":3,"ty":4,"nm":"body3","parent":6,"sr":1,"ks":{"o":{"a":0,"k":100,"ix":11},"r":{"a":0,"k":0,"ix":10},"p":{"a":1,"k":[{"i":{"x":0.667,"y":1},"o":{"x":0.333,"y":0},"n":"0p667_1_0p333_0","t":0,"s":[-29.878,-82.157,0],"e":[-18.997,-75.557,0],"to":[1.81338381767273,1.09997856616974,0],"ti":[0,0,0]},{"i":{"x":0.667,"y":1},"o":{"x":0.333,"y":0},"n":"0p667_1_0p333_0","t":119,"s":[-18.997,-75.557,0],"e":[-29.878,-82.157,0],"to":[0,0,0],"ti":[1.81338381767273,1.09997856616974,0]},{"t":239}],"ix":2},"a":{"a":0,"k":[-19.878,-79.157,0],"ix":1},"s":{"a":0,"k":[100,100,100],"ix":6}},"ao":0,"shapes":[{"ty":"gr","it":[{"ind":0,"ty":"sh","ix":1,"ks":{"a":0,"k":{"i":[[0,0],[0,0]],"o":[[0,0],[0,0]],"v":[[-10.002,-62.633],[-21.961,-69.117]],"c":false},"ix":2},"nm":"Path 1","mn":"ADBE Vector Shape - Group","hd":false},{"ind":1,"ty":"sh","ix":2,"ks":{"a":0,"k":{"i":[[0,0],[0,0]],"o":[[0,0],[0,0]],"v":[[-5.441,-70.511],[-17.399,-76.995]],"c":false},"ix":2},"nm":"Path 3","mn":"ADBE Vector Shape - Group","hd":false},{"ind":2,"ty":"sh","ix":3,"ks":{"a":0,"k":{"i":[[0,0],[0,0]],"o":[[0,0],[0,0]],"v":[[-1.128,-78.804],[-13.087,-85.288]],"c":false},"ix":2},"nm":"Path 5","mn":"ADBE Vector Shape - Group","hd":false},{"ind":3,"ty":"sh","ix":4,"ks":{"a":0,"k":{"i":[[0.589,-1.258],[1.166,0.546],[-0.589,1.258],[-1.166,-0.546]],"o":[[-0.589,1.258],[-1.166,-0.546],[0.589,-1.258],[1.166,0.546]],"v":[[-7.89,-61.643],[-11.069,-60.354],[-12.114,-63.622],[-8.934,-64.911]],"c":true},"ix":2},"nm":"Path 2","mn":"ADBE Vector Shape - Group","hd":false},{"ind":4,"ty":"sh","ix":5,"ks":{"a":0,"k":{"i":[[0.589,-1.258],[1.166,0.546],[-0.589,1.258],[-1.166,-0.546]],"o":[[-0.589,1.258],[-1.166,-0.546],[0.589,-1.258],[1.166,0.546]],"v":[[-3.328,-69.522],[-6.508,-68.233],[-7.553,-71.5],[-4.373,-72.79]],"c":true},"ix":2},"nm":"Path 4","mn":"ADBE Vector Shape - Group","hd":false},{"ind":5,"ty":"sh","ix":6,"ks":{"a":0,"k":{"i":[[0.589,-1.258],[1.166,0.546],[-0.589,1.258],[-1.166,-0.546]],"o":[[-0.589,1.258],[-1.166,-0.546],[0.589,-1.258],[1.166,0.546]],"v":[[0.984,-77.815],[-2.196,-76.526],[-3.24,-79.793],[-0.061,-81.083]],"c":true},"ix":2},"nm":"Path 6","mn":"ADBE Vector Shape - Group","hd":false},{"ind":6,"ty":"sh","ix":7,"ks":{"a":0,"k":{"i":[[2.949,-6.295],[5.836,2.733],[-2.949,6.295],[-5.836,-2.733]],"o":[[-2.949,6.295],[-5.836,-2.733],[2.949,-6.295],[5.836,2.733]],"v":[[-19.71,-79.604],[-35.615,-73.155],[-40.842,-89.503],[-24.937,-95.952]],"c":true},"ix":2},"nm":"Path 7","mn":"ADBE Vector Shape - Group","hd":false},{"ty":"fl","c":{"a":0,"k":[0.561,0.078,0.937,1],"ix":4},"o":{"a":0,"k":100,"ix":5},"r":1,"nm":"Fill 1","mn":"ADBE Vector Graphic - Fill","hd":false},{"ty":"st","c":{"a":0,"k":[0.561,0.078,0.937,1],"ix":3},"o":{"a":0,"k":100,"ix":4},"w":{"a":0,"k":3,"ix":5},"lc":1,"lj":1,"ml":4,"ml2":{"a":0,"k":4,"ix":8},"nm":"Stroke 1","mn":"ADBE Vector Graphic - Stroke","hd":false},{"ty":"tr","p":{"a":0,"k":[0,0],"ix":2},"a":{"a":0,"k":[0,0],"ix":1},"s":{"a":0,"k":[100,100],"ix":3},"r":{"a":0,"k":0,"ix":6},"o":{"a":0,"k":100,"ix":7},"sk":{"a":0,"k":0,"ix":4},"sa":{"a":0,"k":0,"ix":5},"nm":"Transform"}],"nm":"Group 1","np":9,"cix":2,"ix":1,"mn":"ADBE Vector Group","hd":false},{"ty":"st","c":{"a":0,"k":[0,0,0,1],"ix":3},"o":{"a":0,"k":100,"ix":4},"w":{"a":0,"k":2,"ix":5},"lc":1,"lj":1,"ml":4,"ml2":{"a":0,"k":4,"ix":8},"nm":"Stroke 1","mn":"ADBE Vector Graphic - Stroke","hd":false}],"ip":0,"op":240,"st":0,"bm":0},{"ddd":0,"ind":4,"ty":4,"nm":"body4","parent":6,"sr":1,"ks":{"o":{"a":0,"k":100,"ix":11},"r":{"a":0,"k":0,"ix":10},"p":{"a":1,"k":[{"i":{"x":0.667,"y":1},"o":{"x":0.333,"y":0},"n":"0p667_1_0p333_0","t":0,"s":[-29.878,-82.157,0],"e":[-18.997,-75.557,0],"to":[1.81338381767273,1.09997856616974,0],"ti":[0,0,0]},{"i":{"x":0.667,"y":1},"o":{"x":0.333,"y":0},"n":"0p667_1_0p333_0","t":119,"s":[-18.997,-75.557,0],"e":[-29.878,-82.157,0],"to":[0,0,0],"ti":[1.81338381767273,1.09997856616974,0]},{"t":239}],"ix":2},"a":{"a":0,"k":[-19.878,-79.157,0],"ix":1},"s":{"a":0,"k":[100,100,100],"ix":6}},"ao":0,"shapes":[{"ty":"gr","it":[{"ty":"gr","it":[{"ind":0,"ty":"sh","ix":1,"ks":{"a":0,"k":{"i":[[3.193,-5.336],[0,0],[-5.752,-3.205],[0,0],[-3.048,5.808],[0,0],[5.663,3.016],[0,0]],"o":[[0,0],[-3.381,5.651],[0,0],[5.729,3.193],[0,0],[2.982,-5.682],[0,0],[-5.489,-2.923]],"v":[[-39.339,-98.68],[-46.65,-86.461],[-42.316,-70.277],[-15.677,-55.433],[0.334,-60.203],[7.213,-73.308],[2.366,-89.03],[-23.84,-102.988]],"c":true},"ix":2},"nm":"Path 1","mn":"ADBE Vector Shape - Group","hd":false},{"ty":"st","c":{"a":0,"k":[1,1,1,1],"ix":3},"o":{"a":0,"k":100,"ix":4},"w":{"a":0,"k":1,"ix":5},"lc":1,"lj":1,"ml":4,"ml2":{"a":0,"k":4,"ix":8},"nm":"Stroke 1","mn":"ADBE Vector Graphic - Stroke","hd":false},{"ty":"fl","c":{"a":0,"k":[1,1,1,1],"ix":4},"o":{"a":0,"k":100,"ix":5},"r":1,"nm":"Fill 1","mn":"ADBE Vector Graphic - Fill","hd":false},{"ty":"tr","p":{"a":0,"k":[0,0],"ix":2},"a":{"a":0,"k":[0,0],"ix":1},"s":{"a":0,"k":[100,100],"ix":3},"r":{"a":0,"k":0,"ix":6},"o":{"a":0,"k":100,"ix":7},"sk":{"a":0,"k":0,"ix":4},"sa":{"a":0,"k":0,"ix":5},"nm":"Transform"}],"nm":"Group 2","np":3,"cix":2,"ix":1,"mn":"ADBE Vector Group","hd":false},{"ty":"tr","p":{"a":0,"k":[0,0],"ix":2},"a":{"a":0,"k":[0,0],"ix":1},"s":{"a":0,"k":[100,100],"ix":3},"r":{"a":0,"k":0,"ix":6},"o":{"a":0,"k":100,"ix":7},"sk":{"a":0,"k":0,"ix":4},"sa":{"a":0,"k":0,"ix":5},"nm":"Transform"}],"nm":"Group 3","np":1,"cix":2,"ix":1,"mn":"ADBE Vector Group","hd":false}],"ip":0,"op":240,"st":0,"bm":0},{"ddd":0,"ind":6,"ty":4,"nm":"body","sr":1,"ks":{"o":{"a":0,"k":100,"ix":11},"r":{"a":1,"k":[{"i":{"x":[0.833],"y":[1.049]},"o":{"x":[0.167],"y":[0.167]},"n":["0p833_1p049_0p167_0p167"],"t":0,"s":[0],"e":[10]},{"i":{"x":[0.833],"y":[0.942]},"o":{"x":[0.167],"y":[0.059]},"n":["0p833_0p942_0p167_0p059"],"t":53,"s":[10],"e":[-10]},{"i":{"x":[0.833],"y":[0.833]},"o":{"x":[0.167],"y":[-0.051]},"n":["0p833_0p833_0p167_-0p051"],"t":182,"s":[-10],"e":[0]},{"t":239}],"ix":10},"p":{"a":1,"k":[{"i":{"x":0.833,"y":0.846},"o":{"x":0.167,"y":0.167},"n":"0p833_0p846_0p167_0p167","t":0,"s":[955.15,449.397,0],"e":[966.9,489.647,0],"to":[27.4421710968018,-14.1551132202148,0],"ti":[-19.8049030303955,11.8805742263794,0]},{"i":{"x":0.833,"y":0.833},"o":{"x":0.167,"y":0.181},"n":"0p833_0p833_0p167_0p181","t":119,"s":[966.9,489.647,0],"e":[955.15,449.522,0],"to":[19.0046730041504,-11.4005317687988,0],"ti":[-17.2083339691162,10.3333330154419,0]},{"t":239}],"ix":2},"a":{"a":0,"k":[-2.1,-66.353,0],"ix":1},"s":{"a":0,"k":[100,100,100],"ix":6}},"ao":0,"shapes":[{"ty":"gr","it":[{"ind":0,"ty":"sh","ix":1,"ks":{"a":0,"k":{"i":[[-21.719,-11.387],[0,0],[12.05,-22.984],[0,0],[21.719,11.387],[0,0],[-12.05,22.984],[0,0]],"o":[[0,0],[21.719,11.387],[0,0],[-12.05,22.984],[0,0],[-21.719,-11.387],[0,0],[12.05,-22.984]],"v":[[14.059,-141.559],[33.804,-131.207],[51.385,-68.714],[17.63,-12.232],[-43.769,8.853],[-58.201,1.193],[-75.781,-61.3],[-47.339,-120.474]],"c":true},"ix":2},"nm":"Path 1","mn":"ADBE Vector Shape - Group","hd":false},{"ty":"st","c":{"a":0,"k":[0.561,0.078,0.937,1],"ix":3},"o":{"a":0,"k":100,"ix":4},"w":{"a":0,"k":0.944,"ix":5},"lc":1,"lj":2,"nm":"Stroke 1","mn":"ADBE Vector Graphic - Stroke","hd":false},{"ty":"fl","c":{"a":0,"k":[0.561,0.078,0.937,1],"ix":4},"o":{"a":0,"k":100,"ix":5},"r":1,"nm":"Fill 1","mn":"ADBE Vector Graphic - Fill","hd":false},{"ty":"tr","p":{"a":0,"k":[0,0],"ix":2},"a":{"a":0,"k":[0,0],"ix":1},"s":{"a":0,"k":[100,100],"ix":3},"r":{"a":0,"k":0,"ix":6},"o":{"a":0,"k":100,"ix":7},"sk":{"a":0,"k":0,"ix":4},"sa":{"a":0,"k":0,"ix":5},"nm":"Transform"}],"nm":"Group 1","np":3,"cix":2,"ix":1,"mn":"ADBE Vector Group","hd":false},{"ty":"gr","it":[{"ind":0,"ty":"sh","ix":1,"ks":{"a":1,"k":[{"i":{"x":0.667,"y":1},"o":{"x":0.333,"y":0},"n":"0p667_1_0p333_0","t":0,"s":[{"i":[[5.546,1.746],[-1.656,1.249],[-3.361,6.011],[0,0],[4.702,18.631],[-1.938,-0.884],[-2.937,-2.689],[1.118,-4.955],[6.964,-11.869],[13.547,-5.497]],"o":[[-1.979,-0.623],[2.785,-2.101],[8.768,-15.678],[0,0],[-0.521,-2.066],[4.293,1.959],[3.746,3.431],[-2.384,10.567],[-10.146,17.292],[-3.429,1.391]],"v":[[11.79,7.784],[11.038,3.326],[20.845,-8.4],[43.057,-47.162],[59.248,-96.95],[62.792,-99.849],[73.879,-92.209],[76.592,-81.252],[59.171,-40.193],[25.636,7.714]],"c":true}],"e":[{"i":[[5.546,1.746],[-1.656,1.249],[-3.361,6.011],[0,0],[4.702,18.631],[-1.938,-0.884],[-2.937,-2.689],[1.118,-4.955],[6.964,-11.869],[13.547,-5.497]],"o":[[-1.979,-0.623],[2.785,-2.101],[8.768,-15.678],[0,0],[-0.521,-2.066],[4.293,1.959],[3.746,3.431],[-2.384,10.567],[-10.146,17.292],[-3.429,1.391]],"v":[[11.79,7.784],[11.038,3.326],[20.845,-8.4],[43.057,-47.162],[59.248,-96.95],[62.792,-99.849],[69.393,-94.98],[72.105,-84.023],[54.684,-42.965],[21.149,4.943]],"c":true}]},{"i":{"x":0.667,"y":1},"o":{"x":0.333,"y":0},"n":"0p667_1_0p333_0","t":119,"s":[{"i":[[5.546,1.746],[-1.656,1.249],[-3.361,6.011],[0,0],[4.702,18.631],[-1.938,-0.884],[-2.937,-2.689],[1.118,-4.955],[6.964,-11.869],[13.547,-5.497]],"o":[[-1.979,-0.623],[2.785,-2.101],[8.768,-15.678],[0,0],[-0.521,-2.066],[4.293,1.959],[3.746,3.431],[-2.384,10.567],[-10.146,17.292],[-3.429,1.391]],"v":[[11.79,7.784],[11.038,3.326],[20.845,-8.4],[43.057,-47.162],[59.248,-96.95],[62.792,-99.849],[69.393,-94.98],[72.105,-84.023],[54.684,-42.965],[21.149,4.943]],"c":true}],"e":[{"i":[[5.546,1.746],[-1.656,1.249],[-3.361,6.011],[0,0],[4.702,18.631],[-1.938,-0.884],[-2.937,-2.689],[1.118,-4.955],[6.964,-11.869],[13.547,-5.497]],"o":[[-1.979,-0.623],[2.785,-2.101],[8.768,-15.678],[0,0],[-0.521,-2.066],[4.293,1.959],[3.746,3.431],[-2.384,10.567],[-10.146,17.292],[-3.429,1.391]],"v":[[11.79,7.784],[11.038,3.326],[20.845,-8.4],[43.057,-47.162],[59.248,-96.95],[62.792,-99.849],[73.879,-92.209],[76.592,-81.252],[59.171,-40.193],[25.636,7.714]],"c":true}]},{"t":239}],"ix":2},"nm":"Path 1","mn":"ADBE Vector Shape - Group","hd":false},{"ty":"fl","c":{"a":0,"k":[0.561,0.078,0.937,1],"ix":4},"o":{"a":0,"k":100,"ix":5},"r":1,"nm":"Fill 1","mn":"ADBE Vector Graphic - Fill","hd":false},{"ty":"tr","p":{"a":0,"k":[0,0],"ix":2},"a":{"a":0,"k":[0,0],"ix":1},"s":{"a":0,"k":[100,100],"ix":3},"r":{"a":0,"k":0,"ix":6},"o":{"a":0,"k":100,"ix":7},"sk":{"a":0,"k":0,"ix":4},"sa":{"a":0,"k":0,"ix":5},"nm":"Transform"}],"nm":"Group 2","np":2,"cix":2,"ix":2,"mn":"ADBE Vector Group","hd":false}],"ip":0,"op":240,"st":0,"bm":0},{"ddd":0,"ind":7,"ty":4,"nm":"left leg","parent":6,"sr":1,"ks":{"o":{"a":0,"k":100,"ix":11},"r":{"a":1,"k":[{"i":{"x":[0.667],"y":[1]},"o":{"x":[0.333],"y":[0]},"n":["0p667_1_0p333_0"],"t":0,"s":[0],"e":[16]},{"i":{"x":[0.667],"y":[1]},"o":{"x":[0.333],"y":[0]},"n":["0p667_1_0p333_0"],"t":53,"s":[16],"e":[-10]},{"i":{"x":[0.667],"y":[1]},"o":{"x":[0.333],"y":[0]},"n":["0p667_1_0p333_0"],"t":119,"s":[-10],"e":[11]},{"i":{"x":[0.667],"y":[1]},"o":{"x":[0.333],"y":[0]},"n":["0p667_1_0p333_0"],"t":186,"s":[11],"e":[0]},{"t":239}],"ix":10},"p":{"a":0,"k":[-70,-31,0],"ix":2},"a":{"a":0,"k":[-70,-31,0],"ix":1},"s":{"a":0,"k":[100,100,100],"ix":6}},"ao":0,"shapes":[{"ty":"gr","it":[{"ind":0,"ty":"sh","ix":1,"ks":{"a":0,"k":{"i":[[0,0],[-14.517,-49.913],[14.808,-10.453]],"o":[[-39.197,33.1],[0,0],[0,0]],"v":[[-69.494,-31.918],[-93.884,63.897],[-118.273,84.366]],"c":false},"ix":2},"nm":"Path 1","mn":"ADBE Vector Shape - Group","hd":false},{"ty":"st","c":{"a":0,"k":[0.561,0.078,0.937,1],"ix":3},"o":{"a":0,"k":100,"ix":4},"w":{"a":0,"k":40,"ix":5},"lc":2,"lj":2,"nm":"Stroke 1","mn":"ADBE Vector Graphic - Stroke","hd":false},{"ty":"tr","p":{"a":0,"k":[0,0],"ix":2},"a":{"a":0,"k":[0,0],"ix":1},"s":{"a":0,"k":[100,100],"ix":3},"r":{"a":0,"k":0,"ix":6},"o":{"a":0,"k":100,"ix":7},"sk":{"a":0,"k":0,"ix":4},"sa":{"a":0,"k":0,"ix":5},"nm":"Transform"}],"nm":"Group 1","np":2,"cix":2,"ix":1,"mn":"ADBE Vector Group","hd":false}],"ip":0,"op":240,"st":0,"bm":0},{"ddd":0,"ind":8,"ty":4,"nm":"right leg","parent":6,"sr":1,"ks":{"o":{"a":0,"k":100,"ix":11},"r":{"a":1,"k":[{"i":{"x":[0.667],"y":[1]},"o":{"x":[0.333],"y":[0]},"n":["0p667_1_0p333_0"],"t":0,"s":[0],"e":[-22]},{"i":{"x":[0.667],"y":[1]},"o":{"x":[0.333],"y":[0]},"n":["0p667_1_0p333_0"],"t":33,"s":[-22],"e":[18]},{"i":{"x":[0.667],"y":[1]},"o":{"x":[0.333],"y":[0]},"n":["0p667_1_0p333_0"],"t":83,"s":[18],"e":[-13]},{"i":{"x":[0.667],"y":[1]},"o":{"x":[0.333],"y":[0]},"n":["0p667_1_0p333_0"],"t":142,"s":[-13],"e":[15]},{"i":{"x":[0.667],"y":[1]},"o":{"x":[0.333],"y":[0]},"n":["0p667_1_0p333_0"],"t":196,"s":[15],"e":[0]},{"t":239}],"ix":10},"p":{"a":0,"k":[-15,-1,0],"ix":2},"a":{"a":0,"k":[-15,-1,0],"ix":1},"s":{"a":0,"k":[100,100,100],"ix":6}},"ao":0,"shapes":[{"ty":"gr","it":[{"ind":0,"ty":"sh","ix":1,"ks":{"a":1,"k":[{"i":{"x":0.667,"y":1},"o":{"x":0.333,"y":0},"n":"0p667_1_0p333_0","t":0,"s":[{"i":[[0,0],[-14.089,-9.875],[-0.804,-5.345]],"o":[[-20.502,38.811],[-5.089,13.625],[0,0]],"v":[[-13.748,-0.561],[7.339,73.625],[0.054,104.095]],"c":false}],"e":[{"i":[[0,0],[-25.524,-17.407],[8.34,-12.141]],"o":[[-27.687,36.678],[-2.581,4.821],[0,0]],"v":[[-13.748,-0.561],[-3.475,75.487],[-23.954,99.774]],"c":false}]},{"i":{"x":0.833,"y":0.833},"o":{"x":0.333,"y":0},"n":"0p833_0p833_0p333_0","t":45,"s":[{"i":[[0,0],[-25.524,-17.407],[8.34,-12.141]],"o":[[-27.687,36.678],[-2.581,4.821],[0,0]],"v":[[-13.748,-0.561],[-3.475,75.487],[-23.954,99.774]],"c":false}],"e":[{"i":[[0,0],[-23.049,-28.496],[-1.299,-10.244]],"o":[[-25.257,36.679],[-0.946,4.938],[0,0]],"v":[[-13.748,-0.561],[-0.545,94.425],[1.838,120.714]],"c":false}]},{"i":{"x":0.667,"y":1},"o":{"x":0.167,"y":0.167},"n":"0p667_1_0p167_0p167","t":83,"s":[{"i":[[0,0],[-23.049,-28.496],[-1.299,-10.244]],"o":[[-25.257,36.679],[-0.946,4.938],[0,0]],"v":[[-13.748,-0.561],[-0.545,94.425],[1.838,120.714]],"c":false}],"e":[{"i":[[0,0],[-21.233,-12.343],[-0.115,-13.143]],"o":[[-11.503,39.939],[9.823,5.71],[0,0]],"v":[[-13.748,-0.561],[-3.475,75.487],[0.449,106.385]],"c":false}]},{"i":{"x":0.667,"y":1},"o":{"x":0.333,"y":0},"n":"0p667_1_0p333_0","t":212,"s":[{"i":[[0,0],[-21.233,-12.343],[-0.115,-13.143]],"o":[[-11.503,39.939],[9.823,5.71],[0,0]],"v":[[-13.748,-0.561],[-3.475,75.487],[0.449,106.385]],"c":false}],"e":[{"i":[[0,0],[-14.089,-9.875],[-0.804,-5.345]],"o":[[-20.502,38.811],[-5.089,13.625],[0,0]],"v":[[-13.748,-0.561],[7.339,73.625],[0.054,104.095]],"c":false}]},{"t":239}],"ix":2},"nm":"Path 1","mn":"ADBE Vector Shape - Group","hd":false},{"ty":"st","c":{"a":0,"k":[0.561,0.078,0.937,1],"ix":3},"o":{"a":0,"k":100,"ix":4},"w":{"a":0,"k":40,"ix":5},"lc":2,"lj":2,"nm":"Stroke 1","mn":"ADBE Vector Graphic - Stroke","hd":false},{"ty":"tr","p":{"a":0,"k":[0,0],"ix":2},"a":{"a":0,"k":[0,0],"ix":1},"s":{"a":0,"k":[100,100],"ix":3},"r":{"a":0,"k":0,"ix":6},"o":{"a":0,"k":100,"ix":7},"sk":{"a":0,"k":0,"ix":4},"sa":{"a":0,"k":0,"ix":5},"nm":"Transform"}],"nm":"Group 1","np":2,"cix":2,"ix":1,"mn":"ADBE Vector Group","hd":false}],"ip":0,"op":240,"st":0,"bm":0},{"ddd":0,"ind":9,"ty":4,"nm":"left hand","parent":6,"sr":1,"ks":{"o":{"a":0,"k":100,"ix":11},"r":{"a":1,"k":[{"i":{"x":[0.667],"y":[1]},"o":{"x":[0.333],"y":[0]},"n":["0p667_1_0p333_0"],"t":8,"s":[0],"e":[55]},{"i":{"x":[0.667],"y":[1]},"o":{"x":[0.333],"y":[0]},"n":["0p667_1_0p333_0"],"t":83,"s":[55],"e":[0]},{"t":198}],"ix":10},"p":{"a":0,"k":[-21,-119,0],"ix":2},"a":{"a":0,"k":[-21,-119,0],"ix":1},"s":{"a":0,"k":[100,100,100],"ix":6}},"ao":0,"shapes":[{"ty":"gr","it":[{"ind":0,"ty":"sh","ix":1,"ks":{"a":1,"k":[{"i":{"x":0.667,"y":1},"o":{"x":0.333,"y":0},"n":"0p667_1_0p333_0","t":0,"s":[{"i":[[0,0],[39.242,41.826]],"o":[[-21.015,0.057],[0,0]],"v":[[-22.511,-120.891],[-109.318,-140.604]],"c":false}],"e":[{"i":[[0,0],[48.46,18.975]],"o":[[-21.015,0.057],[0,0]],"v":[[-22.511,-120.891],[-106.87,-163.821]],"c":false}]},{"i":{"x":0.667,"y":1},"o":{"x":0.333,"y":0},"n":"0p667_1_0p333_0","t":50,"s":[{"i":[[0,0],[48.46,18.975]],"o":[[-21.015,0.057],[0,0]],"v":[[-22.511,-120.891],[-106.87,-163.821]],"c":false}],"e":[{"i":[[0,0],[41.746,6.147]],"o":[[-33.515,5.388],[0,0]],"v":[[-22.511,-120.891],[-112.614,-85.926]],"c":false}]},{"i":{"x":0.667,"y":1},"o":{"x":0.333,"y":0},"n":"0p667_1_0p333_0","t":167,"s":[{"i":[[0,0],[41.746,6.147]],"o":[[-33.515,5.388],[0,0]],"v":[[-22.511,-120.891],[-112.614,-85.926]],"c":false}],"e":[{"i":[[0,0],[39.242,41.826]],"o":[[-21.015,0.057],[0,0]],"v":[[-22.511,-120.891],[-109.318,-140.604]],"c":false}]},{"t":239}],"ix":2},"nm":"Path 1","mn":"ADBE Vector Shape - Group","hd":false},{"ty":"st","c":{"a":0,"k":[0.561,0.078,0.937,1],"ix":3},"o":{"a":0,"k":100,"ix":4},"w":{"a":0,"k":40,"ix":5},"lc":2,"lj":2,"nm":"Stroke 1","mn":"ADBE Vector Graphic - Stroke","hd":false},{"ty":"tr","p":{"a":0,"k":[0,0],"ix":2},"a":{"a":0,"k":[0,0],"ix":1},"s":{"a":0,"k":[100,100],"ix":3},"r":{"a":0,"k":0,"ix":6},"o":{"a":0,"k":100,"ix":7},"sk":{"a":0,"k":0,"ix":4},"sa":{"a":0,"k":0,"ix":5},"nm":"Transform"}],"nm":"Group 1","np":2,"cix":2,"ix":1,"mn":"ADBE Vector Group","hd":false}],"ip":0,"op":240,"st":0,"bm":0}]}],"layers":[{"ddd":0,"ind":1,"ty":0,"nm":"astro body","refId":"comp_0","sr":1,"ks":{"o":{"a":0,"k":100,"ix":11},"r":{"a":0,"k":0,"ix":10},"p":{"a":0,"k":[396,318,0],"ix":2},"a":{"a":0,"k":[960,540,0],"ix":1},"s":{"a":1,"k":[{"i":{"x":[0.667,0.667,0.667],"y":[1,1,1]},"o":{"x":[0.333,0.333,0.333],"y":[0,0,0]},"n":["0p667_1_0p333_0","0p667_1_0p333_0","0p667_1_0p333_0"],"t":0,"s":[100,100,100],"e":[95,95,100]},{"i":{"x":[0.667,0.667,0.667],"y":[1,1,1]},"o":{"x":[0.333,0.333,0.333],"y":[0,0,0]},"n":["0p667_1_0p333_0","0p667_1_0p333_0","0p667_1_0p333_0"],"t":120,"s":[95,95,100],"e":[100,100,100]},{"t":239}],"ix":6}},"ao":0,"w":1920,"h":1080,"ip":0,"op":240,"st":0,"bm":0},{"ddd":0,"ind":2,"ty":4,"nm":"Shape Layer 1","td":1,"sr":1,"ks":{"o":{"a":0,"k":100,"ix":11},"r":{"a":0,"k":0,"ix":10},"p":{"a":1,"k":[{"i":{"x":0.234,"y":1},"o":{"x":0.333,"y":0},"n":"0p234_1_0p333_0","t":48,"s":[396,318,0],"e":[645,318,0],"to":[41.5,0,0],"ti":[-41.5,0,0]},{"i":{"x":0.201,"y":0.201},"o":{"x":0.333,"y":0.333},"n":"0p201_0p201_0p333_0p333","t":58,"s":[645,318,0],"e":[645,318,0],"to":[0,0,0],"ti":[0,0,0]},{"i":{"x":0.108,"y":1},"o":{"x":0.333,"y":0},"n":"0p108_1_0p333_0","t":133,"s":[645,318,0],"e":[396,318,0],"to":[-41.5,0,0],"ti":[41.5,0,0]},{"t":141}],"ix":2},"a":{"a":0,"k":[0,0,0],"ix":1},"s":{"a":0,"k":[100,100,100],"ix":6}},"ao":0,"shapes":[{"ty":"gr","it":[{"ty":"rc","d":1,"s":{"a":0,"k":[10,330],"ix":2},"p":{"a":0,"k":[0,0],"ix":3},"r":{"a":0,"k":0,"ix":4},"nm":"Rectangle Path 1","mn":"ADBE Vector Shape - Rect","hd":false},{"ty":"st","c":{"a":0,"k":[0.561,0.078,0.937,1],"ix":3},"o":{"a":0,"k":100,"ix":4},"w":{"a":0,"k":3,"ix":5},"lc":1,"lj":1,"ml":4,"ml2":{"a":0,"k":4,"ix":8},"nm":"Stroke 1","mn":"ADBE Vector Graphic - Stroke","hd":false},{"ty":"fl","c":{"a":0,"k":[0.561,0.078,0.937,1],"ix":4},"o":{"a":0,"k":100,"ix":5},"r":1,"nm":"Fill 1","mn":"ADBE Vector Graphic - Fill","hd":false},{"ty":"tr","p":{"a":0,"k":[-401,-181],"ix":2},"a":{"a":0,"k":[0,0],"ix":1},"s":{"a":0,"k":[100,100],"ix":3},"r":{"a":0,"k":0,"ix":6},"o":{"a":0,"k":100,"ix":7},"sk":{"a":0,"k":0,"ix":4},"sa":{"a":0,"k":0,"ix":5},"nm":"Transform"}],"nm":"Rectangle 1","np":3,"cix":2,"ix":1,"mn":"ADBE Vector Group","hd":false}],"ip":48,"op":141,"st":0,"bm":0},{"ddd":0,"ind":3,"ty":4,"nm":"4","tt":2,"sr":1,"ks":{"o":{"a":1,"k":[{"i":{"x":[0.833],"y":[0.833]},"o":{"x":[0.167],"y":[0.167]},"n":["0p833_0p833_0p167_0p167"],"t":0,"s":[0],"e":[60]},{"i":{"x":[0.833],"y":[0.833]},"o":{"x":[0.167],"y":[0.167]},"n":["0p833_0p833_0p167_0p167"],"t":3,"s":[60],"e":[20]},{"i":{"x":[0.833],"y":[0.833]},"o":{"x":[0.167],"y":[0.167]},"n":["0p833_0p833_0p167_0p167"],"t":7,"s":[20],"e":[80]},{"i":{"x":[0.833],"y":[0.833]},"o":{"x":[0.167],"y":[0.167]},"n":["0p833_0p833_0p167_0p167"],"t":12,"s":[80],"e":[10]},{"i":{"x":[0.833],"y":[0.833]},"o":{"x":[0.167],"y":[0.167]},"n":["0p833_0p833_0p167_0p167"],"t":16,"s":[10],"e":[100]},{"t":21}],"ix":11},"r":{"a":0,"k":0,"ix":10},"p":{"a":0,"k":[118.837,128.937,0],"ix":2},"a":{"a":0,"k":[-277.163,-189.063,0],"ix":1},"s":{"a":0,"k":[100,100,100],"ix":6}},"ao":0,"shapes":[{"ty":"gr","it":[{"ind":0,"ty":"sh","ix":1,"ks":{"a":0,"k":{"i":[[0,0],[0,0],[0,0],[0,0]],"o":[[0,0],[0,0],[0,0],[0,0]],"v":[[-266.604,-246.126],[-267.821,-246.126],[-321.84,-169.772],[-266.604,-169.772]],"c":true},"ix":2},"nm":"Path 1","mn":"ADBE Vector Shape - Group","hd":false},{"ind":1,"ty":"sh","ix":2,"ks":{"a":0,"k":{"i":[[0,0],[-6.637,1.087],[-5.419,0],[-5.825,-1.219],[-4.606,-2.843],[-2.71,-4.873],[0,-7.311],[0,0],[0,0],[-1.625,-4.873],[0,-5.415],[4.601,-4.329],[7.038,0],[0,0],[0,0],[5.953,-0.952],[5.413,0],[4.601,0.539],[3.11,2.031],[1.625,3.794],[0,6.499],[0,0],[0,0],[4.467,6.365],[0,9.207],[-1.358,6.23],[-3.25,4.606]],"o":[[5.14,-1.624],[6.632,-1.079],[6.226,0],[5.82,1.219],[4.601,2.843],[2.704,4.873],[0,0],[0,0],[1.624,2.983],[1.625,4.873],[0,10.291],[-4.608,4.334],[0,0],[0,0],[-2.983,0.539],[-5.959,0.947],[-5.959,0],[-4.608,-0.547],[-3.116,-2.031],[-1.625,-3.789],[0,0],[0,0],[-6.231,-3.25],[-4.467,-6.359],[0,-5.14],[1.353,-6.227],[0,0]],"v":[[-287.317,-309.894],[-269.65,-313.955],[-251.575,-315.579],[-233.502,-313.752],[-217.866,-307.659],[-206.899,-296.083],[-202.838,-277.806],[-202.838,-169.772],[-166.69,-169.772],[-161.817,-157.992],[-159.38,-142.558],[-166.284,-120.627],[-183.749,-114.128],[-202.838,-114.128],[-202.838,-66.205],[-216.241,-63.97],[-233.299,-62.548],[-249.139,-63.359],[-260.714,-67.22],[-267.821,-75.951],[-270.258,-91.385],[-270.258,-114.128],[-372.202,-114.128],[-388.245,-128.547],[-394.946,-151.9],[-392.916,-168.958],[-386.01,-185.204]],"c":true},"ix":2},"nm":"Path 2","mn":"ADBE Vector Shape - Group","hd":false},{"ty":"fl","c":{"a":0,"k":[0.561,0.078,0.937,1],"ix":4},"o":{"a":0,"k":100,"ix":5},"r":1,"nm":"Fill 1","mn":"ADBE Vector Graphic - Fill","hd":false},{"ty":"tr","p":{"a":0,"k":[0,0],"ix":2},"a":{"a":0,"k":[0,0],"ix":1},"s":{"a":0,"k":[100,100],"ix":3},"r":{"a":0,"k":0,"ix":6},"o":{"a":0,"k":100,"ix":7},"sk":{"a":0,"k":0,"ix":4},"sa":{"a":0,"k":0,"ix":5},"nm":"Transform"}],"nm":"Group 1","np":3,"cix":2,"ix":1,"mn":"ADBE Vector Group","hd":false}],"ip":0,"op":240,"st":0,"bm":0},{"ddd":0,"ind":4,"ty":4,"nm":"Shape Layer 2","td":1,"sr":1,"ks":{"o":{"a":0,"k":100,"ix":11},"r":{"a":0,"k":0,"ix":10},"p":{"a":1,"k":[{"i":{"x":0.234,"y":1},"o":{"x":0.333,"y":0},"n":"0p234_1_0p333_0","t":66,"s":[957,318,0],"e":[1213,318,0],"to":[42.6666679382324,0,0],"ti":[-42.6666679382324,0,0]},{"i":{"x":0.234,"y":0.234},"o":{"x":0.333,"y":0.333},"n":"0p234_0p234_0p333_0p333","t":76,"s":[1213,318,0],"e":[1213,318,0],"to":[0,0,0],"ti":[0,0,0]},{"i":{"x":0.667,"y":1},"o":{"x":0.333,"y":0},"n":"0p667_1_0p333_0","t":151,"s":[1213,318,0],"e":[957,318,0],"to":[-42.6666679382324,0,0],"ti":[42.6666679382324,0,0]},{"t":159}],"ix":2},"a":{"a":0,"k":[0,0,0],"ix":1},"s":{"a":0,"k":[100,100,100],"ix":6}},"ao":0,"shapes":[{"ty":"gr","it":[{"ty":"rc","d":1,"s":{"a":0,"k":[10,330],"ix":2},"p":{"a":0,"k":[0,0],"ix":3},"r":{"a":0,"k":0,"ix":4},"nm":"Rectangle Path 1","mn":"ADBE Vector Shape - Rect","hd":false},{"ty":"st","c":{"a":0,"k":[0.561,0.078,0.937,1],"ix":3},"o":{"a":0,"k":100,"ix":4},"w":{"a":0,"k":3,"ix":5},"lc":1,"lj":1,"ml":4,"ml2":{"a":0,"k":4,"ix":8},"nm":"Stroke 1","mn":"ADBE Vector Graphic - Stroke","hd":false},{"ty":"fl","c":{"a":0,"k":[0.561,0.078,0.937,1],"ix":4},"o":{"a":0,"k":100,"ix":5},"r":1,"nm":"Fill 1","mn":"ADBE Vector Graphic - Fill","hd":false},{"ty":"tr","p":{"a":0,"k":[-401,-181],"ix":2},"a":{"a":0,"k":[0,0],"ix":1},"s":{"a":0,"k":[100,100],"ix":3},"r":{"a":0,"k":0,"ix":6},"o":{"a":0,"k":100,"ix":7},"sk":{"a":0,"k":0,"ix":4},"sa":{"a":0,"k":0,"ix":5},"nm":"Transform"}],"nm":"Rectangle 1","np":3,"cix":2,"ix":1,"mn":"ADBE Vector Group","hd":false}],"ip":66,"op":159,"st":18,"bm":0},{"ddd":0,"ind":5,"ty":4,"nm":"4","tt":2,"sr":1,"ks":{"o":{"a":1,"k":[{"i":{"x":[0.833],"y":[0.833]},"o":{"x":[0.167],"y":[0.167]},"n":["0p833_0p833_0p167_0p167"],"t":24,"s":[0],"e":[60]},{"i":{"x":[0.833],"y":[0.833]},"o":{"x":[0.167],"y":[0.167]},"n":["0p833_0p833_0p167_0p167"],"t":27,"s":[60],"e":[20]},{"i":{"x":[0.833],"y":[0.833]},"o":{"x":[0.167],"y":[0.167]},"n":["0p833_0p833_0p167_0p167"],"t":31,"s":[20],"e":[80]},{"i":{"x":[0.833],"y":[0.833]},"o":{"x":[0.167],"y":[0.167]},"n":["0p833_0p833_0p167_0p167"],"t":36,"s":[80],"e":[10]},{"i":{"x":[0.833],"y":[0.833]},"o":{"x":[0.167],"y":[0.167]},"n":["0p833_0p833_0p167_0p167"],"t":40,"s":[10],"e":[100]},{"t":45}],"ix":11},"r":{"a":0,"k":0,"ix":10},"p":{"a":0,"k":[684.163,128.937,0],"ix":2},"a":{"a":0,"k":[288.163,-189.063,0],"ix":1},"s":{"a":0,"k":[100,100,100],"ix":6}},"ao":0,"shapes":[{"ty":"gr","it":[{"ind":0,"ty":"sh","ix":1,"ks":{"a":0,"k":{"i":[[0,0],[0,0],[0,0],[0,0]],"o":[[0,0],[0,0],[0,0],[0,0]],"v":[[298.724,-246.126],[297.508,-246.126],[243.487,-169.772],[298.724,-169.772]],"c":true},"ix":2},"nm":"Path 1","mn":"ADBE Vector Shape - Group","hd":false},{"ind":1,"ty":"sh","ix":2,"ks":{"a":0,"k":{"i":[[0,0],[-6.637,1.087],[-5.421,0],[-5.823,-1.219],[-4.606,-2.843],[-2.713,-4.873],[0,-7.311],[0,0],[0,0],[-1.626,-4.873],[0,-5.415],[4.601,-4.329],[7.039,0],[0,0],[0,0],[5.955,-0.952],[5.41,0],[4.601,0.539],[3.11,2.031],[1.624,3.794],[0,6.499],[0,0],[0,0],[4.466,6.365],[0,9.207],[-1.356,6.23],[-3.25,4.606]],"o":[[5.14,-1.624],[6.632,-1.079],[6.224,0],[5.823,1.219],[4.601,2.843],[2.702,4.873],[0,0],[0,0],[1.624,2.983],[1.626,4.873],[0,10.291],[-4.609,4.334],[0,0],[0,0],[-2.983,0.539],[-5.957,0.947],[-5.96,0],[-4.609,-0.547],[-3.118,-2.031],[-1.626,-3.789],[0,0],[0,0],[-6.23,-3.25],[-4.466,-6.359],[0,-5.14],[1.354,-6.227],[0,0]],"v":[[278.01,-309.894],[295.678,-313.955],[313.754,-315.579],[331.824,-313.752],[347.462,-307.659],[358.43,-296.083],[362.492,-277.806],[362.492,-169.772],[398.638,-169.772],[403.511,-157.992],[405.946,-142.558],[399.045,-120.627],[381.577,-114.128],[362.492,-114.128],[362.492,-66.205],[349.086,-63.97],[332.03,-62.548],[316.189,-63.359],[304.615,-67.22],[297.508,-75.951],[295.07,-91.385],[295.07,-114.128],[193.126,-114.128],[177.083,-128.547],[170.38,-151.9],[172.411,-168.958],[179.318,-185.204]],"c":true},"ix":2},"nm":"Path 2","mn":"ADBE Vector Shape - Group","hd":false},{"ty":"fl","c":{"a":0,"k":[0.561,0.078,0.937,1],"ix":4},"o":{"a":0,"k":100,"ix":5},"r":1,"nm":"Fill 1","mn":"ADBE Vector Graphic - Fill","hd":false},{"ty":"tr","p":{"a":0,"k":[0,0],"ix":2},"a":{"a":0,"k":[0,0],"ix":1},"s":{"a":0,"k":[100,100],"ix":3},"r":{"a":0,"k":0,"ix":6},"o":{"a":0,"k":100,"ix":7},"sk":{"a":0,"k":0,"ix":4},"sa":{"a":0,"k":0,"ix":5},"nm":"Transform"}],"nm":"Group 1","np":3,"cix":2,"ix":1,"mn":"ADBE Vector Group","hd":false}],"ip":0,"op":240,"st":0,"bm":0}],"markers":[]}