{"v":"5.7.7","fr":29.9700012207031,"ip":0,"op":91.000003706506,"w":3710,"h":3710,"nm":"Business idea","ddd":0,"assets":[],"layers":[{"ddd":0,"ind":1,"ty":4,"nm":"Bucket","sr":1,"ks":{"o":{"a":0,"k":100,"ix":11},"r":{"a":0,"k":0,"ix":10},"p":{"a":0,"k":[2874.519,2931.335,0],"ix":2,"l":2},"a":{"a":0,"k":[99.747,136.82,0],"ix":1,"l":2},"s":{"a":0,"k":[100,100,100],"ix":6,"l":2}},"ao":0,"shapes":[{"ty":"gr","it":[{"ind":0,"ty":"sh","ix":1,"ks":{"a":0,"k":{"i":[[-11.968,0],[0,0],[2.356,-16.542],[25.086,-73.943],[9.62,0],[0,0],[4.49,13.516],[9.546,81.852]],"o":[[0,0],[10.48,0],[-10.23,71.795],[-4.633,13.658],[0,0],[-9.474,0],[-20.096,-60.499],[-2.223,-19.05]],"v":[[-78.602,-136.571],[81.289,-136.571],[97.166,-104.235],[49.589,114.348],[26.513,136.57],[-25.661,136.57],[-48.32,114.621],[-97.299,-99.85]],"c":true},"ix":2},"nm":"Path 1","mn":"ADBE Vector Shape - Group","hd":false},{"ty":"fl","c":{"a":0,"k":[0.0196078431372549,0.9098039215686274,0.7215686274509804,1],"ix":4},"o":{"a":0,"k":100,"ix":5},"r":1,"bm":0,"nm":"Fill 1","mn":"ADBE Vector Graphic - Fill","hd":false},{"ty":"tr","p":{"a":0,"k":[99.772,136.82],"ix":2},"a":{"a":0,"k":[0,0],"ix":1},"s":{"a":0,"k":[100,100],"ix":3},"r":{"a":0,"k":0,"ix":6},"o":{"a":0,"k":100,"ix":7},"sk":{"a":0,"k":0,"ix":4},"sa":{"a":0,"k":0,"ix":5},"nm":"Transform"}],"nm":"Group 1","np":2,"cix":2,"bm":0,"ix":1,"mn":"ADBE Vector Group","hd":false}],"ip":0,"op":180.00000733155,"st":0,"bm":0},{"ddd":0,"ind":2,"ty":4,"nm":"Leaf 3","sr":1,"ks":{"o":{"a":0,"k":100,"ix":11},"r":{"a":1,"k":[{"i":{"x":[0.667],"y":[1]},"o":{"x":[0.333],"y":[0]},"t":0,"s":[0]},{"i":{"x":[0.667],"y":[1]},"o":{"x":[0.333],"y":[0]},"t":45,"s":[-5]},{"t":90.0000036657751,"s":[0]}],"ix":10},"p":{"a":0,"k":[2886.623,3038.495,0],"ix":2,"l":2},"a":{"a":0,"k":[444.2,888.102,0],"ix":1,"l":2},"s":{"a":0,"k":[100,100,100],"ix":6,"l":2}},"ao":0,"shapes":[{"ty":"gr","it":[{"ind":0,"ty":"sh","ix":1,"ks":{"a":0,"k":{"i":[[0,0],[0,0],[0,0],[0,0],[0,0],[5.573,24.371],[5.807,24.307],[13.781,47.948],[0,0],[0,0],[4.122,11.742],[11.521,22.008],[0,0],[-5.347,-11.405],[-2.367,-5.829],[-2.237,-5.875],[-7.342,-24.011],[-11.417,-48.801],[-5.261,-24.494],[-4.714,-24.599],[-4.118,-24.708],[0,0],[0,0],[0,0],[0,0],[-0.109,-2.164]],"o":[[0,0],[0,0],[0,0],[0,0],[-5.245,-24.451],[-5.429,-24.401],[-11.673,-48.596],[0,0],[0,0],[-3.653,-11.911],[-8.27,-23.462],[0,0],[6.823,10.627],[2.751,5.677],[2.493,5.787],[9.227,23.413],[14.74,48.012],[5.646,24.416],[5.047,24.54],[4.701,24.602],[0,0],[0,0],[0,0],[0,0],[0.187,1.587],[0,0]],"v":[[74.004,289.774],[70.592,271.825],[66.958,253.422],[59.502,216.654],[44.101,143.222],[27.872,69.988],[11.025,-3.078],[-27.161,-147.94],[-32.416,-165.891],[-37.879,-183.771],[-49.368,-219.327],[-77.73,-288.211],[-74.521,-290.14],[-56.223,-257.008],[-48.375,-239.811],[-41.246,-222.329],[-16.473,-151.128],[21.708,-5.601],[38.063,67.768],[52.706,141.477],[66.148,215.402],[72.283,252.468],[75.176,271.034],[76.525,280.338],[77.169,285.005],[77.73,290.141]],"c":true},"ix":2},"nm":"Path 1","mn":"ADBE Vector Shape - Group","hd":false},{"ty":"fl","c":{"a":0,"k":[0,0,0,1],"ix":4},"o":{"a":0,"k":100,"ix":5},"r":1,"bm":0,"nm":"Fill 1","mn":"ADBE Vector Graphic - Fill","hd":false},{"ty":"tr","p":{"a":0,"k":[366.469,597.961],"ix":2},"a":{"a":0,"k":[0,0],"ix":1},"s":{"a":0,"k":[100,100],"ix":3},"r":{"a":0,"k":0,"ix":6},"o":{"a":0,"k":100,"ix":7},"sk":{"a":0,"k":0,"ix":4},"sa":{"a":0,"k":0,"ix":5},"nm":"Transform"}],"nm":"Group 1","np":2,"cix":2,"bm":0,"ix":1,"mn":"ADBE Vector Group","hd":false},{"ty":"gr","it":[{"ind":0,"ty":"sh","ix":1,"ks":{"a":0,"k":{"i":[[-0.036,3.528],[-120.744,-16.475],[0.722,-0.055],[30.075,-42.228]],"o":[[0.225,-21.747],[0.724,0.099],[-22.765,1.723],[-1.933,2.713]],"v":[[-67.918,31.357],[67.188,-20.185],[67.233,-18.853],[-61.945,33.947]],"c":true},"ix":2},"nm":"Path 1","mn":"ADBE Vector Shape - Group","hd":false},{"ty":"fl","c":{"a":0,"k":[0,0,0,1],"ix":4},"o":{"a":0,"k":100,"ix":5},"r":1,"bm":0,"nm":"Fill 1","mn":"ADBE Vector Graphic - Fill","hd":false},{"ty":"tr","p":{"a":0,"k":[365.634,290.159],"ix":2},"a":{"a":0,"k":[0,0],"ix":1},"s":{"a":0,"k":[100,100],"ix":3},"r":{"a":0,"k":0,"ix":6},"o":{"a":0,"k":100,"ix":7},"sk":{"a":0,"k":0,"ix":4},"sa":{"a":0,"k":0,"ix":5},"nm":"Transform"}],"nm":"Group 2","np":2,"cix":2,"bm":0,"ix":2,"mn":"ADBE Vector Group","hd":false},{"ty":"gr","it":[{"ind":0,"ty":"sh","ix":1,"ks":{"a":0,"k":{"i":[[-0.308,2.21],[-104.09,-38.797],[1.759,-0.473],[41.765,-79.547]],"o":[[5.04,-36.124],[1.755,0.655],[-20.657,5.533],[-1.003,1.908]],"v":[[-67.464,73.32],[66.01,-37.855],[66.013,-33.952],[-64.074,74.745]],"c":true},"ix":2},"nm":"Path 1","mn":"ADBE Vector Shape - Group","hd":false},{"ty":"fl","c":{"a":0,"k":[0,0,0,1],"ix":4},"o":{"a":0,"k":100,"ix":5},"r":1,"bm":0,"nm":"Fill 1","mn":"ADBE Vector Graphic - Fill","hd":false},{"ty":"tr","p":{"a":0,"k":[361.019,240.181],"ix":2},"a":{"a":0,"k":[0,0],"ix":1},"s":{"a":0,"k":[100,100],"ix":3},"r":{"a":0,"k":0,"ix":6},"o":{"a":0,"k":100,"ix":7},"sk":{"a":0,"k":0,"ix":4},"sa":{"a":0,"k":0,"ix":5},"nm":"Transform"}],"nm":"Group 3","np":2,"cix":2,"bm":0,"ix":3,"mn":"ADBE Vector Group","hd":false},{"ty":"gr","it":[{"ind":0,"ty":"sh","ix":1,"ks":{"a":0,"k":{"i":[[-23.851,-182.539],[1.35,3.268],[-61.563,52.075]],"o":[[0.46,3.521],[-21.883,-52.995],[72.866,-61.638]],"v":[[13.097,153.962],[7.874,155.483],[-5.651,-97.113]],"c":true},"ix":2},"nm":"Path 1","mn":"ADBE Vector Shape - Group","hd":false},{"ty":"fl","c":{"a":0,"k":[0,0,0,1],"ix":4},"o":{"a":0,"k":100,"ix":5},"r":1,"bm":0,"nm":"Fill 1","mn":"ADBE Vector Graphic - Fill","hd":false},{"ty":"tr","p":{"a":0,"k":[285.303,159.001],"ix":2},"a":{"a":0,"k":[0,0],"ix":1},"s":{"a":0,"k":[100,100],"ix":3},"r":{"a":0,"k":0,"ix":6},"o":{"a":0,"k":100,"ix":7},"sk":{"a":0,"k":0,"ix":4},"sa":{"a":0,"k":0,"ix":5},"nm":"Transform"}],"nm":"Group 4","np":2,"cix":2,"bm":0,"ix":4,"mn":"ADBE Vector Group","hd":false},{"ty":"gr","it":[{"ind":0,"ty":"sh","ix":1,"ks":{"a":0,"k":{"i":[[-116.923,-43.327],[0.87,0.659],[86.744,-54.176]],"o":[[0.992,0.368],[-21.686,-16.449],[-98.272,61.376]],"v":[[146.174,19.255],[146.911,17.51],[-49.51,-3.6]],"c":true},"ix":2},"nm":"Path 1","mn":"ADBE Vector Shape - Group","hd":false},{"ty":"fl","c":{"a":0,"k":[0,0,0,1],"ix":4},"o":{"a":0,"k":100,"ix":5},"r":1,"bm":0,"nm":"Fill 1","mn":"ADBE Vector Graphic - Fill","hd":false},{"ty":"tr","p":{"a":0,"k":[161.737,329.674],"ix":2},"a":{"a":0,"k":[0,0],"ix":1},"s":{"a":0,"k":[100,100],"ix":3},"r":{"a":0,"k":0,"ix":6},"o":{"a":0,"k":100,"ix":7},"sk":{"a":0,"k":0,"ix":4},"sa":{"a":0,"k":0,"ix":5},"nm":"Transform"}],"nm":"Group 5","np":2,"cix":2,"bm":0,"ix":5,"mn":"ADBE Vector Group","hd":false},{"ty":"gr","it":[{"ind":0,"ty":"sh","ix":1,"ks":{"a":0,"k":{"i":[[0.288,1.086],[107.95,16.669],[-0.583,-0.619],[-39.949,-91.899]],"o":[[-12.175,-45.903],[-0.787,-0.121],[15.884,16.862],[0.445,1.025]],"v":[[86.825,116.552],[-85.878,-118.042],[-86.529,-116.481],[85.303,117.138]],"c":true},"ix":2},"nm":"Path 1","mn":"ADBE Vector Shape - Group","hd":false},{"ty":"fl","c":{"a":0,"k":[0,0,0,1],"ix":4},"o":{"a":0,"k":100,"ix":5},"r":1,"bm":0,"nm":"Fill 1","mn":"ADBE Vector Graphic - Fill","hd":false},{"ty":"tr","p":{"a":0,"k":[200.713,181.026],"ix":2},"a":{"a":0,"k":[0,0],"ix":1},"s":{"a":0,"k":[100,100],"ix":3},"r":{"a":0,"k":0,"ix":6},"o":{"a":0,"k":100,"ix":7},"sk":{"a":0,"k":0,"ix":4},"sa":{"a":0,"k":0,"ix":5},"nm":"Transform"}],"nm":"Group 6","np":2,"cix":2,"bm":0,"ix":6,"mn":"ADBE Vector Group","hd":false},{"ty":"gr","it":[{"ind":0,"ty":"sh","ix":1,"ks":{"a":0,"k":{"i":[[2.336,1.672],[119.594,-87.673],[-1.595,0.117],[-84.836,-68.6]],"o":[[-40.104,-28.71],[-1.313,0.963],[33.282,-2.452],[2.248,1.819]],"v":[[142.079,70.303],[-143.102,12.444],[-142.063,15.633],[142.024,73.41]],"c":true},"ix":2},"nm":"Path 1","mn":"ADBE Vector Shape - Group","hd":false},{"ty":"fl","c":{"a":0,"k":[0,0,0,1],"ix":4},"o":{"a":0,"k":100,"ix":5},"r":1,"bm":0,"nm":"Fill 1","mn":"ADBE Vector Graphic - Fill","hd":false},{"ty":"tr","p":{"a":0,"k":[151.577,242.109],"ix":2},"a":{"a":0,"k":[0,0],"ix":1},"s":{"a":0,"k":[100,100],"ix":3},"r":{"a":0,"k":0,"ix":6},"o":{"a":0,"k":100,"ix":7},"sk":{"a":0,"k":0,"ix":4},"sa":{"a":0,"k":0,"ix":5},"nm":"Transform"}],"nm":"Group 7","np":2,"cix":2,"bm":0,"ix":7,"mn":"ADBE Vector Group","hd":false},{"ty":"gr","it":[{"ind":0,"ty":"sh","ix":1,"ks":{"a":0,"k":{"i":[[1.564,2.554],[136.883,-86.477],[-2.361,-0.033],[-125.621,-128.767]],"o":[[-35.064,-57.234],[-2.016,1.273],[33.966,0.454],[2.046,2.097]],"v":[[146.181,111.406],[-145.729,-30.228],[-144.441,-25.415],[142.77,114.608]],"c":true},"ix":2},"nm":"Path 1","mn":"ADBE Vector Shape - Group","hd":false},{"ty":"fl","c":{"a":0,"k":[0,0,0,1],"ix":4},"o":{"a":0,"k":100,"ix":5},"r":1,"bm":0,"nm":"Fill 1","mn":"ADBE Vector Graphic - Fill","hd":false},{"ty":"tr","p":{"a":0,"k":[147.995,196.902],"ix":2},"a":{"a":0,"k":[0,0],"ix":1},"s":{"a":0,"k":[100,100],"ix":3},"r":{"a":0,"k":0,"ix":6},"o":{"a":0,"k":100,"ix":7},"sk":{"a":0,"k":0,"ix":4},"sa":{"a":0,"k":0,"ix":5},"nm":"Transform"}],"nm":"Group 8","np":2,"cix":2,"bm":0,"ix":8,"mn":"ADBE Vector Group","hd":false}],"ip":0,"op":180.00000733155,"st":0,"bm":0},{"ddd":0,"ind":3,"ty":4,"nm":"Leaf 2","sr":1,"ks":{"o":{"a":0,"k":100,"ix":11},"r":{"a":1,"k":[{"i":{"x":[0.667],"y":[1]},"o":{"x":[0.333],"y":[0]},"t":0,"s":[0]},{"i":{"x":[0.667],"y":[1]},"o":{"x":[0.333],"y":[0]},"t":45,"s":[5]},{"t":90.0000036657751,"s":[0]}],"ix":10},"p":{"a":0,"k":[2907.064,3027.811,0],"ix":2,"l":2},"a":{"a":0,"k":[153.002,993.47,0],"ix":1,"l":2},"s":{"a":0,"k":[100,100,100],"ix":6,"l":2}},"ao":0,"shapes":[{"ty":"gr","it":[{"ind":0,"ty":"sh","ix":1,"ks":{"a":0,"k":{"i":[[0,0],[0.159,1.85],[0,0],[0,0],[0.281,7.279],[0,0],[0.188,29.135],[-0.563,29.139],[-1.259,29.13],[-2.053,29.105],[-3.599,28.997],[0,0],[0,0],[-3.14,14.312],[-1.819,7.106],[-0.965,3.537],[0,0],[-5.957,13.415],[0,0],[2.91,-14.179],[0,0],[0.639,-3.558],[0,0],[0,0],[0.889,-7.193],[0.762,-7.212],[1.502,-14.419],[2.856,-58.035],[1.492,-58.14],[0.614,-29.085],[0,0],[0,0],[0,0],[0,0]],"o":[[-0.394,-2.456],[0,0],[0,0],[-0.408,-7.277],[0,0],[-0.957,-29.124],[-0.06,-29.134],[0.609,-29.136],[1.303,-29.129],[2.241,-29.095],[0,0],[0,0],[2.339,-14.438],[1.431,-7.176],[0.906,-3.551],[0,0],[3.955,-14.113],[0,0],[-4.418,13.774],[0,0],[-0.697,3.545],[0,0],[0,0],[-1.116,7.149],[-0.937,7.184],[-1.726,14.384],[-5.553,57.728],[-2.826,58.038],[-0.774,29.073],[0,0],[0,0],[0,0],[0,0],[0,0]],"v":[[-24.535,347.627],[-25.103,341.669],[-25.453,336.201],[-26.071,325.281],[-27.019,303.445],[-28.466,259.767],[-29.685,172.376],[-29.237,84.958],[-26.668,-2.453],[-21.768,-89.815],[-13.339,-176.993],[-10.537,-198.729],[-7.222,-220.409],[0.719,-263.581],[5.588,-285.011],[8.295,-295.661],[11.358,-306.236],[26.333,-347.627],[29.8,-346.21],[18.467,-304.415],[16.212,-293.818],[14.307,-283.135],[12.367,-272.469],[10.678,-261.746],[7.55,-240.263],[4.718,-218.727],[-0.039,-175.513],[-12.479,-1.805],[-18.735,172.482],[-20.333,259.719],[-20.865,303.351],[-21,325.164],[-21.045,336.065],[-20.982,346.442]],"c":true},"ix":2},"nm":"Path 1","mn":"ADBE Vector Shape - Group","hd":false},{"ty":"fl","c":{"a":0,"k":[0,0,0,1],"ix":4},"o":{"a":0,"k":100,"ix":5},"r":1,"bm":0,"nm":"Fill 1","mn":"ADBE Vector Graphic - Fill","hd":false},{"ty":"tr","p":{"a":0,"k":[175.19,644.843],"ix":2},"a":{"a":0,"k":[0,0],"ix":1},"s":{"a":0,"k":[100,100],"ix":3},"r":{"a":0,"k":0,"ix":6},"o":{"a":0,"k":100,"ix":7},"sk":{"a":0,"k":0,"ix":4},"sa":{"a":0,"k":0,"ix":5},"nm":"Transform"}],"nm":"Group 1","np":2,"cix":2,"bm":0,"ix":1,"mn":"ADBE Vector Group","hd":false},{"ty":"gr","it":[{"ind":0,"ty":"sh","ix":1,"ks":{"a":0,"k":{"i":[[0.824,3.597],[134.56,-40.729],[-0.838,0.087],[-43.794,-37.183]],"o":[[-5.081,-22.171],[-0.807,0.244],[26.443,-2.746],[2.813,2.389]],"v":[[83.035,30.211],[-83.052,4.303],[-82.808,5.671],[76.772,34.037]],"c":true},"ix":2},"nm":"Path 1","mn":"ADBE Vector Shape - Group","hd":false},{"ty":"fl","c":{"a":0,"k":[0,0,0,1],"ix":4},"o":{"a":0,"k":100,"ix":5},"r":1,"bm":0,"nm":"Fill 1","mn":"ADBE Vector Graphic - Fill","hd":false},{"ty":"tr","p":{"a":0,"k":[93.539,287.368],"ix":2},"a":{"a":0,"k":[0,0],"ix":1},"s":{"a":0,"k":[100,100],"ix":3},"r":{"a":0,"k":0,"ix":6},"o":{"a":0,"k":100,"ix":7},"sk":{"a":0,"k":0,"ix":4},"sa":{"a":0,"k":0,"ix":5},"nm":"Transform"}],"nm":"Group 2","np":2,"cix":2,"bm":0,"ix":2,"mn":"ADBE Vector Group","hd":false},{"ty":"gr","it":[{"ind":0,"ty":"sh","ix":1,"ks":{"a":0,"k":{"i":[[0.844,2.196],[110.545,-60.235],[-2.119,-0.134],[-65.453,-72.989]],"o":[[-13.78,-35.904],[-1.865,1.015],[24.871,1.564],[1.571,1.752]],"v":[[89.232,71.753],[-88.211,-15.394],[-87.348,-11.407],[85.669,73.877]],"c":true},"ix":2},"nm":"Path 1","mn":"ADBE Vector Shape - Group","hd":false},{"ty":"fl","c":{"a":0,"k":[0,0,0,1],"ix":4},"o":{"a":0,"k":100,"ix":5},"r":1,"bm":0,"nm":"Fill 1","mn":"ADBE Vector Graphic - Fill","hd":false},{"ty":"tr","p":{"a":0,"k":[90.326,236.814],"ix":2},"a":{"a":0,"k":[0,0],"ix":1},"s":{"a":0,"k":[100,100],"ix":3},"r":{"a":0,"k":0,"ix":6},"o":{"a":0,"k":100,"ix":7},"sk":{"a":0,"k":0,"ix":4},"sa":{"a":0,"k":0,"ix":5},"nm":"Transform"}],"nm":"Group 3","np":2,"cix":2,"bm":0,"ix":3,"mn":"ADBE Vector Group","hd":false},{"ty":"gr","it":[{"ind":0,"ty":"sh","ix":1,"ks":{"a":0,"k":{"i":[[-13.187,-191.186],[-0.819,3.604],[82.02,41.01]],"o":[[0.254,3.688],[13.295,-58.467],[-97.08,-48.54]],"v":[[41.759,152.3],[48.073,152.822],[7.53,-107.885]],"c":true},"ix":2},"nm":"Path 1","mn":"ADBE Vector Shape - Group","hd":false},{"ty":"fl","c":{"a":0,"k":[0,0,0,1],"ix":4},"o":{"a":0,"k":100,"ix":5},"r":1,"bm":0,"nm":"Fill 1","mn":"ADBE Vector Graphic - Fill","hd":false},{"ty":"tr","p":{"a":0,"k":[132.135,156.676],"ix":2},"a":{"a":0,"k":[0,0],"ix":1},"s":{"a":0,"k":[100,100],"ix":3},"r":{"a":0,"k":0,"ix":6},"o":{"a":0,"k":100,"ix":7},"sk":{"a":0,"k":0,"ix":4},"sa":{"a":0,"k":0,"ix":5},"nm":"Transform"}],"nm":"Group 4","np":2,"cix":2,"bm":0,"ix":4,"mn":"ADBE Vector Group","hd":false},{"ty":"gr","it":[{"ind":0,"ty":"sh","ix":1,"ks":{"a":0,"k":{"i":[[124.229,-67.402],[-0.85,0.847],[-111.31,-38.171]],"o":[[-1.055,0.571],[21.174,-21.094],[126.104,43.245]],"v":[[-171.473,49.84],[-172.706,48.202],[47.451,-12.24]],"c":true},"ix":2},"nm":"Path 1","mn":"ADBE Vector Shape - Group","hd":false},{"ty":"fl","c":{"a":0,"k":[0,0,0,1],"ix":4},"o":{"a":0,"k":100,"ix":5},"r":1,"bm":0,"nm":"Fill 1","mn":"ADBE Vector Graphic - Fill","hd":false},{"ty":"tr","p":{"a":0,"k":[342.458,297.758],"ix":2},"a":{"a":0,"k":[0,0],"ix":1},"s":{"a":0,"k":[100,100],"ix":3},"r":{"a":0,"k":0,"ix":6},"o":{"a":0,"k":100,"ix":7},"sk":{"a":0,"k":0,"ix":4},"sa":{"a":0,"k":0,"ix":5},"nm":"Transform"}],"nm":"Group 5","np":2,"cix":2,"bm":0,"ix":5,"mn":"ADBE Vector Group","hd":false},{"ty":"gr","it":[{"ind":0,"ty":"sh","ix":1,"ks":{"a":0,"k":{"i":[[-0.089,1.167],[-119.871,38.394],[0.53,-0.749],[25.346,-101.781]],"o":[[3.756,-49.3],[0.874,-0.28],[-14.441,20.367],[-0.282,1.135]],"v":[[-73.594,136.334],[72.062,-137.487],[73.153,-136.021],[-71.723,136.632]],"c":true},"ix":2},"nm":"Path 1","mn":"ADBE Vector Shape - Group","hd":false},{"ty":"fl","c":{"a":0,"k":[0,0,0,1],"ix":4},"o":{"a":0,"k":100,"ix":5},"r":1,"bm":0,"nm":"Fill 1","mn":"ADBE Vector Graphic - Fill","hd":false},{"ty":"tr","p":{"a":0,"k":[256.509,154.776],"ix":2},"a":{"a":0,"k":[0,0],"ix":1},"s":{"a":0,"k":[100,100],"ix":3},"r":{"a":0,"k":0,"ix":6},"o":{"a":0,"k":100,"ix":7},"sk":{"a":0,"k":0,"ix":4},"sa":{"a":0,"k":0,"ix":5},"nm":"Transform"}],"nm":"Group 6","np":2,"cix":2,"bm":0,"ix":6,"mn":"ADBE Vector Group","hd":false},{"ty":"gr","it":[{"ind":0,"ty":"sh","ix":1,"ks":{"a":0,"k":{"i":[[-2.303,2.171],[-156.342,-65.887],[1.853,-0.196],[81.894,-86.867]],"o":[[39.539,-37.266],[1.718,0.724],[-38.641,4.083],[-2.171,2.303]],"v":[[-156.511,87.985],[157.096,-27.565],[156.615,-24.102],[-155.759,91.148]],"c":true},"ix":2},"nm":"Path 1","mn":"ADBE Vector Shape - Group","hd":false},{"ty":"fl","c":{"a":0,"k":[0,0,0,1],"ix":4},"o":{"a":0,"k":100,"ix":5},"r":1,"bm":0,"nm":"Fill 1","mn":"ADBE Vector Graphic - Fill","hd":false},{"ty":"tr","p":{"a":0,"k":[335.712,219.489],"ix":2},"a":{"a":0,"k":[0,0],"ix":1},"s":{"a":0,"k":[100,100],"ix":3},"r":{"a":0,"k":0,"ix":6},"o":{"a":0,"k":100,"ix":7},"sk":{"a":0,"k":0,"ix":4},"sa":{"a":0,"k":0,"ix":5},"nm":"Transform"}],"nm":"Group 7","np":2,"cix":2,"bm":0,"ix":7,"mn":"ADBE Vector Group","hd":false},{"ty":"gr","it":[{"ind":0,"ty":"sh","ix":1,"ks":{"a":0,"k":{"i":[[-1.225,2.918],[-175.869,-61.243],[2.696,-0.499],[115.236,-156.401]],"o":[[27.442,-65.405],[2.589,0.901],[-38.779,7.187],[-1.877,2.548]],"v":[[-152.046,129.278],[150.683,-73.179],[150.275,-68.01],[-147.433,131.875]],"c":true},"ix":2},"nm":"Path 1","mn":"ADBE Vector Shape - Group","hd":false},{"ty":"fl","c":{"a":0,"k":[0,0,0,1],"ix":4},"o":{"a":0,"k":100,"ix":5},"r":1,"bm":0,"nm":"Fill 1","mn":"ADBE Vector Graphic - Fill","hd":false},{"ty":"tr","p":{"a":0,"k":[329.743,174.106],"ix":2},"a":{"a":0,"k":[0,0],"ix":1},"s":{"a":0,"k":[100,100],"ix":3},"r":{"a":0,"k":0,"ix":6},"o":{"a":0,"k":100,"ix":7},"sk":{"a":0,"k":0,"ix":4},"sa":{"a":0,"k":0,"ix":5},"nm":"Transform"}],"nm":"Group 8","np":2,"cix":2,"bm":0,"ix":8,"mn":"ADBE Vector Group","hd":false}],"ip":0,"op":180.00000733155,"st":0,"bm":0},{"ddd":0,"ind":4,"ty":4,"nm":"Leaf 1","sr":1,"ks":{"o":{"a":0,"k":100,"ix":11},"r":{"a":1,"k":[{"i":{"x":[0.667],"y":[1]},"o":{"x":[0.333],"y":[0]},"t":0,"s":[0]},{"i":{"x":[0.667],"y":[1]},"o":{"x":[0.333],"y":[0]},"t":45,"s":[3]},{"t":90.0000036657751,"s":[0]}],"ix":10},"p":{"a":0,"k":[2866.22,3026.134,0],"ix":2,"l":2},"a":{"a":0,"k":[567.136,1380.29,0],"ix":1,"l":2},"s":{"a":0,"k":[100,100,100],"ix":6,"l":2}},"ao":0,"shapes":[{"ty":"gr","it":[{"ind":0,"ty":"sh","ix":1,"ks":{"a":0,"k":{"i":[[0,0],[0,0],[0,0],[0,0],[0,0],[0,0],[0.824,38.88],[3.552,77.643],[7.472,77.268],[6.221,38.256],[12.785,36.546],[0,0],[-5.017,-18.91],[0,0],[-1.155,-4.752],[0,0],[0,0],[-4.705,-38.749],[-3.179,-38.875],[-1.941,-38.934],[-0.909,-38.958],[0.21,-38.962],[0.977,-38.945],[0,0],[0,0],[0,0],[0,0],[0.481,-3.063]],"o":[[0,0],[0,0],[0,0],[0,0],[0,0],[-0.521,-38.896],[-1.767,-77.757],[-3.483,-77.639],[-3.831,-38.621],[-6.107,-38.254],[0,0],[7.61,18.035],[0,0],[1.231,4.733],[0,0],[0,0],[7.759,38.32],[4.824,38.739],[2.969,38.889],[1.687,38.946],[0.61,38.963],[-0.044,38.96],[0,0],[0,0],[0,0],[0,0],[-0.214,2.46],[0,0]],"v":[[28.545,463.474],[28.617,456.696],[28.616,449.414],[28.508,434.831],[28.316,405.656],[27.468,347.302],[25.354,230.635],[17.805,-2.491],[2.051,-234.966],[-12.616,-350.379],[-39.38,-463.242],[-35.913,-464.659],[-16.621,-409.21],[-12.702,-395.058],[-9.257,-380.803],[-5.861,-366.526],[-2.852,-352.179],[15.611,-236.476],[27.18,-120],[34.318,-3.245],[38.174,113.615],[39.17,230.5],[37.563,347.362],[35.491,405.767],[34.21,434.963],[33.338,449.561],[32.849,456.867],[32.098,464.659]],"c":true},"ix":2},"nm":"Path 1","mn":"ADBE Vector Shape - Group","hd":false},{"ty":"fl","c":{"a":0,"k":[0,0,0,1],"ix":4},"o":{"a":0,"k":100,"ix":5},"r":1,"bm":0,"nm":"Fill 1","mn":"ADBE Vector Graphic - Fill","hd":false},{"ty":"tr","p":{"a":0,"k":[536.222,916.307],"ix":2},"a":{"a":0,"k":[0,0],"ix":1},"s":{"a":0,"k":[100,100],"ix":3},"r":{"a":0,"k":0,"ix":6},"o":{"a":0,"k":100,"ix":7},"sk":{"a":0,"k":0,"ix":4},"sa":{"a":0,"k":0,"ix":5},"nm":"Transform"}],"nm":"Group 1","np":2,"cix":2,"bm":0,"ix":1,"mn":"ADBE Vector Group","hd":false},{"ty":"gr","it":[{"ind":0,"ty":"sh","ix":1,"ks":{"a":0,"k":{"i":[[-1.231,5.37],[-200.867,-60.799],[1.252,0.131],[65.374,-55.506]],"o":[[7.585,-33.096],[1.204,0.364],[-39.471,-4.098],[-4.2,3.565]],"v":[[-123.951,45.098],[123.979,6.424],[123.614,8.466],[-114.603,50.81]],"c":true},"ix":2},"nm":"Path 1","mn":"ADBE Vector Shape - Group","hd":false},{"ty":"fl","c":{"a":0,"k":[0,0,0,1],"ix":4},"o":{"a":0,"k":100,"ix":5},"r":1,"bm":0,"nm":"Fill 1","mn":"ADBE Vector Graphic - Fill","hd":false},{"ty":"tr","p":{"a":0,"k":[630.911,428.851],"ix":2},"a":{"a":0,"k":[0,0],"ix":1},"s":{"a":0,"k":[100,100],"ix":3},"r":{"a":0,"k":0,"ix":6},"o":{"a":0,"k":100,"ix":7},"sk":{"a":0,"k":0,"ix":4},"sa":{"a":0,"k":0,"ix":5},"nm":"Transform"}],"nm":"Group 2","np":2,"cix":2,"bm":0,"ix":2,"mn":"ADBE Vector Group","hd":false},{"ty":"gr","it":[{"ind":0,"ty":"sh","ix":1,"ks":{"a":0,"k":{"i":[[-1.258,3.279],[-165.019,-89.917],[3.164,-0.199],[97.706,-108.958]],"o":[[20.571,-53.597],[2.784,1.517],[-37.127,2.335],[-2.345,2.615]],"v":[[-133.205,107.111],[131.679,-22.981],[130.391,-17.029],[-127.885,110.283]],"c":true},"ix":2},"nm":"Path 1","mn":"ADBE Vector Shape - Group","hd":false},{"ty":"fl","c":{"a":0,"k":[0,0,0,1],"ix":4},"o":{"a":0,"k":100,"ix":5},"r":1,"bm":0,"nm":"Fill 1","mn":"ADBE Vector Graphic - Fill","hd":false},{"ty":"tr","p":{"a":0,"k":[635.708,353.387],"ix":2},"a":{"a":0,"k":[0,0],"ix":1},"s":{"a":0,"k":[100,100],"ix":3},"r":{"a":0,"k":0,"ix":6},"o":{"a":0,"k":100,"ix":7},"sk":{"a":0,"k":0,"ix":4},"sa":{"a":0,"k":0,"ix":5},"nm":"Transform"}],"nm":"Group 3","np":2,"cix":2,"bm":0,"ix":3,"mn":"ADBE Vector Group","hd":false},{"ty":"gr","it":[{"ind":0,"ty":"sh","ix":1,"ks":{"a":0,"k":{"i":[[19.684,-285.397],[1.224,5.38],[-122.438,61.219]],"o":[[-0.38,5.505],[-19.846,-87.278],[144.918,-72.459]],"v":[[-62.337,227.35],[-71.763,228.128],[-11.24,-161.049]],"c":true},"ix":2},"nm":"Path 1","mn":"ADBE Vector Shape - Group","hd":false},{"ty":"fl","c":{"a":0,"k":[0,0,0,1],"ix":4},"o":{"a":0,"k":100,"ix":5},"r":1,"bm":0,"nm":"Fill 1","mn":"ADBE Vector Graphic - Fill","hd":false},{"ty":"tr","p":{"a":0,"k":[573.296,233.758],"ix":2},"a":{"a":0,"k":[0,0],"ix":1},"s":{"a":0,"k":[100,100],"ix":3},"r":{"a":0,"k":0,"ix":6},"o":{"a":0,"k":100,"ix":7},"sk":{"a":0,"k":0,"ix":4},"sa":{"a":0,"k":0,"ix":5},"nm":"Transform"}],"nm":"Group 4","np":2,"cix":2,"bm":0,"ix":4,"mn":"ADBE Vector Group","hd":false},{"ty":"gr","it":[{"ind":0,"ty":"sh","ix":1,"ks":{"a":0,"k":{"i":[[-185.447,-100.617],[1.268,1.263],[166.162,-56.981]],"o":[[1.573,0.854],[-31.61,-31.491],[-188.245,64.555]],"v":[[255.973,74.399],[257.812,71.955],[-70.835,-18.272]],"c":true},"ix":2},"nm":"Path 1","mn":"ADBE Vector Shape - Group","hd":false},{"ty":"fl","c":{"a":0,"k":[0,0,0,1],"ix":4},"o":{"a":0,"k":100,"ix":5},"r":1,"bm":0,"nm":"Fill 1","mn":"ADBE Vector Graphic - Fill","hd":false},{"ty":"tr","p":{"a":0,"k":[259.33,444.363],"ix":2},"a":{"a":0,"k":[0,0],"ix":1},"s":{"a":0,"k":[100,100],"ix":3},"r":{"a":0,"k":0,"ix":6},"o":{"a":0,"k":100,"ix":7},"sk":{"a":0,"k":0,"ix":4},"sa":{"a":0,"k":0,"ix":5},"nm":"Transform"}],"nm":"Group 5","np":2,"cix":2,"bm":0,"ix":5,"mn":"ADBE Vector Group","hd":false},{"ty":"gr","it":[{"ind":0,"ty":"sh","ix":1,"ks":{"a":0,"k":{"i":[[0.133,1.742],[178.941,57.313],[-0.792,-1.118],[-37.835,-151.936]],"o":[[-5.605,-73.593],[-1.305,-0.418],[21.558,30.405],[0.423,1.696]],"v":[[109.861,203.515],[-107.572,-205.237],[-109.201,-203.051],[107.065,203.96]],"c":true},"ix":2},"nm":"Path 1","mn":"ADBE Vector Shape - Group","hd":false},{"ty":"fl","c":{"a":0,"k":[0,0,0,1],"ix":4},"o":{"a":0,"k":100,"ix":5},"r":1,"bm":0,"nm":"Fill 1","mn":"ADBE Vector Graphic - Fill","hd":false},{"ty":"tr","p":{"a":0,"k":[387.633,230.923],"ix":2},"a":{"a":0,"k":[0,0],"ix":1},"s":{"a":0,"k":[100,100],"ix":3},"r":{"a":0,"k":0,"ix":6},"o":{"a":0,"k":100,"ix":7},"sk":{"a":0,"k":0,"ix":4},"sa":{"a":0,"k":0,"ix":5},"nm":"Transform"}],"nm":"Group 6","np":2,"cix":2,"bm":0,"ix":6,"mn":"ADBE Vector Group","hd":false},{"ty":"gr","it":[{"ind":0,"ty":"sh","ix":1,"ks":{"a":0,"k":{"i":[[3.438,3.24],[233.385,-98.354],[-2.766,-0.292],[-122.249,-129.674]],"o":[[-59.021,-55.63],[-2.563,1.08],[57.682,6.095],[3.241,3.436]],"v":[[233.636,131.343],[-234.51,-41.148],[-233.791,-35.977],[232.514,136.066]],"c":true},"ix":2},"nm":"Path 1","mn":"ADBE Vector Shape - Group","hd":false},{"ty":"fl","c":{"a":0,"k":[0,0,0,1],"ix":4},"o":{"a":0,"k":100,"ix":5},"r":1,"bm":0,"nm":"Fill 1","mn":"ADBE Vector Graphic - Fill","hd":false},{"ty":"tr","p":{"a":0,"k":[269.4,327.523],"ix":2},"a":{"a":0,"k":[0,0],"ix":1},"s":{"a":0,"k":[100,100],"ix":3},"r":{"a":0,"k":0,"ix":6},"o":{"a":0,"k":100,"ix":7},"sk":{"a":0,"k":0,"ix":4},"sa":{"a":0,"k":0,"ix":5},"nm":"Transform"}],"nm":"Group 7","np":2,"cix":2,"bm":0,"ix":7,"mn":"ADBE Vector Group","hd":false},{"ty":"gr","it":[{"ind":0,"ty":"sh","ix":1,"ks":{"a":0,"k":{"i":[[1.827,4.356],[262.532,-91.422],[-4.023,-0.745],[-172.019,-233.47]],"o":[[-40.966,-97.636],[-3.865,1.346],[57.89,10.729],[2.802,3.804]],"v":[[226.973,192.985],[-224.935,-109.241],[-224.328,-101.522],[220.083,196.859]],"c":true},"ix":2},"nm":"Path 1","mn":"ADBE Vector Shape - Group","hd":false},{"ty":"fl","c":{"a":0,"k":[0,0,0,1],"ix":4},"o":{"a":0,"k":100,"ix":5},"r":1,"bm":0,"nm":"Fill 1","mn":"ADBE Vector Graphic - Fill","hd":false},{"ty":"tr","p":{"a":0,"k":[278.31,259.776],"ix":2},"a":{"a":0,"k":[0,0],"ix":1},"s":{"a":0,"k":[100,100],"ix":3},"r":{"a":0,"k":0,"ix":6},"o":{"a":0,"k":100,"ix":7},"sk":{"a":0,"k":0,"ix":4},"sa":{"a":0,"k":0,"ix":5},"nm":"Transform"}],"nm":"Group 8","np":2,"cix":2,"bm":0,"ix":8,"mn":"ADBE Vector Group","hd":false}],"ip":0,"op":180.00000733155,"st":0,"bm":0},{"ddd":0,"ind":5,"ty":4,"nm":"Blub","sr":1,"ks":{"o":{"a":0,"k":100,"ix":11},"r":{"a":0,"k":0,"ix":10},"p":{"a":0,"k":[2621.898,1353.06,0],"ix":2,"l":2},"a":{"a":0,"k":[300.664,909.648,0],"ix":1,"l":2},"s":{"a":1,"k":[{"i":{"x":[0,0,0],"y":[1,1,1]},"o":{"x":[0.333,0.333,0.333],"y":[0,0,0]},"t":37,"s":[0,0,100]},{"t":47.0000019143492,"s":[100,100,100]}],"ix":6,"l":2}},"ao":0,"shapes":[{"ty":"gr","it":[{"ind":0,"ty":"sh","ix":1,"ks":{"a":0,"k":{"i":[[1.952,0],[0.656,0.284],[-1.113,2.563],[0.487,1.065],[-2.538,1.161],[-1.162,-2.54],[56.893,-131.024]],"o":[[-0.672,0],[-2.561,-1.113],[55.031,-126.73],[-1.159,-2.539],[2.535,-1.164],[0.507,1.103],[-0.827,1.904]],"v":[[-27.893,124.787],[-29.905,124.368],[-32.529,117.714],[-25.48,-116.923],[-22.985,-123.623],[-16.285,-121.134],[-23.251,121.744]],"c":true},"ix":2},"nm":"Path 1","mn":"ADBE Vector Shape - Group","hd":false},{"ty":"fl","c":{"a":0,"k":[1,1,1,1],"ix":4},"o":{"a":0,"k":100,"ix":5},"r":1,"bm":0,"nm":"Fill 1","mn":"ADBE Vector Graphic - Fill","hd":false},{"ty":"tr","p":{"a":0,"k":[549.25,293.227],"ix":2},"a":{"a":0,"k":[0,0],"ix":1},"s":{"a":0,"k":[100,100],"ix":3},"r":{"a":0,"k":0,"ix":6},"o":{"a":0,"k":100,"ix":7},"sk":{"a":0,"k":0,"ix":4},"sa":{"a":0,"k":0,"ix":5},"nm":"Transform"}],"nm":"Group 1","np":2,"cix":2,"bm":0,"ix":1,"mn":"ADBE Vector Group","hd":false},{"ty":"gr","it":[{"ind":0,"ty":"sh","ix":1,"ks":{"a":0,"k":{"i":[[1.545,0],[0.905,0.672],[-1.666,2.242],[-7.171,12.414],[-2.413,-1.397],[1.396,-2.419],[9.103,-12.262]],"o":[[-1.047,0],[-2.245,-1.664],[8.869,-11.952],[1.393,-2.422],[2.42,1.396],[-7.362,12.749],[-0.991,1.337]],"v":[[-12.274,24.019],[-15.283,23.024],[-16.33,15.949],[7.842,-20.773],[14.749,-22.622],[16.6,-15.714],[-8.211,21.976]],"c":true},"ix":2},"nm":"Path 1","mn":"ADBE Vector Shape - Group","hd":false},{"ty":"fl","c":{"a":0,"k":[1,1,1,1],"ix":4},"o":{"a":0,"k":100,"ix":5},"r":1,"bm":0,"nm":"Fill 1","mn":"ADBE Vector Graphic - Fill","hd":false},{"ty":"tr","p":{"a":0,"k":[490.932,467.272],"ix":2},"a":{"a":0,"k":[0,0],"ix":1},"s":{"a":0,"k":[100,100],"ix":3},"r":{"a":0,"k":0,"ix":6},"o":{"a":0,"k":100,"ix":7},"sk":{"a":0,"k":0,"ix":4},"sa":{"a":0,"k":0,"ix":5},"nm":"Transform"}],"nm":"Group 2","np":2,"cix":2,"bm":0,"ix":2,"mn":"ADBE Vector Group","hd":false},{"ty":"gr","it":[{"ind":0,"ty":"sh","ix":1,"ks":{"a":0,"k":{"i":[[1.318,2.12],[2.444,-1.143],[0,0],[0,0],[1.754,0.723],[1.58,-2.882],[0,0],[0,0],[0,0],[0,0],[1.661,0.906],[2.329,-3.206],[0,0],[-2.057,-1.386],[-1.706,1.904],[0,0],[0,0],[0,0],[-1.104,-0.517],[-1.336,2.143],[0,0],[0,0],[0,0],[-0.09,-0.144],[-2.442,1.142],[0,0]],"o":[[-1.317,-2.12],[0,0],[0,0],[-0.531,-1.491],[-3.324,-1.37],[0,0],[0,0],[0,0],[0,0],[-0.539,-1.506],[-3.698,-2.019],[0,0],[-1.352,1.874],[2.196,1.48],[0,0],[0,0],[0,0],[0.423,0.939],[2.471,1.157],[0,0],[0,0],[0,0],[0.07,0.148],[1.316,2.118],[0,0],[2.445,-1.143]],"v":[[75.843,-0.596],[69.031,-2.365],[40.129,11.138],[30.097,-17.446],[26.582,-20.982],[17.701,-18.245],[17.651,-18.152],[-6.117,25.184],[-28.174,-36.507],[-28.21,-36.609],[-31.548,-40.374],[-42.461,-38.224],[-75.689,7.52],[-74.518,13.292],[-67.452,12.523],[-38.195,-20.112],[-11.854,38.574],[-11.835,38.619],[-9.514,40.895],[-2.621,39.11],[22.799,-1.681],[32.367,18.951],[32.451,19.135],[32.689,19.573],[39.496,21.34],[73.802,5.312]],"c":true},"ix":2},"nm":"Path 1","mn":"ADBE Vector Shape - Group","hd":false},{"ty":"fl","c":{"a":0,"k":[1,1,1,1],"ix":4},"o":{"a":0,"k":100,"ix":5},"r":1,"bm":0,"nm":"Fill 1","mn":"ADBE Vector Graphic - Fill","hd":false},{"ty":"tr","p":{"a":0,"k":[300.886,347.108],"ix":2},"a":{"a":0,"k":[0,0],"ix":1},"s":{"a":0,"k":[100,100],"ix":3},"r":{"a":0,"k":0,"ix":6},"o":{"a":0,"k":100,"ix":7},"sk":{"a":0,"k":0,"ix":4},"sa":{"a":0,"k":0,"ix":5},"nm":"Transform"}],"nm":"Group 3","np":2,"cix":2,"bm":0,"ix":3,"mn":"ADBE Vector Group","hd":false},{"ty":"gr","it":[{"ind":0,"ty":"sh","ix":1,"ks":{"a":0,"k":{"i":[[0.373,2.436],[0,0],[3.161,-1.197],[-1.072,-6.974],[-0.032,-0.182],[0,0],[-1.131,0.556]],"o":[[0,0],[-1.073,-6.975],[-3.162,1.196],[0.029,0.186],[0,0],[0.444,2.515],[1.096,-0.538]],"v":[[32.026,171.673],[-19.877,-165.913],[-27.543,-176.374],[-31.327,-161.58],[-31.228,-160.982],[27.895,173.468],[30.748,177.015]],"c":true},"ix":2},"nm":"Path 1","mn":"ADBE Vector Shape - Group","hd":false},{"ty":"fl","c":{"a":0,"k":[1,1,1,1],"ix":4},"o":{"a":0,"k":100,"ix":5},"r":1,"bm":0,"nm":"Fill 1","mn":"ADBE Vector Graphic - Fill","hd":false},{"ty":"tr","p":{"a":0,"k":[239.294,544.092],"ix":2},"a":{"a":0,"k":[0,0],"ix":1},"s":{"a":0,"k":[100,100],"ix":3},"r":{"a":0,"k":0,"ix":6},"o":{"a":0,"k":100,"ix":7},"sk":{"a":0,"k":0,"ix":4},"sa":{"a":0,"k":0,"ix":5},"nm":"Transform"}],"nm":"Group 4","np":2,"cix":2,"bm":0,"ix":4,"mn":"ADBE Vector Group","hd":false},{"ty":"gr","it":[{"ind":0,"ty":"sh","ix":1,"ks":{"a":0,"k":{"i":[[-0.373,2.435],[0,0],[-3.162,-1.196],[1.072,-6.974],[0.031,-0.182],[0,0],[1.131,0.556]],"o":[[0,0],[1.073,-6.975],[3.161,1.197],[-0.029,0.186],[0,0],[-0.444,2.515],[-1.096,-0.539]],"v":[[-32.026,171.673],[19.877,-165.913],[27.543,-176.375],[31.327,-161.58],[31.228,-160.982],[-27.895,173.468],[-30.748,177.015]],"c":true},"ix":2},"nm":"Path 1","mn":"ADBE Vector Shape - Group","hd":false},{"ty":"fl","c":{"a":0,"k":[1,1,1,1],"ix":4},"o":{"a":0,"k":100,"ix":5},"r":1,"bm":0,"nm":"Fill 1","mn":"ADBE Vector Graphic - Fill","hd":false},{"ty":"tr","p":{"a":0,"k":[357.225,541.411],"ix":2},"a":{"a":0,"k":[0,0],"ix":1},"s":{"a":0,"k":[100,100],"ix":3},"r":{"a":0,"k":0,"ix":6},"o":{"a":0,"k":100,"ix":7},"sk":{"a":0,"k":0,"ix":4},"sa":{"a":0,"k":0,"ix":5},"nm":"Transform"}],"nm":"Group 5","np":2,"cix":2,"bm":0,"ix":5,"mn":"ADBE Vector Group","hd":false},{"ty":"gr","it":[{"ind":0,"ty":"sh","ix":1,"ks":{"a":0,"k":{"i":[[15.294,54.169],[16.812,21.188],[7.233,126.014],[-148.339,-12.458],[16.025,-170.518],[43.723,-45.704],[10.721,-38.707],[74.222,-3.599]],"o":[[-7.35,-26.03],[-36.023,-45.401],[-10.521,-183.294],[148.339,12.458],[-9.859,104.921],[-27.765,29.023],[-13.122,47.377],[-96.042,4.657]],"v":[[-153.616,233.329],[-190.261,161.784],[-292.285,-101.96],[8.094,-364.563],[286.781,-71.137],[174.473,159.072],[116.182,262.348],[-2.391,372.365]],"c":true},"ix":2},"nm":"Path 1","mn":"ADBE Vector Shape - Group","hd":false},{"ty":"fl","c":{"a":0,"k":[0.23921568627450981,0.9882352941176471,0.7647058823529411,1],"ix":4},"o":{"a":0,"k":100,"ix":5},"r":1,"bm":0,"nm":"Fill 1","mn":"ADBE Vector Graphic - Fill","hd":false},{"ty":"tr","p":{"a":0,"k":[303.055,377.272],"ix":2},"a":{"a":0,"k":[0,0],"ix":1},"s":{"a":0,"k":[100,100],"ix":3},"r":{"a":0,"k":0,"ix":6},"o":{"a":0,"k":100,"ix":7},"sk":{"a":0,"k":0,"ix":4},"sa":{"a":0,"k":0,"ix":5},"nm":"Transform"}],"nm":"Group 6","np":2,"cix":2,"bm":0,"ix":6,"mn":"ADBE Vector Group","hd":false},{"ty":"gr","it":[{"ind":0,"ty":"sh","ix":1,"ks":{"a":0,"k":{"i":[[10.457,0],[14.14,3.142],[-0.174,0.784],[-0.781,-0.175],[-32.118,2.589],[-19.827,9.026],[-0.333,-0.731],[0.731,-0.333],[35.21,-2.838]],"o":[[-19.999,0],[-0.783,-0.175],[0.174,-0.784],[21.263,4.725],[34.893,-2.814],[0.73,-0.334],[0.333,0.73],[-20.117,9.158],[-11.125,0.898]],"v":[[-34.171,11.738],[-86.499,6.981],[-87.603,5.246],[-85.869,4.142],[-1.869,7.503],[85.519,-11.404],[87.444,-10.682],[86.723,-8.758],[-1.635,10.399]],"c":true},"ix":2},"nm":"Path 1","mn":"ADBE Vector Shape - Group","hd":false},{"ty":"fl","c":{"a":0,"k":[0,0,0,1],"ix":4},"o":{"a":0,"k":100,"ix":5},"r":1,"bm":0,"nm":"Fill 1","mn":"ADBE Vector Graphic - Fill","hd":false},{"ty":"tr","p":{"a":0,"k":[303.677,751.68],"ix":2},"a":{"a":0,"k":[0,0],"ix":1},"s":{"a":0,"k":[100,100],"ix":3},"r":{"a":0,"k":0,"ix":6},"o":{"a":0,"k":100,"ix":7},"sk":{"a":0,"k":0,"ix":4},"sa":{"a":0,"k":0,"ix":5},"nm":"Transform"}],"nm":"Group 7","np":2,"cix":2,"bm":0,"ix":7,"mn":"ADBE Vector Group","hd":false},{"ty":"gr","it":[{"ind":0,"ty":"sh","ix":1,"ks":{"a":0,"k":{"i":[[10.465,0],[14.849,4.897],[-0.251,0.763],[-0.765,-0.252],[-38.013,3.063],[-19.794,9.129],[-0.336,-0.727],[0.728,-0.336],[35.529,-2.864]],"o":[[-25.21,0],[-0.763,-0.251],[0.251,-0.763],[20.664,6.813],[35.206,-2.838],[0.729,-0.335],[0.336,0.729],[-20.089,9.264],[-11.258,0.908]],"v":[[-29.651,11.848],[-91.772,4.372],[-92.697,2.537],[-90.862,1.612],[2.846,7.599],[90.683,-11.513],[92.612,-10.803],[91.901,-8.874],[3.08,10.496]],"c":true},"ix":2},"nm":"Path 1","mn":"ADBE Vector Shape - Group","hd":false},{"ty":"fl","c":{"a":0,"k":[0,0,0,1],"ix":4},"o":{"a":0,"k":100,"ix":5},"r":1,"bm":0,"nm":"Fill 1","mn":"ADBE Vector Graphic - Fill","hd":false},{"ty":"tr","p":{"a":0,"k":[298.962,779.391],"ix":2},"a":{"a":0,"k":[0,0],"ix":1},"s":{"a":0,"k":[100,100],"ix":3},"r":{"a":0,"k":0,"ix":6},"o":{"a":0,"k":100,"ix":7},"sk":{"a":0,"k":0,"ix":4},"sa":{"a":0,"k":0,"ix":5},"nm":"Transform"}],"nm":"Group 8","np":2,"cix":2,"bm":0,"ix":8,"mn":"ADBE Vector Group","hd":false},{"ty":"gr","it":[{"ind":0,"ty":"sh","ix":1,"ks":{"a":0,"k":{"i":[[10.425,0],[14.719,4.191],[-0.218,0.772],[-0.775,-0.219],[-35.593,2.87],[-19.792,9.129],[-0.336,-0.728],[0.728,-0.337],[35.53,-2.865]],"o":[[-23.349,0],[-0.771,-0.221],[0.221,-0.772],[20.973,5.972],[35.209,-2.839],[0.73,-0.335],[0.336,0.729],[-20.086,9.263],[-11.087,0.894]],"v":[[-31.074,11.838],[-90.008,5.451],[-91.008,3.655],[-89.211,2.655],[1.124,7.609],[88.961,-11.503],[90.89,-10.792],[90.179,-8.863],[1.359,10.506]],"c":true},"ix":2},"nm":"Path 1","mn":"ADBE Vector Shape - Group","hd":false},{"ty":"fl","c":{"a":0,"k":[0,0,0,1],"ix":4},"o":{"a":0,"k":100,"ix":5},"r":1,"bm":0,"nm":"Fill 1","mn":"ADBE Vector Graphic - Fill","hd":false},{"ty":"tr","p":{"a":0,"k":[300.684,807.187],"ix":2},"a":{"a":0,"k":[0,0],"ix":1},"s":{"a":0,"k":[100,100],"ix":3},"r":{"a":0,"k":0,"ix":6},"o":{"a":0,"k":100,"ix":7},"sk":{"a":0,"k":0,"ix":4},"sa":{"a":0,"k":0,"ix":5},"nm":"Transform"}],"nm":"Group 9","np":2,"cix":2,"bm":0,"ix":9,"mn":"ADBE Vector Group","hd":false},{"ty":"gr","it":[{"ind":0,"ty":"sh","ix":1,"ks":{"a":0,"k":{"i":[[10.48,0],[13.587,2.602],[-0.152,0.789],[-0.792,-0.151],[-30.3,2.443],[-19.075,5.567],[-0.224,-0.77],[0.771,-0.225],[24.988,-2.015]],"o":[[-17.971,0],[-0.788,-0.15],[0.15,-0.787],[21.259,4.07],[24.794,-2],[0.771,-0.225],[0.226,0.771],[-19.261,5.621],[-11.255,0.908]],"v":[[-26.138,8.022],[-74.14,4.098],[-75.292,2.397],[-73.592,1.244],[6.362,3.768],[73.418,-7.797],[75.219,-6.81],[74.232,-5.007],[6.596,6.665]],"c":true},"ix":2},"nm":"Path 1","mn":"ADBE Vector Shape - Group","hd":false},{"ty":"fl","c":{"a":0,"k":[0,0,0,1],"ix":4},"o":{"a":0,"k":100,"ix":5},"r":1,"bm":0,"nm":"Fill 1","mn":"ADBE Vector Graphic - Fill","hd":false},{"ty":"tr","p":{"a":0,"k":[295.446,838.835],"ix":2},"a":{"a":0,"k":[0,0],"ix":1},"s":{"a":0,"k":[100,100],"ix":3},"r":{"a":0,"k":0,"ix":6},"o":{"a":0,"k":100,"ix":7},"sk":{"a":0,"k":0,"ix":4},"sa":{"a":0,"k":0,"ix":5},"nm":"Transform"}],"nm":"Group 10","np":2,"cix":2,"bm":0,"ix":10,"mn":"ADBE Vector Group","hd":false},{"ty":"gr","it":[{"ind":0,"ty":"sh","ix":1,"ks":{"a":0,"k":{"i":[[0.421,5.227],[8.297,3.329],[0.421,5.227],[60.511,-4.879],[-1.275,-15.816],[-8.298,-3.329],[-0.421,-5.227],[-8.298,-3.329],[-0.421,-5.226],[-8.298,-3.329],[-0.421,-5.226],[-16.337,-3.688],[-0.508,-6.254],[-43.357,0],[-0.426,29.236],[0.649,5.604],[0.662,8.208],[8.297,3.33],[0.421,5.227],[8.297,3.329]],"o":[[-0.387,-4.797],[9.017,-4.972],[-1.275,-15.816],[-60.511,4.879],[0.387,4.797],[-9.018,4.972],[0.387,4.797],[-9.018,4.972],[0.387,4.797],[-9.018,4.973],[0.565,6.995],[-0.211,5.169],[2.367,29.144],[43.36,0],[0.104,-7.166],[20.746,-6.928],[-0.387,-4.797],[9.017,-4.972],[-0.387,-4.797],[9.017,-4.972]],"v":[[109.871,-53.096],[96.287,-65.375],[109.871,-80.903],[-2.002,-100.707],[-109.258,-63.235],[-95.673,-50.956],[-109.258,-35.428],[-95.673,-23.15],[-109.258,-7.621],[-95.673,4.657],[-109.258,20.186],[-82.232,36.501],[-81.817,53.591],[-3.311,105.586],[78.002,45.193],[77.152,26.116],[109.871,2.518],[96.287,-9.761],[109.871,-25.289],[96.287,-37.568]],"c":true},"ix":2},"nm":"Path 1","mn":"ADBE Vector Shape - Group","hd":false},{"ty":"fl","c":{"a":0,"k":[0.34901960784313724,0.2823529411764706,0.2823529411764706,1],"ix":4},"o":{"a":0,"k":100,"ix":5},"r":1,"bm":0,"nm":"Fill 1","mn":"ADBE Vector Graphic - Fill","hd":false},{"ty":"tr","p":{"a":0,"k":[299.31,804.062],"ix":2},"a":{"a":0,"k":[0,0],"ix":1},"s":{"a":0,"k":[100,100],"ix":3},"r":{"a":0,"k":0,"ix":6},"o":{"a":0,"k":100,"ix":7},"sk":{"a":0,"k":0,"ix":4},"sa":{"a":0,"k":0,"ix":5},"nm":"Transform"}],"nm":"Group 11","np":2,"cix":2,"bm":0,"ix":11,"mn":"ADBE Vector Group","hd":false}],"ip":20.0000008146167,"op":155.000006313279,"st":-25.0000010182709,"bm":0},{"ddd":0,"ind":6,"ty":4,"nm":"Idea Shape 1","sr":1,"ks":{"o":{"a":0,"k":100,"ix":11},"r":{"a":0,"k":0,"ix":10},"p":{"a":0,"k":[2220.786,1715.567,0],"ix":2,"l":2},"a":{"a":0,"k":[35.967,28.651,0],"ix":1,"l":2},"s":{"a":1,"k":[{"i":{"x":[0,0,0],"y":[1,1,1]},"o":{"x":[0.333,0.333,0.333],"y":[0,0,0]},"t":20,"s":[0,0,100]},{"t":30.0000012219251,"s":[100,100,100]}],"ix":6,"l":2}},"ao":0,"shapes":[{"ty":"gr","it":[{"ind":0,"ty":"sh","ix":1,"ks":{"a":0,"k":{"i":[[-0.255,-13.847],[-14.768,0.272],[0.255,13.847],[14.769,-0.272]],"o":[[0.255,13.847],[14.769,-0.273],[-0.255,-13.846],[-14.769,0.272]],"v":[[-35.462,3.549],[-8.26,28.129],[35.462,-0.71],[2.122,-28.129]],"c":true},"ix":2},"nm":"Path 1","mn":"ADBE Vector Shape - Group","hd":false},{"ty":"fl","c":{"a":0,"k":[1,1,1,1],"ix":4},"o":{"a":0,"k":100,"ix":5},"r":1,"bm":0,"nm":"Fill 1","mn":"ADBE Vector Graphic - Fill","hd":false},{"ty":"tr","p":{"a":0,"k":[35.967,28.651],"ix":2},"a":{"a":0,"k":[0,0],"ix":1},"s":{"a":0,"k":[100,100],"ix":3},"r":{"a":0,"k":0,"ix":6},"o":{"a":0,"k":100,"ix":7},"sk":{"a":0,"k":0,"ix":4},"sa":{"a":0,"k":0,"ix":5},"nm":"Transform"}],"nm":"Group 1","np":2,"cix":2,"bm":0,"ix":1,"mn":"ADBE Vector Group","hd":false}],"ip":20.0000008146167,"op":155.000006313279,"st":-25.0000010182709,"bm":0},{"ddd":0,"ind":7,"ty":4,"nm":"Idea Shape  2","sr":1,"ks":{"o":{"a":0,"k":100,"ix":11},"r":{"a":0,"k":0,"ix":10},"p":{"a":0,"k":[2341.811,1614.513,0],"ix":2,"l":2},"a":{"a":0,"k":[86.332,65.124,0],"ix":1,"l":2},"s":{"a":1,"k":[{"i":{"x":[0,0,0],"y":[1,1,1]},"o":{"x":[0.333,0.333,0.333],"y":[0,0,0]},"t":26,"s":[0,0,100]},{"t":36.0000014663101,"s":[100,100,100]}],"ix":6,"l":2}},"ao":0,"shapes":[{"ty":"gr","it":[{"ind":0,"ty":"sh","ix":1,"ks":{"a":0,"k":{"i":[[-0.527,-28.596],[-47.251,0.871],[0.528,28.596],[47.252,-0.872]],"o":[[0.527,28.597],[47.251,-0.871],[-0.527,-28.596],[-47.251,0.871]],"v":[[-85.556,-10.654],[-16.737,64.009],[85.555,-13.808],[-0.955,-64.008]],"c":true},"ix":2},"nm":"Path 1","mn":"ADBE Vector Shape - Group","hd":false},{"ty":"fl","c":{"a":0,"k":[1,1,1,1],"ix":4},"o":{"a":0,"k":100,"ix":5},"r":1,"bm":0,"nm":"Fill 1","mn":"ADBE Vector Graphic - Fill","hd":false},{"ty":"tr","p":{"a":0,"k":[86.333,65.13],"ix":2},"a":{"a":0,"k":[0,0],"ix":1},"s":{"a":0,"k":[100,100],"ix":3},"r":{"a":0,"k":0,"ix":6},"o":{"a":0,"k":100,"ix":7},"sk":{"a":0,"k":0,"ix":4},"sa":{"a":0,"k":0,"ix":5},"nm":"Transform"}],"nm":"Group 1","np":2,"cix":2,"bm":0,"ix":1,"mn":"ADBE Vector Group","hd":false}],"ip":20.0000008146167,"op":155.000006313279,"st":-25.0000010182709,"bm":0},{"ddd":0,"ind":8,"ty":4,"nm":"Idea Shape 3","sr":1,"ks":{"o":{"a":0,"k":100,"ix":11},"r":{"a":0,"k":0,"ix":10},"p":{"a":0,"k":[2620.622,1159.439,0],"ix":2,"l":2},"a":{"a":0,"k":[697.507,570.102,0],"ix":1,"l":2},"s":{"a":1,"k":[{"i":{"x":[0,0,0],"y":[1,1,1]},"o":{"x":[0.333,0.333,0.333],"y":[0,0,0]},"t":32,"s":[0,0,100]},{"t":42.0000017106951,"s":[100,100,100]}],"ix":6,"l":2}},"ao":0,"shapes":[{"ty":"gr","it":[{"ind":0,"ty":"sh","ix":1,"ks":{"a":0,"k":{"i":[[791.028,-377.643],[-196.101,11.711],[-193.626,6.03],[-196.111,203.213],[79.489,-7.867]],"o":[[-252.536,120.563],[368.162,-21.987],[193.626,-6.032],[196.111,-203.214],[-261.71,25.902]],"v":[[-279.037,-82.589],[-501.383,277.167],[-188.08,454.201],[501.373,203.659],[427.369,-40.258]],"c":true},"ix":2},"nm":"Path 1","mn":"ADBE Vector Shape - Group","hd":false},{"ty":"fl","c":{"a":0,"k":[1,1,1,1],"ix":4},"o":{"a":0,"k":100,"ix":5},"r":1,"bm":0,"nm":"Fill 1","mn":"ADBE Vector Graphic - Fill","hd":false},{"ty":"tr","p":{"a":0,"k":[697.734,460.482],"ix":2},"a":{"a":0,"k":[0,0],"ix":1},"s":{"a":0,"k":[100,100],"ix":3},"r":{"a":0,"k":0,"ix":6},"o":{"a":0,"k":100,"ix":7},"sk":{"a":0,"k":0,"ix":4},"sa":{"a":0,"k":0,"ix":5},"nm":"Transform"}],"nm":"Group 1","np":2,"cix":2,"bm":0,"ix":1,"mn":"ADBE Vector Group","hd":false}],"ip":20.0000008146167,"op":155.000006313279,"st":-25.0000010182709,"bm":0},{"ddd":0,"ind":9,"ty":4,"nm":"Desk","sr":1,"ks":{"o":{"a":0,"k":100,"ix":11},"r":{"a":0,"k":0,"ix":10},"p":{"a":0,"k":[2191.505,3155.497,0],"ix":2,"l":2},"a":{"a":0,"k":[986.369,92.041,0],"ix":1,"l":2},"s":{"a":0,"k":[100,100,100],"ix":6,"l":2}},"ao":0,"shapes":[{"ty":"gr","it":[{"ind":0,"ty":"sh","ix":1,"ks":{"a":0,"k":{"i":[[0,0],[3.624,8.633],[5.695,0],[0,0],[4.034,-12.4],[-3.14,-13.363],[0,0],[-11.412,0],[0,0],[-2.017,20.489]],"o":[[1.082,-10.989],[-3.624,-8.633],[0,0],[-7.489,0],[-4.035,12.402],[0,0],[4.786,20.365],[0,0],[10.616,0],[0,0]],"v":[[984.846,-47.171],[980.831,-78.158],[966.117,-91.791],[-962.858,-91.791],[-981.353,-71.89],[-982.788,-30.537],[-961.884,58.389],[-935.314,91.791],[952.881,91.791],[974.639,56.506]],"c":true},"ix":2},"nm":"Path 1","mn":"ADBE Vector Shape - Group","hd":false},{"ty":"fl","c":{"a":0,"k":[0.34901960784313724,0.2823529411764706,0.2823529411764706,1],"ix":4},"o":{"a":0,"k":100,"ix":5},"r":1,"bm":0,"nm":"Fill 1","mn":"ADBE Vector Graphic - Fill","hd":false},{"ty":"tr","p":{"a":0,"k":[986.178,92.041],"ix":2},"a":{"a":0,"k":[0,0],"ix":1},"s":{"a":0,"k":[100,100],"ix":3},"r":{"a":0,"k":0,"ix":6},"o":{"a":0,"k":100,"ix":7},"sk":{"a":0,"k":0,"ix":4},"sa":{"a":0,"k":0,"ix":5},"nm":"Transform"}],"nm":"Group 1","np":2,"cix":2,"bm":0,"ix":1,"mn":"ADBE Vector Group","hd":false}],"ip":0,"op":180.00000733155,"st":0,"bm":0},{"ddd":0,"ind":10,"ty":4,"nm":"Hand R","parent":12,"sr":1,"ks":{"o":{"a":0,"k":100,"ix":11},"r":{"a":1,"k":[{"i":{"x":[0.667],"y":[1]},"o":{"x":[0.333],"y":[0]},"t":0,"s":[0]},{"i":{"x":[0.833],"y":[1]},"o":{"x":[0.167],"y":[0]},"t":45,"s":[2]},{"t":90.0000036657751,"s":[0]}],"ix":10},"p":{"a":0,"k":[418.29,1140.436,0],"ix":2,"l":2},"a":{"a":0,"k":[43.274,122.869,0],"ix":1,"l":2},"s":{"a":0,"k":[100,100,100],"ix":6,"l":2}},"ao":0,"shapes":[{"ty":"gr","it":[{"ind":0,"ty":"sh","ix":1,"ks":{"a":0,"k":{"i":[[0,0],[-89.031,133.501],[0,0],[-13.682,-0.982],[0,0],[44.43,2.46],[0,0],[0,0],[24.807,26.392],[0,0],[143.989,52.404]],"o":[[0,0],[0,0],[0,0],[13.682,0.983],[0,0],[-44.431,-2.461],[0,0],[0,0],[-24.806,-26.392],[0,0],[0,0]],"v":[[-525.795,117.22],[-504.365,-128.018],[93.261,-29.071],[393.011,-76.494],[593.396,39.489],[542.695,50.364],[527.43,55.737],[525.82,78.179],[470.084,58.877],[376.318,19.709],[85.746,75.614]],"c":true},"ix":2},"nm":"Path 1","mn":"ADBE Vector Shape - Group","hd":false},{"ty":"fl","c":{"a":0,"k":[1,0.8,0.792156862745098,1],"ix":4},"o":{"a":0,"k":100,"ix":5},"r":1,"bm":0,"nm":"Fill 1","mn":"ADBE Vector Graphic - Fill","hd":false},{"ty":"tr","p":{"a":0,"k":[593.646,128.268],"ix":2},"a":{"a":0,"k":[0,0],"ix":1},"s":{"a":0,"k":[100,100],"ix":3},"r":{"a":0,"k":0,"ix":6},"o":{"a":0,"k":100,"ix":7},"sk":{"a":0,"k":0,"ix":4},"sa":{"a":0,"k":0,"ix":5},"nm":"Transform"}],"nm":"Group 1","np":2,"cix":2,"bm":0,"ix":1,"mn":"ADBE Vector Group","hd":false}],"ip":0,"op":180.00000733155,"st":0,"bm":0},{"ddd":0,"ind":11,"ty":4,"nm":"Arm R Line","parent":12,"sr":1,"ks":{"o":{"a":0,"k":100,"ix":11},"r":{"a":0,"k":0,"ix":10},"p":{"a":0,"k":[566.129,810.709,0],"ix":2,"l":2},"a":{"a":0,"k":[207.871,197.674,0],"ix":1,"l":2},"s":{"a":0,"k":[100,100,100],"ix":6,"l":2}},"ao":0,"shapes":[{"ty":"gr","it":[{"ind":0,"ty":"sh","ix":1,"ks":{"a":0,"k":{"i":[[3.288,0],[21.072,39.637],[-31.985,47.412],[-10.662,3.919],[-1.13,-3.084],[3.084,-1.136],[94.272,-139.764],[-12.128,-22.853],[-0.581,0],[0,-3.292]],"o":[[-2.648,0],[-14.381,-27.05],[96.442,-142.976],[3.09,-1.135],[1.134,3.088],[-2.578,0.948],[-29.313,43.458],[17.686,33.326],[3.289,0.006],[-0.005,3.287]],"v":[[-103.542,197.039],[-189.765,156.945],[-163.239,44.726],[195.365,-195.904],[203.011,-192.369],[199.478,-184.719],[-153.358,51.39],[-179.255,151.324],[-103.537,185.121],[-97.583,191.087]],"c":true},"ix":2},"nm":"Path 1","mn":"ADBE Vector Shape - Group","hd":false},{"ty":"fl","c":{"a":0,"k":[0.34901960784313724,0.2823529411764706,0.2823529411764706,1],"ix":4},"o":{"a":0,"k":100,"ix":5},"r":1,"bm":0,"nm":"Fill 1","mn":"ADBE Vector Graphic - Fill","hd":false},{"ty":"tr","p":{"a":0,"k":[204.395,197.29],"ix":2},"a":{"a":0,"k":[0,0],"ix":1},"s":{"a":0,"k":[100,100],"ix":3},"r":{"a":0,"k":0,"ix":6},"o":{"a":0,"k":100,"ix":7},"sk":{"a":0,"k":0,"ix":4},"sa":{"a":0,"k":0,"ix":5},"nm":"Transform"}],"nm":"Group 1","np":2,"cix":2,"bm":0,"ix":1,"mn":"ADBE Vector Group","hd":false}],"ip":0,"op":180.00000733155,"st":0,"bm":0},{"ddd":0,"ind":12,"ty":4,"nm":"Arm R","parent":16,"sr":1,"ks":{"o":{"a":0,"k":100,"ix":11},"r":{"a":1,"k":[{"i":{"x":[0.667],"y":[1]},"o":{"x":[0.333],"y":[0]},"t":0,"s":[0]},{"i":{"x":[0.833],"y":[1]},"o":{"x":[0.167],"y":[0]},"t":45,"s":[-5]},{"t":90.0000036657751,"s":[0]}],"ix":10},"p":{"a":0,"k":[830.503,99.91,0],"ix":2,"l":2},"a":{"a":0,"k":[1025.915,150.495,0],"ix":1,"l":2},"s":{"a":0,"k":[100,100,100],"ix":6,"l":2}},"ao":0,"shapes":[{"ty":"gr","it":[{"ind":0,"ty":"sh","ix":1,"ks":{"a":0,"k":{"i":[[751.312,-184.58],[101.308,-342.657],[-215.881,-30.354],[0,0],[-96.472,143.022],[0,0]],"o":[[0,0],[-101.307,342.657],[0,0],[0,0],[96.473,-143.023],[0,0]],"v":[[-42.971,-446.823],[-607.033,190.974],[-265.723,631.402],[-249.477,369.752],[-304.236,226.73],[51.483,-11.639]],"c":true},"ix":2},"nm":"Path 1","mn":"ADBE Vector Shape - Group","hd":false},{"ty":"fl","c":{"a":0,"k":[0.0196078431372549,0.8666666666666667,0.6862745098039216,1],"ix":4},"o":{"a":0,"k":100,"ix":5},"r":1,"bm":0,"nm":"Fill 1","mn":"ADBE Vector Graphic - Fill","hd":false},{"ty":"tr","p":{"a":0,"k":[708.591,631.653],"ix":2},"a":{"a":0,"k":[0,0],"ix":1},"s":{"a":0,"k":[100,100],"ix":3},"r":{"a":0,"k":0,"ix":6},"o":{"a":0,"k":100,"ix":7},"sk":{"a":0,"k":0,"ix":4},"sa":{"a":0,"k":0,"ix":5},"nm":"Transform"}],"nm":"Group 1","np":2,"cix":2,"bm":0,"ix":1,"mn":"ADBE Vector Group","hd":false}],"ip":0,"op":180.00000733155,"st":0,"bm":0},{"ddd":0,"ind":13,"ty":4,"nm":"Head","parent":14,"sr":1,"ks":{"o":{"a":0,"k":100,"ix":11},"r":{"a":1,"k":[{"i":{"x":[0.667],"y":[1]},"o":{"x":[0.333],"y":[0]},"t":0,"s":[17]},{"i":{"x":[0.833],"y":[1]},"o":{"x":[0.167],"y":[0]},"t":45,"s":[0]},{"t":90.0000036657751,"s":[17]}],"ix":10},"p":{"a":0,"k":[198.38,715.169,0],"ix":2,"l":2},"a":{"a":0,"k":[198.38,715.169,0],"ix":1,"l":2},"s":{"a":0,"k":[100,100,100],"ix":6,"l":2}},"ao":0,"shapes":[{"ty":"gr","it":[{"ind":0,"ty":"sh","ix":1,"ks":{"a":0,"k":{"i":[[0,0],[53.211,4.702],[-54.805,-70.016]],"o":[[0,0],[-53.212,-4.702],[68.171,87.093]],"v":[[88.467,35.305],[15.091,-96.394],[-33.662,14.004]],"c":true},"ix":2},"nm":"Path 1","mn":"ADBE Vector Shape - Group","hd":false},{"ty":"fl","c":{"a":0,"k":[1,0.8,0.792156862745098,1],"ix":4},"o":{"a":0,"k":100,"ix":5},"r":1,"bm":0,"nm":"Fill 1","mn":"ADBE Vector Graphic - Fill","hd":false},{"ty":"tr","p":{"a":0,"k":[129.09,576.009],"ix":2},"a":{"a":0,"k":[0,0],"ix":1},"s":{"a":0,"k":[100,100],"ix":3},"r":{"a":0,"k":0,"ix":6},"o":{"a":0,"k":100,"ix":7},"sk":{"a":0,"k":0,"ix":4},"sa":{"a":0,"k":0,"ix":5},"nm":"Transform"}],"nm":"Group 1","np":2,"cix":2,"bm":0,"ix":1,"mn":"ADBE Vector Group","hd":false},{"ty":"gr","it":[{"ind":0,"ty":"sh","ix":1,"ks":{"a":0,"k":{"i":[[-4.966,-12.862],[0,0],[-2.776,-3.485],[-39.827,39.122],[-27.092,13.617],[-7.611,-25.613],[-9.381,-62.833],[22.472,-4.702],[72.034,1.687],[7.084,14.32],[25.196,35.635],[26.662,-2.51],[9.067,8.513],[-40.573,49.984],[15.533,16.125],[-35.463,46.743],[-34.23,-9.828],[-10.965,13.471],[-6.412,1.034],[-0.598,21.177],[-51.649,17.74],[-8.428,-73.246],[66.233,3.029],[16.458,-26.041]],"o":[[0,0],[1.605,4.157],[12.366,15.517],[30.17,-29.638],[23.874,-12],[11.408,38.39],[3.391,22.707],[-47.114,9.857],[-15.973,-0.374],[-26.656,-53.887],[-23.161,-32.756],[-12.382,1.165],[-21.263,-19.961],[14.111,-17.383],[-22.455,-23.308],[37.572,-49.524],[16.695,4.793],[3.195,-3.925],[20.917,-3.37],[0.885,-31.304],[100.936,-34.668],[8.429,73.247],[-45.9,-2.099],[-7.366,11.654]],"v":[[-64.902,-17.67],[8.761,173.101],[15.355,184.59],[103.511,197.544],[189.216,127.044],[249.617,153.74],[288.373,320.885],[254.414,369.755],[53.05,392.311],[15.661,368.202],[-103.143,144.92],[-205.268,114.861],[-238.928,103.375],[-248.109,-6.807],[-250.71,-65.033],[-256.3,-172.295],[-133.707,-209.307],[-89.014,-225.299],[-74.872,-233.262],[-37.278,-273.904],[28.771,-359.33],[204.521,-224.196],[35.147,-122.613],[-61.065,-56.576]],"c":true},"ix":2},"nm":"Path 1","mn":"ADBE Vector Shape - Group","hd":false},{"ty":"fl","c":{"a":0,"k":[0.5725490196078431,0.47843137254901963,0.38823529411764707,1],"ix":4},"o":{"a":0,"k":100,"ix":5},"r":1,"bm":0,"nm":"Fill 1","mn":"ADBE Vector Graphic - Fill","hd":false},{"ty":"tr","p":{"a":0,"k":[292.013,394.248],"ix":2},"a":{"a":0,"k":[0,0],"ix":1},"s":{"a":0,"k":[100,100],"ix":3},"r":{"a":0,"k":0,"ix":6},"o":{"a":0,"k":100,"ix":7},"sk":{"a":0,"k":0,"ix":4},"sa":{"a":0,"k":0,"ix":5},"nm":"Transform"}],"nm":"Group 2","np":2,"cix":2,"bm":0,"ix":2,"mn":"ADBE Vector Group","hd":false},{"ty":"gr","it":[{"ind":0,"ty":"sh","ix":1,"ks":{"a":0,"k":{"i":[[-64.047,-85.352],[0,0],[0,0],[0,0]],"o":[[3.826,5.098],[0,0],[0,0],[0,0]],"v":[[74.912,-194.243],[202.935,213.567],[-28.513,279.595],[-202.936,-84.604]],"c":true},"ix":2},"nm":"Path 1","mn":"ADBE Vector Shape - Group","hd":false},{"ty":"fl","c":{"a":0,"k":[1,0.8,0.792156862745098,1],"ix":4},"o":{"a":0,"k":100,"ix":5},"r":1,"bm":0,"nm":"Fill 1","mn":"ADBE Vector Graphic - Fill","hd":false},{"ty":"tr","p":{"a":0,"k":[338.182,401.394],"ix":2},"a":{"a":0,"k":[0,0],"ix":1},"s":{"a":0,"k":[100,100],"ix":3},"r":{"a":0,"k":0,"ix":6},"o":{"a":0,"k":100,"ix":7},"sk":{"a":0,"k":0,"ix":4},"sa":{"a":0,"k":0,"ix":5},"nm":"Transform"}],"nm":"Group 3","np":2,"cix":2,"bm":0,"ix":3,"mn":"ADBE Vector Group","hd":false}],"ip":0,"op":180.00000733155,"st":0,"bm":0},{"ddd":0,"ind":14,"ty":4,"nm":"Neck","parent":16,"sr":1,"ks":{"o":{"a":0,"k":100,"ix":11},"r":{"a":0,"k":0,"ix":10},"p":{"a":0,"k":[-984.619,955.242,0],"ix":2,"l":2},"a":{"a":0,"k":[-1813.249,1575.257,0],"ix":1,"l":2},"s":{"a":0,"k":[100,100,100],"ix":6,"l":2}},"ao":0,"shapes":[{"ind":0,"ty":"sh","ix":1,"ks":{"a":0,"k":{"i":[[104.896,-17.92],[0,0],[-17.653,-18.843],[-56.227,-10.625],[-9.699,14.886],[0,0]],"o":[[0,0],[-14.923,21.072],[30.932,33.016],[17.46,3.298],[0,0],[0,0]],"v":[[260.651,417.854],[31.076,742.011],[35.84,810.501],[175.157,900.665],[220.079,881.749],[342.172,694.333]],"c":true},"ix":2},"nm":"Path 1","mn":"ADBE Vector Shape - Group","hd":false},{"ty":"fl","c":{"a":0,"k":[1,0.8,0.792156862745098,1],"ix":4},"o":{"a":0,"k":100,"ix":5},"r":1,"bm":0,"nm":"Fill 1","mn":"ADBE Vector Graphic - Fill","hd":false}],"ip":0,"op":180.00000733155,"st":0,"bm":0},{"ddd":0,"ind":15,"ty":4,"nm":"Hand L","parent":16,"sr":1,"ks":{"o":{"a":0,"k":100,"ix":11},"r":{"a":1,"k":[{"i":{"x":[0.667],"y":[1]},"o":{"x":[0.333],"y":[0]},"t":0,"s":[0]},{"i":{"x":[0.833],"y":[1]},"o":{"x":[0.167],"y":[0]},"t":45,"s":[5]},{"t":90.0000036657751,"s":[0]}],"ix":10},"p":{"a":0,"k":[1505.472,1175.073,0],"ix":2,"l":2},"a":{"a":0,"k":[315.89,1118.319,0],"ix":1,"l":2},"s":{"a":0,"k":[100,100,100],"ix":6,"l":2}},"ao":0,"shapes":[{"ty":"gr","it":[{"ind":0,"ty":"sh","ix":1,"ks":{"a":0,"k":{"i":[[194.101,591.662],[52.137,61.612],[0,0],[0,0],[0,0],[0,0],[0,0],[56.871,-162.669],[-149.634,-202.899],[0,0]],"o":[[4.104,-21.612],[-69.754,-82.433],[-79.289,44.399],[0,0],[12.703,36.882],[0,0],[1.195,80.192],[-22.283,63.726],[0,0],[0,0]],"v":[[62.208,-346.21],[15.716,-479.978],[-143.526,-520.38],[-256.308,-330.999],[-172.479,-375.742],[-35.976,-299.094],[-35.285,-299.354],[-92.9,177.384],[-10.867,562.411],[71.576,559.041]],"c":true},"ix":2},"nm":"Path 1","mn":"ADBE Vector Shape - Group","hd":false},{"ty":"fl","c":{"a":0,"k":[1,0.8,0.792156862745098,1],"ix":4},"o":{"a":0,"k":100,"ix":5},"r":1,"bm":0,"nm":"Fill 1","mn":"ADBE Vector Graphic - Fill","hd":false},{"ty":"tr","p":{"a":0,"k":[256.558,562.661],"ix":2},"a":{"a":0,"k":[0,0],"ix":1},"s":{"a":0,"k":[100,100],"ix":3},"r":{"a":0,"k":0,"ix":6},"o":{"a":0,"k":100,"ix":7},"sk":{"a":0,"k":0,"ix":4},"sa":{"a":0,"k":0,"ix":5},"nm":"Transform"}],"nm":"Group 1","np":2,"cix":2,"bm":0,"ix":1,"mn":"ADBE Vector Group","hd":false}],"ip":0,"op":180.00000733155,"st":0,"bm":0},{"ddd":0,"ind":16,"ty":4,"nm":"Body","sr":1,"ks":{"o":{"a":0,"k":100,"ix":11},"r":{"a":0,"k":0,"ix":10},"p":{"a":0,"k":[1418.508,2609.465,0],"ix":2,"l":2},"a":{"a":0,"k":[748.638,722.482,0],"ix":1,"l":2},"s":{"a":0,"k":[100,100,100],"ix":6,"l":2}},"ao":0,"shapes":[{"ty":"gr","it":[{"ind":0,"ty":"sh","ix":1,"ks":{"a":0,"k":{"i":[[-139.313,-1.398],[-188.939,227.66],[-163.885,-65.144],[0,0],[0,0],[393.763,287.058],[0,0],[293.164,-514.262],[-22.481,-219.142]],"o":[[-15.746,-171.772],[0,0],[0,0],[0,0],[0,0],[0,0],[0,0],[-172.134,301.954],[86.541,-3.039]],"v":[[87.817,679.906],[271.171,-6.275],[668.254,495.36],[741.661,498.729],[741.661,187.335],[285.647,-484.13],[163.045,-594.63],[-561.222,-167.286],[-719.18,681.547]],"c":true},"ix":2},"nm":"Path 1","mn":"ADBE Vector Shape - Group","hd":false},{"ty":"fl","c":{"a":0,"k":[0.0196078431372549,0.9098039215686274,0.7215686274509804,1],"ix":4},"o":{"a":0,"k":100,"ix":5},"r":1,"bm":0,"nm":"Fill 1","mn":"ADBE Vector Graphic - Fill","hd":false},{"ty":"tr","p":{"a":0,"k":[741.911,681.797],"ix":2},"a":{"a":0,"k":[0,0],"ix":1},"s":{"a":0,"k":[100,100],"ix":3},"r":{"a":0,"k":0,"ix":6},"o":{"a":0,"k":100,"ix":7},"sk":{"a":0,"k":0,"ix":4},"sa":{"a":0,"k":0,"ix":5},"nm":"Transform"}],"nm":"Group 1","np":2,"cix":2,"bm":0,"ix":1,"mn":"ADBE Vector Group","hd":false}],"ip":0,"op":180.00000733155,"st":0,"bm":0},{"ddd":0,"ind":17,"ty":4,"nm":"Setting2","sr":1,"ks":{"o":{"a":0,"k":100,"ix":11},"r":{"a":1,"k":[{"i":{"x":[0.833],"y":[0.833]},"o":{"x":[0.167],"y":[0.167]},"t":0,"s":[0]},{"t":90.0000036657751,"s":[-360]}],"ix":10},"p":{"a":0,"k":[1394.115,837.435,0],"ix":2,"l":2},"a":{"a":0,"k":[312.766,313.247,0],"ix":1,"l":2},"s":{"a":0,"k":[100,100,100],"ix":6,"l":2}},"ao":0,"shapes":[{"ty":"gr","it":[{"ind":0,"ty":"sh","ix":1,"ks":{"a":0,"k":{"i":[[-66.434,20.067],[-4.61,0.903],[-9.302,-0.099],[-0.418,-0.008],[-0.89,-2.937],[0.016,-0.783],[4.009,0.066],[8.557,-1.671],[0,0],[0.465,-0.095],[15.37,-12.954],[6.338,-9.224],[0.052,-0.075],[0.153,-0.231],[-6.256,-32.113],[-1.208,-3.998],[-23.621,-15.921],[-32.11,6.256],[-18.288,27.127],[6.257,32.113],[1.196,3.957],[11.999,13.34],[0.296,0.994],[-2.166,1.945],[-2.692,-2.994],[-5.805,-19.195],[-0.89,-4.571],[20.458,-30.357],[35.95,-6.977],[30.355,20.462],[9.096,30.098],[0.906,4.647]],"o":[[4.407,-1.331],[9.156,-1.786],[0.418,0.008],[3.232,0.062],[0.216,0.714],[-0.079,4.016],[-8.683,-0.175],[0,0],[-0.47,0.089],[-20.215,4.14],[-8.343,7.033],[-0.052,0.075],[-0.156,0.233],[-18.281,27.132],[0.807,4.156],[8.13,26.902],[27.132,18.283],[32.088,-6.264],[18.283,-27.131],[-0.793,-4.087],[-5.188,-17.164],[-0.739,-0.823],[-0.789,-2.612],[2.994,-2.678],[13.425,14.927],[1.34,4.434],[6.999,35.932],[-20.457,30.349],[-35.929,7.002],[-26.428,-17.806],[-1.349,-4.468],[-13.546,-69.561]],"v":[[-36.454,-133.333],[-22.928,-136.684],[4.877,-139.228],[6.131,-139.205],[12.951,-134.045],[13.259,-131.786],[5.841,-124.662],[-20.14,-122.403],[-20.143,-122.401],[-21.549,-122.118],[-75.551,-96.003],[-97.677,-71.546],[-97.832,-71.321],[-98.299,-70.631],[-116.951,21.242],[-113.923,33.477],[-65.177,99.396],[26.691,118.043],[104.846,66.272],[123.498,-25.6],[120.507,-37.676],[94.438,-84.012],[92.884,-86.77],[94.982,-94.283],[105.258,-93.736],[134.43,-41.897],[137.78,-28.385],[116.909,74.406],[29.476,132.325],[-73.308,111.456],[-127.842,37.711],[-131.233,24.027]],"c":true},"ix":2},"nm":"Path 1","mn":"ADBE Vector Shape - Group","hd":false},{"ty":"fl","c":{"a":0,"k":[0.9372549019607843,0.9372549019607843,0.9372549019607843,1],"ix":4},"o":{"a":0,"k":100,"ix":5},"r":1,"bm":0,"nm":"Fill 1","mn":"ADBE Vector Graphic - Fill","hd":false},{"ty":"tr","p":{"a":0,"k":[307.239,319.632],"ix":2},"a":{"a":0,"k":[0,0],"ix":1},"s":{"a":0,"k":[100,100],"ix":3},"r":{"a":0,"k":0,"ix":6},"o":{"a":0,"k":100,"ix":7},"sk":{"a":0,"k":0,"ix":4},"sa":{"a":0,"k":0,"ix":5},"nm":"Transform"}],"nm":"Group 1","np":2,"cix":2,"bm":0,"ix":1,"mn":"ADBE Vector Group","hd":false},{"ty":"gr","it":[{"ind":0,"ty":"sh","ix":1,"ks":{"a":0,"k":{"i":[[-18.888,5.706],[-1.824,0.855],[9.499,20.195],[10.17,3.659],[9.789,-4.589],[3.663,-10.167],[-4.604,-9.787]],"o":[[1.874,-0.566],[20.193,-9.506],[-4.601,-9.778],[-10.175,-3.664],[-9.782,4.602],[-3.664,10.176],[8.64,18.369]],"v":[[8.707,35.474],[14.256,33.345],[33.65,-20.512],[10.744,-41.362],[-20.204,-39.91],[-41.058,-17.003],[-39.602,13.949]],"c":true},"ix":2},"nm":"Path 1","mn":"ADBE Vector Shape - Group","hd":false},{"ind":1,"ty":"sh","ix":2,"ks":{"a":0,"k":{"i":[[-2.581,0.78],[-11.24,-4.048],[-6.254,-13.301],[27.453,-12.922],[12.912,27.452],[-4.982,13.824],[-13.306,6.253]],"o":[[11.234,-3.393],[13.827,4.981],[12.914,27.445],[-27.515,12.883],[-6.258,-13.301],[4.98,-13.83],[2.486,-1.167]],"v":[[-18.779,-55.999],[15.672,-55.051],[46.814,-26.7],[20.448,46.509],[-52.767,20.137],[-54.746,-21.929],[-26.392,-53.075]],"c":true},"ix":2},"nm":"Path 2","mn":"ADBE Vector Shape - Group","hd":false},{"ty":"mm","mm":1,"nm":"Merge Paths 1","mn":"ADBE Vector Filter - Merge","hd":false},{"ty":"fl","c":{"a":0,"k":[0.9372549019607843,0.9372549019607843,0.9372549019607843,1],"ix":4},"o":{"a":0,"k":100,"ix":5},"r":1,"bm":0,"nm":"Fill 1","mn":"ADBE Vector Graphic - Fill","hd":false},{"ty":"tr","p":{"a":0,"k":[314.047,319.738],"ix":2},"a":{"a":0,"k":[0,0],"ix":1},"s":{"a":0,"k":[100,100],"ix":3},"r":{"a":0,"k":0,"ix":6},"o":{"a":0,"k":100,"ix":7},"sk":{"a":0,"k":0,"ix":4},"sa":{"a":0,"k":0,"ix":5},"nm":"Transform"}],"nm":"Group 2","np":4,"cix":2,"bm":0,"ix":2,"mn":"ADBE Vector Group","hd":false},{"ty":"gr","it":[{"ind":0,"ty":"sh","ix":1,"ks":{"a":0,"k":{"i":[[0,0],[1.255,-0.946],[0,0],[21.531,0.812],[0,0],[1.542,-0.3],[0,0],[0.22,-1.555],[0,0],[15.351,-14.237],[0,0],[0.879,-1.304],[0,0],[-0.945,-1.255],[0,0],[0.812,-21.53],[0,0],[-0.3,-1.543],[0,0],[-1.556,-0.218],[0,0],[-14.237,-15.351],[0,0],[-1.302,-0.878],[0,0],[-1.255,0.945],[0,0],[-21.531,-0.812],[0,0],[-1.543,0.3],[0,0],[-0.219,1.556],[0,0],[-15.351,14.237],[0,0],[-0.878,1.303],[0,0],[0.946,1.255],[0,0],[-0.812,21.531],[0,0],[0.301,1.543],[0,0],[1.557,0.219],[0,0],[14.236,15.352],[0,0],[1.303,0.879]],"o":[[-1.302,-0.878],[0,0],[-19.572,-7.433],[0,0],[-0.787,-1.36],[0,0],[-1.543,0.301],[0,0],[-19.651,8.835],[0,0],[-1.518,-0.405],[0,0],[-0.878,1.304],[0,0],[-7.434,19.573],[0,0],[-1.36,0.787],[0,0],[0.3,1.543],[0,0],[8.834,19.652],[0,0],[-0.405,1.517],[0,0],[1.303,0.878],[0,0],[19.572,7.434],[0,0],[0.787,1.36],[0,0],[1.543,-0.3],[0,0],[19.652,-8.834],[0,0],[1.518,0.405],[0,0],[0.877,-1.303],[0,0],[7.433,-19.572],[0,0],[1.359,-0.786],[0,0],[-0.301,-1.543],[0,0],[-8.835,-19.651],[0,0],[0.405,-1.518],[0,0]],"v":[[109.655,-210.828],[105.38,-210.715],[69.574,-183.736],[7.572,-196.346],[-14.863,-235.127],[-18.755,-236.898],[-71.539,-226.616],[-74.483,-223.514],[-80.72,-179.146],[-133.455,-144.185],[-176.77,-155.751],[-180.775,-154.25],[-210.827,-109.656],[-210.715,-105.382],[-183.735,-69.576],[-196.346,-7.573],[-235.128,14.862],[-236.899,18.754],[-226.616,71.539],[-223.514,74.481],[-179.146,80.719],[-144.185,133.453],[-155.751,176.77],[-154.252,180.773],[-109.657,210.826],[-105.382,210.713],[-69.576,183.733],[-7.574,196.344],[14.862,235.126],[18.755,236.898],[71.538,226.615],[74.481,223.512],[80.718,179.146],[133.454,144.183],[176.768,155.751],[180.773,154.25],[210.826,109.656],[210.714,105.38],[183.735,69.574],[196.344,7.572],[235.127,-14.863],[236.897,-18.756],[226.615,-71.539],[223.512,-74.482],[179.145,-80.719],[144.184,-133.455],[155.75,-176.77],[154.25,-180.774]],"c":true},"ix":2},"nm":"Path 1","mn":"ADBE Vector Shape - Group","hd":false},{"ty":"fl","c":{"a":0,"k":[0.027450980392156862,0.8117647058823529,0.9882352941176471,1],"ix":4},"o":{"a":0,"k":100,"ix":5},"r":1,"bm":0,"nm":"Fill 1","mn":"ADBE Vector Graphic - Fill","hd":false},{"ty":"tr","p":{"a":0,"k":[311.071,316.456],"ix":2},"a":{"a":0,"k":[0,0],"ix":1},"s":{"a":0,"k":[100,100],"ix":3},"r":{"a":0,"k":0,"ix":6},"o":{"a":0,"k":100,"ix":7},"sk":{"a":0,"k":0,"ix":4},"sa":{"a":0,"k":0,"ix":5},"nm":"Transform"}],"nm":"Group 3","np":2,"cix":2,"bm":0,"ix":3,"mn":"ADBE Vector Group","hd":false},{"ty":"gr","it":[{"ind":0,"ty":"sh","ix":1,"ks":{"a":0,"k":{"i":[[-2.234,0.675],[-1.441,-0.448],[-5.728,-2.159],[1.417,-3.76],[3.762,1.409],[5.673,1.766],[-1.193,3.833]],"o":[[1.343,-0.406],[5.946,1.848],[3.756,1.418],[-1.425,3.748],[-5.461,-2.061],[-3.837,-1.193],[0.747,-2.393]],"v":[[-10.732,-10.33],[-6.474,-10.31],[11.117,-4.269],[15.359,5.106],[5.983,9.349],[-10.797,3.583],[-15.583,-5.524]],"c":true},"ix":2},"nm":"Path 1","mn":"ADBE Vector Shape - Group","hd":false},{"ty":"fl","c":{"a":0,"k":[0,0,0,1],"ix":4},"o":{"a":0,"k":100,"ix":5},"r":1,"bm":0,"nm":"Fill 1","mn":"ADBE Vector Graphic - Fill","hd":false},{"ty":"tr","p":{"a":0,"k":[410.075,24.249],"ix":2},"a":{"a":0,"k":[0,0],"ix":1},"s":{"a":0,"k":[100,100],"ix":3},"r":{"a":0,"k":0,"ix":6},"o":{"a":0,"k":100,"ix":7},"sk":{"a":0,"k":0,"ix":4},"sa":{"a":0,"k":0,"ix":5},"nm":"Transform"}],"nm":"Group 4","np":2,"cix":2,"bm":0,"ix":4,"mn":"ADBE Vector Group","hd":false},{"ty":"gr","it":[{"ind":0,"ty":"sh","ix":1,"ks":{"a":0,"k":{"i":[[-2.25,0.68],[-1.427,-0.437],[1.164,-3.846],[2.063,-11.881],[3.957,0.691],[-0.688,3.962],[-3.678,12.146]],"o":[[1.326,-0.401],[3.846,1.162],[-3.513,11.577],[-0.692,3.949],[-3.958,-0.689],[2.167,-12.455],[0.736,-2.419]],"v":[[-171.926,83.569],[-167.721,83.574],[-162.866,92.645],[-171.267,127.999],[-179.68,133.916],[-185.601,125.502],[-176.794,88.423]],"c":true},"ix":2},"nm":"Path 1","mn":"ADBE Vector Shape - Group","hd":false},{"ind":1,"ty":"sh","ix":2,"ks":{"a":0,"k":{"i":[[-1.68,0.507],[-1.826,-1.081],[2.051,-3.454],[4.866,-11.028],[3.67,1.623],[-1.621,3.674],[-6.472,10.905]],"o":[[1.887,-0.57],[3.455,2.051],[-6.177,10.408],[-1.623,3.681],[-3.676,-1.62],[5.1,-11.566],[0.967,-1.627]],"v":[[-141.975,15.569],[-136.154,16.275],[-133.611,26.244],[-150.253,58.551],[-159.845,62.272],[-163.564,52.687],[-146.125,18.819]],"c":true},"ix":2},"nm":"Path 2","mn":"ADBE Vector Shape - Group","hd":false},{"ind":2,"ty":"sh","ix":3,"ks":{"a":0,"k":{"i":[[-1.126,0.34],[-1.96,-1.932],[2.817,-2.863],[7.368,-9.573],[3.182,2.453],[-2.453,3.183],[-8.878,9.02]],"o":[[2.465,-0.744],[2.867,2.821],[-8.471,8.599],[-2.454,3.19],[-3.183,-2.452],[7.73,-10.03],[0.886,-0.898]],"v":[[-96.628,-43.255],[-89.415,-41.478],[-89.331,-31.188],[-113.201,-3.808],[-123.405,-2.485],[-124.73,-12.69],[-99.704,-41.399]],"c":true},"ix":2},"nm":"Path 3","mn":"ADBE Vector Shape - Group","hd":false},{"ind":3,"ty":"sh","ix":4,"ks":{"a":0,"k":{"i":[[-2.842,0.859],[-0.875,-0.047],[-12.462,-2.255],[0.713,-3.956],[3.95,0.706],[12.065,0.682],[-0.228,4.01]],"o":[[0.792,-0.239],[12.652,0.713],[3.954,0.712],[-0.716,3.941],[-11.884,-2.147],[-4.009,-0.228],[0.178,-3.134]],"v":[[139.345,-134.228],[141.858,-134.528],[179.71,-130.057],[185.576,-121.603],[177.124,-115.741],[141.037,-120.001],[134.185,-127.675]],"c":true},"ix":2},"nm":"Path 4","mn":"ADBE Vector Shape - Group","hd":false},{"ind":4,"ty":"sh","ix":5,"ks":{"a":0,"k":{"i":[[-0.585,0.176],[-1.768,-2.879],[3.425,-2.103],[9.435,-7.503],[2.499,3.149],[-3.145,2.501],[-10.811,6.635]],"o":[[3.088,-0.933],[2.098,3.419],[-10.312,6.335],[-3.162,2.491],[-2.499,-3.142],[9.892,-7.863],[0.548,-0.337]],"v":[[-38.497,-89.481],[-30.195,-86.32],[-32.591,-76.319],[-62.352,-55.471],[-72.573,-56.643],[-71.404,-66.866],[-40.201,-88.714]],"c":true},"ix":2},"nm":"Path 5","mn":"ADBE Vector Shape - Group","hd":false},{"ind":5,"ty":"sh","ix":6,"ks":{"a":0,"k":{"i":[[-3.509,1.06],[-0.263,0.05],[-12.629,0.839],[-0.265,-4.009],[3.984,-0.275],[11.877,-2.237],[0.743,3.946]],"o":[[0.252,-0.076],[12.444,-2.349],[4.01,-0.262],[0.27,4.015],[-12.052,0.799],[-3.945,0.746],[-0.697,-3.694]],"v":[[65.185,-129.356],[65.952,-129.543],[103.741,-134.345],[111.478,-127.57],[104.706,-119.825],[68.645,-115.247],[60.153,-121.045]],"c":true},"ix":2},"nm":"Path 6","mn":"ADBE Vector Shape - Group","hd":false},{"ind":6,"ty":"sh","ix":7,"ks":{"a":0,"k":{"i":[[-0.031,0.009],[-1.203,-3.799],[3.831,-1.209],[10.965,-4.996],[1.666,3.66],[-3.653,1.667],[-12.088,3.823]],"o":[[3.801,-1.148],[1.211,3.828],[-11.533,3.647],[-3.648,1.622],[-1.666,-3.659],[11.502,-5.233],[0.031,-0.009]],"v":[[29.091,-120.286],[38.128,-115.514],[33.387,-106.386],[-0.518,-93.362],[-10.157,-96.966],[-6.551,-106.603],[28.996,-120.258]],"c":true},"ix":2},"nm":"Path 7","mn":"ADBE Vector Shape - Group","hd":false},{"ty":"mm","mm":1,"nm":"Merge Paths 1","mn":"ADBE Vector Filter - Merge","hd":false},{"ty":"fl","c":{"a":0,"k":[0,0,0,1],"ix":4},"o":{"a":0,"k":100,"ix":5},"r":1,"bm":0,"nm":"Fill 1","mn":"ADBE Vector Graphic - Fill","hd":false},{"ty":"tr","p":{"a":0,"k":[313.158,317.946],"ix":2},"a":{"a":0,"k":[126.62,183.089],"ix":1},"s":{"a":0,"k":[100,100],"ix":3},"r":{"a":0,"k":-98,"ix":6},"o":{"a":0,"k":100,"ix":7},"sk":{"a":0,"k":0,"ix":4},"sa":{"a":0,"k":0,"ix":5},"nm":"Transform"}],"nm":"Group 8","np":9,"cix":2,"bm":0,"ix":5,"mn":"ADBE Vector Group","hd":false},{"ty":"gr","it":[{"ind":0,"ty":"sh","ix":1,"ks":{"a":0,"k":{"i":[[-2.25,0.68],[-1.427,-0.437],[1.164,-3.846],[2.063,-11.881],[3.957,0.691],[-0.688,3.962],[-3.678,12.146]],"o":[[1.326,-0.401],[3.846,1.162],[-3.513,11.577],[-0.692,3.949],[-3.958,-0.689],[2.167,-12.455],[0.736,-2.419]],"v":[[-171.926,83.569],[-167.721,83.574],[-162.866,92.645],[-171.267,127.999],[-179.68,133.916],[-185.601,125.502],[-176.794,88.423]],"c":true},"ix":2},"nm":"Path 1","mn":"ADBE Vector Shape - Group","hd":false},{"ind":1,"ty":"sh","ix":2,"ks":{"a":0,"k":{"i":[[-1.68,0.507],[-1.826,-1.081],[2.051,-3.454],[4.866,-11.028],[3.67,1.623],[-1.621,3.674],[-6.472,10.905]],"o":[[1.887,-0.57],[3.455,2.051],[-6.177,10.408],[-1.623,3.681],[-3.676,-1.62],[5.1,-11.566],[0.967,-1.627]],"v":[[-141.975,15.569],[-136.154,16.275],[-133.611,26.244],[-150.253,58.551],[-159.845,62.272],[-163.564,52.687],[-146.125,18.819]],"c":true},"ix":2},"nm":"Path 2","mn":"ADBE Vector Shape - Group","hd":false},{"ind":2,"ty":"sh","ix":3,"ks":{"a":0,"k":{"i":[[-1.126,0.34],[-1.96,-1.932],[2.817,-2.863],[7.368,-9.573],[3.182,2.453],[-2.453,3.183],[-8.878,9.02]],"o":[[2.465,-0.744],[2.867,2.821],[-8.471,8.599],[-2.454,3.19],[-3.183,-2.452],[7.73,-10.03],[0.886,-0.898]],"v":[[-96.628,-43.255],[-89.415,-41.478],[-89.331,-31.188],[-113.201,-3.808],[-123.405,-2.485],[-124.73,-12.69],[-99.704,-41.399]],"c":true},"ix":2},"nm":"Path 3","mn":"ADBE Vector Shape - Group","hd":false},{"ind":3,"ty":"sh","ix":4,"ks":{"a":0,"k":{"i":[[-2.842,0.859],[-0.875,-0.047],[-12.462,-2.255],[0.713,-3.956],[3.95,0.706],[12.065,0.682],[-0.228,4.01]],"o":[[0.792,-0.239],[12.652,0.713],[3.954,0.712],[-0.716,3.941],[-11.884,-2.147],[-4.009,-0.228],[0.178,-3.134]],"v":[[139.345,-134.228],[141.858,-134.528],[179.71,-130.057],[185.576,-121.603],[177.124,-115.741],[141.037,-120.001],[134.185,-127.675]],"c":true},"ix":2},"nm":"Path 4","mn":"ADBE Vector Shape - Group","hd":false},{"ind":4,"ty":"sh","ix":5,"ks":{"a":0,"k":{"i":[[-0.585,0.176],[-1.768,-2.879],[3.425,-2.103],[9.435,-7.503],[2.499,3.149],[-3.145,2.501],[-10.811,6.635]],"o":[[3.088,-0.933],[2.098,3.419],[-10.312,6.335],[-3.162,2.491],[-2.499,-3.142],[9.892,-7.863],[0.548,-0.337]],"v":[[-38.497,-89.481],[-30.195,-86.32],[-32.591,-76.319],[-62.352,-55.471],[-72.573,-56.643],[-71.404,-66.866],[-40.201,-88.714]],"c":true},"ix":2},"nm":"Path 5","mn":"ADBE Vector Shape - Group","hd":false},{"ind":5,"ty":"sh","ix":6,"ks":{"a":0,"k":{"i":[[-3.509,1.06],[-0.263,0.05],[-12.629,0.839],[-0.265,-4.009],[3.984,-0.275],[11.877,-2.237],[0.743,3.946]],"o":[[0.252,-0.076],[12.444,-2.349],[4.01,-0.262],[0.27,4.015],[-12.052,0.799],[-3.945,0.746],[-0.697,-3.694]],"v":[[65.185,-129.356],[65.952,-129.543],[103.741,-134.345],[111.478,-127.57],[104.706,-119.825],[68.645,-115.247],[60.153,-121.045]],"c":true},"ix":2},"nm":"Path 6","mn":"ADBE Vector Shape - Group","hd":false},{"ind":6,"ty":"sh","ix":7,"ks":{"a":0,"k":{"i":[[-0.031,0.009],[-1.203,-3.799],[3.831,-1.209],[10.965,-4.996],[1.666,3.66],[-3.653,1.667],[-12.088,3.823]],"o":[[3.801,-1.148],[1.211,3.828],[-11.533,3.647],[-3.648,1.622],[-1.666,-3.659],[11.502,-5.233],[0.031,-0.009]],"v":[[29.091,-120.286],[38.128,-115.514],[33.387,-106.386],[-0.518,-93.362],[-10.157,-96.966],[-6.551,-106.603],[28.996,-120.258]],"c":true},"ix":2},"nm":"Path 7","mn":"ADBE Vector Shape - Group","hd":false},{"ty":"mm","mm":1,"nm":"Merge Paths 1","mn":"ADBE Vector Filter - Merge","hd":false},{"ty":"fl","c":{"a":0,"k":[0,0,0,1],"ix":4},"o":{"a":0,"k":100,"ix":5},"r":1,"bm":0,"nm":"Fill 1","mn":"ADBE Vector Graphic - Fill","hd":false},{"ty":"tr","p":{"a":0,"k":[186.538,134.857],"ix":2},"a":{"a":0,"k":[0,0],"ix":1},"s":{"a":0,"k":[100,100],"ix":3},"r":{"a":0,"k":0,"ix":6},"o":{"a":0,"k":100,"ix":7},"sk":{"a":0,"k":0,"ix":4},"sa":{"a":0,"k":0,"ix":5},"nm":"Transform"}],"nm":"Group 5","np":9,"cix":2,"bm":0,"ix":6,"mn":"ADBE Vector Group","hd":false},{"ty":"gr","it":[{"ind":0,"ty":"sh","ix":1,"ks":{"a":0,"k":{"i":[[-3.315,1.001],[-0.434,0.05],[-10.473,2.392],[-1.547,0.386],[-0.96,-3.902],[3.909,-0.84],[1.666,-0.37],[11.045,-1.303],[0.47,3.991]],"o":[[0.401,-0.121],[10.533,-1.245],[1.588,-0.354],[3.904,-0.956],[0.969,3.909],[-1.652,0.402],[-10.942,2.496],[-3.992,0.471],[-0.421,-3.554]],"v":[[-137.49,204.85],[-136.233,204.589],[-104.579,199.109],[-99.889,198.005],[-91.086,203.329],[-96.407,212.137],[-101.376,213.304],[-134.526,219.035],[-142.602,212.666]],"c":true},"ix":2},"nm":"Path 1","mn":"ADBE Vector Shape - Group","hd":false},{"ind":1,"ty":"sh","ix":2,"ks":{"a":0,"k":{"i":[[-0.443,0.134],[-1.651,-3.123],[3.55,-1.88],[12.068,-4.588],[1.424,3.755],[-3.754,1.43],[-10.817,5.723]],"o":[[3.263,-0.986],[1.878,3.551],[-11.345,6.002],[-3.787,1.367],[-1.427,-3.755],[11.515,-4.37],[0.425,-0.225]],"v":[[-29.639,171.308],[-21.114,174.87],[-24.142,184.704],[-59.426,200.661],[-68.812,196.44],[-64.596,187.056],[-30.944,171.844]],"c":true},"ix":2},"nm":"Path 2","mn":"ADBE Vector Shape - Group","hd":false},{"ind":2,"ty":"sh","ix":3,"ks":{"a":0,"k":{"i":[[-0.997,0.301],[-1.95,-2.157],[2.978,-2.695],[10.531,-7.367],[2.303,3.289],[-3.29,2.301],[-9.11,8.229]],"o":[[2.607,-0.787],[2.692,2.979],[-9.556,8.63],[-3.31,2.298],[-2.304,-3.289],[10.044,-7.026],[0.825,-0.746]],"v":[[32.195,128.03],[39.701,130.12],[39.178,140.391],[8.905,164.505],[-1.228,162.712],[0.562,152.583],[29.424,129.595]],"c":true},"ix":2},"nm":"Path 3","mn":"ADBE Vector Shape - Group","hd":false},{"ind":3,"ty":"sh","ix":4,"ks":{"a":0,"k":{"i":[[-1.553,0.469],[-1.885,-1.264],[2.234,-3.339],[8.41,-9.724],[3.039,2.63],[-2.627,3.035],[-6.842,10.208]],"o":[[2.013,-0.608],[3.334,2.235],[-7.174,10.694],[-2.626,3.049],[-3.039,-2.629],[8.024,-9.281],[0.976,-1.452]],"v":[[81.583,70.932],[87.744,71.854],[89.734,81.946],[66.251,112.72],[55.991,113.466],[55.244,103.206],[77.646,73.842]],"c":true},"ix":2},"nm":"Path 4","mn":"ADBE Vector Shape - Group","hd":false},{"ind":4,"ty":"sh","ix":5,"ks":{"a":0,"k":{"i":[[-2.132,0.644],[-1.526,-0.542],[1.359,-3.78],[5.803,-11.475],[3.577,1.807],[-1.813,3.591],[-4.156,11.571]],"o":[[1.442,-0.436],[3.78,1.359],[-4.36,12.137],[-1.816,3.583],[-3.586,-1.81],[5.532,-10.932],[0.81,-2.255]],"v":[[115.649,3.516],[120.203,3.631],[124.592,12.94],[109.28,48.518],[99.506,51.722],[96.297,41.946],[110.899,8.022]],"c":true},"ix":2},"nm":"Path 5","mn":"ADBE Vector Shape - Group","hd":false},{"ind":5,"ty":"sh","ix":6,"ks":{"a":0,"k":{"i":[[-2.738,0.827],[-0.974,-0.092],[0.388,-3.998],[2.829,-12.572],[3.933,0.882],[-0.88,3.917],[-1.189,12.217]],"o":[[0.884,-0.267],[3.998,0.387],[-1.251,12.808],[-0.882,3.925],[-3.917,-0.88],[2.697,-11.991],[0.297,-3.021]],"v":[[132.217,-70.185],[135.024,-70.462],[141.558,-62.514],[135.415,-24.258],[126.719,-18.759],[121.219,-27.45],[127.076,-63.927]],"c":true},"ix":2},"nm":"Path 6","mn":"ADBE Vector Shape - Group","hd":false},{"ind":6,"ty":"sh","ix":7,"ks":{"a":0,"k":{"i":[[-3.407,1.03],[-0.347,0.053],[-0.603,-3.974],[-0.352,-12.843],[3.995,-0.116],[0.112,4.018],[1.843,12.155]],"o":[[0.329,-0.099],[3.976,-0.599],[1.934,12.744],[0.112,4.019],[-4.019,0.108],[-0.336,-12.254],[-0.548,-3.619]],"v":[[130.16,-145.688],[131.179,-145.922],[139.466,-139.817],[142.911,-101.251],[135.839,-93.779],[128.368,-100.851],[125.081,-137.639]],"c":true},"ix":2},"nm":"Path 7","mn":"ADBE Vector Shape - Group","hd":false},{"ind":7,"ty":"sh","ix":8,"ks":{"a":0,"k":{"i":[[-0.235,0.071],[-1.446,-3.473],[-3.074,-10.173],[-0.608,-2.169],[3.618,-1.167],[1.082,3.865],[0.619,2.047],[3.899,9.359],[-3.706,1.55]],"o":[[3.53,-1.066],[4.093,9.814],[0.647,2.143],[1.077,3.874],[-3.87,1.08],[-0.579,-2.075],[-2.931,-9.704],[-1.548,-3.711],[0.235,-0.093]],"v":[[109.854,-218.439],[118.663,-214.273],[129.463,-184.148],[131.342,-177.681],[126.292,-168.712],[117.328,-173.758],[115.535,-179.942],[105.238,-208.673],[109.15,-218.189]],"c":true},"ix":2},"nm":"Path 8","mn":"ADBE Vector Shape - Group","hd":false},{"ty":"mm","mm":1,"nm":"Merge Paths 1","mn":"ADBE Vector Filter - Merge","hd":false},{"ty":"fl","c":{"a":0,"k":[0,0,0,1],"ix":4},"o":{"a":0,"k":100,"ix":5},"r":1,"bm":0,"nm":"Fill 1","mn":"ADBE Vector Graphic - Fill","hd":false},{"ty":"tr","p":{"a":0,"k":[481.789,407.09],"ix":2},"a":{"a":0,"k":[0,0],"ix":1},"s":{"a":0,"k":[100,100],"ix":3},"r":{"a":0,"k":0,"ix":6},"o":{"a":0,"k":100,"ix":7},"sk":{"a":0,"k":0,"ix":4},"sa":{"a":0,"k":0,"ix":5},"nm":"Transform"}],"nm":"Group 6","np":10,"cix":2,"bm":0,"ix":7,"mn":"ADBE Vector Group","hd":false},{"ty":"gr","it":[{"ind":0,"ty":"sh","ix":1,"ks":{"a":0,"k":{"i":[[-0.649,0.196],[-1.809,-2.77],[-3.065,-5.367],[3.49,-1.997],[1.992,3.487],[3.223,4.934],[-3.36,2.203]],"o":[[3.013,-0.91],[3.379,5.169],[1.992,3.487],[-3.486,2.01],[-2.921,-5.114],[-2.197,-3.358],[0.599,-0.388]],"v":[[-6.854,-14.945],[1.336,-11.958],[11.049,3.921],[8.34,13.845],[-1.584,11.136],[-10.844,-4.004],[-8.735,-14.073]],"c":true},"ix":2},"nm":"Path 1","mn":"ADBE Vector Shape - Group","hd":false},{"ty":"fl","c":{"a":0,"k":[0,0,0,1],"ix":4},"o":{"a":0,"k":100,"ix":5},"r":1,"bm":0,"nm":"Fill 1","mn":"ADBE Vector Graphic - Fill","hd":false},{"ty":"tr","p":{"a":0,"k":[572.312,154.141],"ix":2},"a":{"a":0,"k":[0,0],"ix":1},"s":{"a":0,"k":[100,100],"ix":3},"r":{"a":0,"k":0,"ix":6},"o":{"a":0,"k":100,"ix":7},"sk":{"a":0,"k":0,"ix":4},"sa":{"a":0,"k":0,"ix":5},"nm":"Transform"}],"nm":"Group 7","np":2,"cix":2,"bm":0,"ix":8,"mn":"ADBE Vector Group","hd":false}],"ip":0,"op":180.00000733155,"st":0,"bm":0},{"ddd":0,"ind":18,"ty":4,"nm":"Setting 1","sr":1,"ks":{"o":{"a":0,"k":100,"ix":11},"r":{"a":1,"k":[{"i":{"x":[0.833],"y":[0.833]},"o":{"x":[0.167],"y":[0.167]},"t":0,"s":[0]},{"t":90.0000036657751,"s":[360]}],"ix":10},"p":{"a":0,"k":[932.244,1266.123,0],"ix":2,"l":2},"a":{"a":0,"k":[470.55,470.587,0],"ix":1,"l":2},"s":{"a":0,"k":[100,100,100],"ix":6,"l":2}},"ao":0,"shapes":[{"ty":"gr","it":[{"ind":0,"ty":"sh","ix":1,"ks":{"a":0,"k":{"i":[[-43.637,13.181],[-6.728,1.311],[-2.131,0.345],[-10.578,0.008],[-0.144,0.001],[-0.41,-0.005],[-0.795,-0.014],[-0.576,-1.902],[0.01,-0.508],[2.598,0.047],[13.248,-2.584],[22.911,-58.191],[-7.132,-36.601],[-1.867,-6.174],[-36.487,-24.587],[-49.604,9.663],[19.949,102.398],[1.85,6.116],[18.536,20.608],[0.192,0.644],[-1.403,1.26],[-1.743,-1.944],[-8.411,-27.829],[-1.293,-6.626],[107.469,-20.938],[43.997,29.651],[13.184,43.625],[1.315,6.735],[-29.65,43.996]],"o":[[6.474,-1.956],[2.118,-0.414],[10.505,-1.698],[0.145,-0.001],[0.408,0.002],[0.796,0.005],[2.094,0.041],[0.141,0.462],[-0.051,2.601],[-13.386,-0.267],[-65.811,12.809],[-12.747,32.365],[1.249,6.419],[12.557,41.556],[41.909,28.244],[102.445,-19.968],[-1.229,-6.314],[-8.012,-26.508],[-0.478,-0.534],[-0.511,-1.691],[1.941,-1.735],[19.459,21.636],[1.942,6.42],[20.944,107.509],[-52.077,10.145],[-38.306,-25.811],[-1.959,-6.483],[-10.143,-52.08],[25.818,-38.312]],"v":[[-63.192,-193.275],[-43.381,-198.183],[-37.007,-199.32],[-5.301,-201.885],[-4.868,-201.887],[-3.639,-201.878],[-1.251,-201.845],[3.165,-198.503],[3.366,-197.039],[-1.439,-192.426],[-41.576,-188.934],[-181.509,-72.244],[-191.113,32.956],[-186.431,51.858],[-111.139,153.677],[30.775,182.492],[180.311,-39.399],[175.688,-58.057],[135.417,-129.633],[134.411,-131.42],[135.77,-136.285],[142.425,-135.931],[184.705,-60.786],[189.561,-41.203],[32.579,191.742],[-116.402,161.491],[-195.447,54.601],[-200.363,34.761],[-170.114,-114.225]],"c":true},"ix":2},"nm":"Path 1","mn":"ADBE Vector Shape - Group","hd":false},{"ty":"fl","c":{"a":0,"k":[0.9372549019607843,0.9372549019607843,0.9372549019607843,1],"ix":4},"o":{"a":0,"k":100,"ix":5},"r":1,"bm":0,"nm":"Fill 1","mn":"ADBE Vector Graphic - Fill","hd":false},{"ty":"tr","p":{"a":0,"k":[476.119,478.917],"ix":2},"a":{"a":0,"k":[0,0],"ix":1},"s":{"a":0,"k":[100,100],"ix":3},"r":{"a":0,"k":0,"ix":6},"o":{"a":0,"k":100,"ix":7},"sk":{"a":0,"k":0,"ix":4},"sa":{"a":0,"k":0,"ix":5},"nm":"Transform"}],"nm":"Group 1","np":2,"cix":2,"bm":0,"ix":1,"mn":"ADBE Vector Group","hd":false},{"ty":"gr","it":[{"ind":0,"ty":"sh","ix":1,"ks":{"a":0,"k":{"i":[[-12.642,3.818],[-2.803,1.317],[14.533,30.9],[30.907,-14.551],[-14.533,-30.9],[-15.566,-5.607]],"o":[[2.911,-0.879],[30.902,-14.535],[-14.537,-30.904],[-30.903,14.534],[7.044,14.973],[12.65,4.555]],"v":[[17.787,62.049],[26.364,58.757],[56.047,-23.65],[-26.362,-53.334],[-56.046,29.072],[-20.988,60.982]],"c":true},"ix":2},"nm":"Path 1","mn":"ADBE Vector Shape - Group","hd":false},{"ind":1,"ty":"sh","ix":2,"ks":{"a":0,"k":{"i":[[-3.737,1.128],[-17.25,-36.669],[40.305,-18.961],[20.296,7.312],[9.183,19.526],[-40.304,18.961]],"o":[[37.696,-11.386],[18.959,40.309],[-19.526,9.19],[-20.3,-7.31],[-18.96,-40.31],[3.634,-1.708]],"v":[[-23.309,-74.639],[73.097,-31.674],[34.383,75.808],[-27.373,78.713],[-73.096,37.096],[-34.383,-70.386]],"c":true},"ix":2},"nm":"Path 2","mn":"ADBE Vector Shape - Group","hd":false},{"ty":"mm","mm":1,"nm":"Merge Paths 1","mn":"ADBE Vector Filter - Merge","hd":false},{"ty":"fl","c":{"a":0,"k":[0.9372549019607843,0.9372549019607843,0.9372549019607843,1],"ix":4},"o":{"a":0,"k":100,"ix":5},"r":1,"bm":0,"nm":"Fill 1","mn":"ADBE Vector Graphic - Fill","hd":false},{"ty":"tr","p":{"a":0,"k":[471.553,471.493],"ix":2},"a":{"a":0,"k":[0,0],"ix":1},"s":{"a":0,"k":[100,100],"ix":3},"r":{"a":0,"k":0,"ix":6},"o":{"a":0,"k":100,"ix":7},"sk":{"a":0,"k":0,"ix":4},"sa":{"a":0,"k":0,"ix":5},"nm":"Transform"}],"nm":"Group 2","np":4,"cix":2,"bm":0,"ix":2,"mn":"ADBE Vector Group","hd":false},{"ty":"gr","it":[{"ind":0,"ty":"sh","ix":1,"ks":{"a":0,"k":{"i":[[0,0],[1.875,-1.413],[0,0],[32.176,1.213],[0,0],[2.305,-0.449],[0,0],[0.327,-2.324],[0,0],[22.942,-21.276],[0,0],[1.312,-1.947],[0,0],[-1.414,-1.875],[0,0],[1.213,-32.176],[0,0],[-0.449,-2.305],[0,0],[-2.326,-0.326],[0,0],[-21.276,-22.94],[0,0],[-1.947,-1.312],[0,0],[-1.875,1.413],[0,0],[-32.176,-1.213],[0,0],[-2.306,0.449],[0,0],[-0.327,2.326],[0,0],[-22.941,21.275],[0,0],[-1.312,1.947],[0,0],[1.413,1.876],[0,0],[-1.214,32.176],[0,0],[0.45,2.305],[0,0],[2.326,0.328],[0,0],[21.275,22.942],[0,0],[1.947,1.314]],"o":[[-1.947,-1.312],[0,0],[-29.251,-11.107],[0,0],[-1.176,-2.034],[0,0],[-2.305,0.449],[0,0],[-29.369,13.204],[0,0],[-2.269,-0.605],[0,0],[-1.313,1.949],[0,0],[-11.108,29.25],[0,0],[-2.033,1.175],[0,0],[0.449,2.304],[0,0],[13.202,29.369],[0,0],[-0.605,2.267],[0,0],[1.948,1.314],[0,0],[29.25,11.109],[0,0],[1.176,2.032],[0,0],[2.305,-0.449],[0,0],[29.369,-13.202],[0,0],[2.268,0.607],[0,0],[1.313,-1.946],[0,0],[11.109,-29.25],[0,0],[2.032,-1.174],[0,0],[-0.45,-2.305],[0,0],[-13.203,-29.368],[0,0],[0.607,-2.269],[0,0]],"v":[[163.873,-315.066],[157.484,-314.897],[103.975,-274.578],[11.317,-293.423],[-22.21,-351.379],[-28.027,-354.026],[-106.909,-338.66],[-111.307,-334.025],[-120.628,-267.721],[-199.438,-215.473],[-264.168,-232.758],[-270.152,-230.516],[-315.064,-163.873],[-314.896,-157.484],[-274.578,-103.976],[-293.422,-11.317],[-351.379,22.211],[-354.026,28.027],[-338.66,106.91],[-334.023,111.307],[-267.719,120.628],[-215.472,199.437],[-232.758,264.169],[-230.516,270.152],[-163.873,315.064],[-157.484,314.896],[-103.976,274.577],[-11.317,293.422],[22.211,351.38],[28.028,354.027],[106.91,338.66],[111.307,334.023],[120.627,267.72],[199.438,215.472],[264.168,232.757],[270.152,230.516],[315.064,163.871],[314.896,157.484],[274.578,103.975],[293.423,11.317],[351.38,-22.212],[354.026,-28.028],[338.66,-106.908],[334.022,-111.308],[267.72,-120.629],[215.473,-199.437],[232.757,-264.168],[230.516,-270.153]],"c":true},"ix":2},"nm":"Path 1","mn":"ADBE Vector Shape - Group","hd":false},{"ty":"fl","c":{"a":0,"k":[0.027450980392156862,0.8941176470588236,0.9882352941176471,1],"ix":4},"o":{"a":0,"k":100,"ix":5},"r":1,"bm":0,"nm":"Fill 1","mn":"ADBE Vector Graphic - Fill","hd":false},{"ty":"tr","p":{"a":0,"k":[471.554,474.204],"ix":2},"a":{"a":0,"k":[0,0],"ix":1},"s":{"a":0,"k":[100,100],"ix":3},"r":{"a":0,"k":0,"ix":6},"o":{"a":0,"k":100,"ix":7},"sk":{"a":0,"k":0,"ix":4},"sa":{"a":0,"k":0,"ix":5},"nm":"Transform"}],"nm":"Group 3","np":2,"cix":2,"bm":0,"ix":3,"mn":"ADBE Vector Group","hd":false},{"ty":"gr","it":[{"ind":0,"ty":"sh","ix":1,"ks":{"a":0,"k":{"i":[[-3.545,1.071],[-2.389,-0.787],[-6.029,-2.274],[2.296,-6.085],[6.091,2.298],[5.748,1.901],[-2.041,6.177]],"o":[[2.242,-0.677],[6.054,2.002],[6.088,2.294],[-2.296,6.086],[-5.727,-2.159],[-6.174,-2.038],[1.253,-3.786]],"v":[[-12.318,-15.09],[-5.226,-14.998],[12.983,-8.554],[19.849,6.62],[4.675,13.487],[-12.619,7.368],[-20.104,-7.509]],"c":true},"ix":2},"nm":"Path 1","mn":"ADBE Vector Shape - Group","hd":false},{"ty":"fl","c":{"a":0,"k":[0,0,0,1],"ix":4},"o":{"a":0,"k":100,"ix":5},"r":1,"bm":0,"nm":"Fill 1","mn":"ADBE Vector Graphic - Fill","hd":false},{"ty":"tr","p":{"a":0,"k":[623.457,38.858],"ix":2},"a":{"a":0,"k":[0,0],"ix":1},"s":{"a":0,"k":[100,100],"ix":3},"r":{"a":0,"k":0,"ix":6},"o":{"a":0,"k":100,"ix":7},"sk":{"a":0,"k":0,"ix":4},"sa":{"a":0,"k":0,"ix":5},"nm":"Transform"}],"nm":"Group 4","np":2,"cix":2,"bm":0,"ix":4,"mn":"ADBE Vector Group","hd":false},{"ty":"gr","it":[{"ind":0,"ty":"sh","ix":1,"ks":{"a":0,"k":{"i":[[-5.912,1.786],[-0.238,0.058],[-1.496,-6.329],[-2.65,-8.773],[-1.022,-3.137],[6.185,-2.013],[2.015,6.181],[1.01,3.342],[2.223,9.397]],"o":[[0.231,-0.07],[6.329,-1.498],[2.115,8.935],[0.959,3.176],[2.015,6.187],[-6.221,2.162],[-1.077,-3.304],[-2.787,-9.227],[-1.443,-6.09]],"v":[[-262.231,251.545],[-261.526,251.356],[-247.354,260.104],[-240.174,286.787],[-237.197,296.259],[-244.747,311.107],[-259.593,303.562],[-262.723,293.599],[-270.274,265.529]],"c":true},"ix":2},"nm":"Path 1","mn":"ADBE Vector Shape - Group","hd":false},{"ind":1,"ty":"sh","ix":2,"ks":{"a":0,"k":{"i":[[-4.898,1.479],[-1.133,0.015],[-0.083,-6.502],[-1.213,-12.418],[6.454,-0.632],[0.632,6.475],[0.169,13.103]],"o":[[1.032,-0.312],[6.503,-0.085],[0.162,12.446],[0.632,6.474],[-6.474,0.634],[-1.276,-13.071],[-0.069,-5.371]],"v":[[-274.629,151.366],[-271.37,150.866],[-259.442,162.49],[-257.372,199.957],[-267.95,212.821],[-280.817,202.241],[-282.995,162.798]],"c":true},"ix":2},"nm":"Path 2","mn":"ADBE Vector Shape - Group","hd":false},{"ind":2,"ty":"sh","ix":3,"ks":{"a":0,"k":{"i":[[-3.979,1.202],[-2.01,-0.426],[1.352,-6.363],[1.549,-12.358],[6.444,0.808],[-0.809,6.453],[-2.73,12.849]],"o":[[1.836,-0.555],[6.363,1.351],[-2.593,12.207],[-0.81,6.454],[-6.456,-0.808],[1.631,-13.017],[0.926,-4.356]],"v":[[-264.71,50.842],[-258.867,50.6],[-249.795,64.565],[-256.037,101.583],[-269.186,111.807],[-279.409,98.656],[-272.836,59.674]],"c":true},"ix":2},"nm":"Path 3","mn":"ADBE Vector Shape - Group","hd":false},{"ind":3,"ty":"sh","ix":4,"ks":{"a":0,"k":{"i":[[-3.123,0.943],[-2.717,-1.246],[2.71,-5.914],[4.223,-11.715],[6.127,2.211],[-2.207,6.122],[-5.474,11.943]],"o":[[2.651,-0.801],[5.912,2.707],[-5.202,11.351],[-2.207,6.116],[-6.118,-2.208],[4.447,-12.324],[1.466,-3.197]],"v":[[-232.977,-45.017],[-224.668,-44.446],[-218.869,-28.832],[-233.075,5.924],[-248.151,13.005],[-255.233,-2.072],[-240.283,-38.647]],"c":true},"ix":2},"nm":"Path 4","mn":"ADBE Vector Shape - Group","hd":false},{"ind":4,"ty":"sh","ix":5,"ks":{"a":0,"k":{"i":[[-2.3,0.695],[-3.124,-2.368],[3.933,-5.182],[6.679,-10.515],[5.5,3.491],[-3.486,5.494],[-7.937,10.457]],"o":[[3.485,-1.052],[5.182,3.933],[-7.54,9.938],[-3.48,5.496],[-5.492,-3.488],[7.028,-11.067],[1.561,-2.058]],"v":[[-181.117,-131.633],[-170.584,-129.743],[-168.322,-113.24],[-189.75,-82.415],[-206.005,-78.784],[-209.635,-95.042],[-187.084,-127.479]],"c":true},"ix":2},"nm":"Path 5","mn":"ADBE Vector Shape - Group","hd":false},{"ind":5,"ty":"sh","ix":6,"ks":{"a":0,"k":{"i":[[-1.493,0.452],[-3.128,-3.704],[4.97,-4.198],[8.827,-8.827],[4.601,4.603],[-4.599,4.599],[-10.005,8.449]],"o":[[4.36,-1.317],[4.197,4.969],[-9.503,8.022],[-4.599,4.6],[-4.597,-4.6],[9.291,-9.295],[1.266,-1.069]],"v":[[-111.644,-204.844],[-99.234,-201.166],[-100.634,-184.567],[-128.256,-159.172],[-144.914,-159.172],[-144.912,-175.825],[-115.832,-202.565]],"c":true},"ix":2},"nm":"Path 6","mn":"ADBE Vector Shape - Group","hd":false},{"ind":6,"ty":"sh","ix":7,"ks":{"a":0,"k":{"i":[[-4.433,1.339],[-1.579,-0.152],[-12.905,-2.374],[1.177,-6.397],[6.403,1.181],[12.41,1.211],[-0.633,6.472]],"o":[[1.432,-0.433],[13.066,1.278],[6.396,1.177],[-1.177,6.401],[-12.253,-2.253],[-6.474,-0.63],[0.478,-4.893]],"v":[[228.747,-310.733],[233.295,-311.176],[272.437,-305.673],[281.887,-291.96],[268.173,-282.509],[231.004,-287.731],[220.428,-300.598]],"c":true},"ix":2},"nm":"Path 7","mn":"ADBE Vector Shape - Group","hd":false},{"ind":7,"ty":"sh","ix":8,"ks":{"a":0,"k":{"i":[[-0.691,0.209],[-2.655,-5.104],[5.771,-3.003],[10.547,-6.675],[3.477,5.496],[-5.498,3.478],[-11.626,6.045]],"o":[[5.316,-1.606],[3.001,5.775],[-11.041,5.737],[-5.502,3.469],[-3.478,-5.5],[11.106,-7.026],[0.665,-0.345]],"v":[[-27.816,-261.02],[-13.973,-255.176],[-18.991,-239.29],[-51.523,-220.586],[-67.773,-224.242],[-64.116,-240.497],[-29.856,-260.192]],"c":true},"ix":2},"nm":"Path 8","mn":"ADBE Vector Shape - Group","hd":false},{"ind":8,"ty":"sh","ix":9,"ks":{"a":0,"k":{"i":[[-5.393,1.629],[-0.677,0.084],[-13.098,0.525],[-0.261,-6.496],[6.492,-0.24],[12.392,-1.542],[0.804,6.451]],"o":[[0.63,-0.19],[13.04,-1.627],[6.498,-0.262],[0.26,6.501],[-12.441,0.499],[-6.454,0.805],[-0.72,-5.781]],"v":[[127.761,-309.35],[129.724,-309.764],[169.117,-313.008],[181.357,-301.716],[170.06,-289.475],[132.636,-286.393],[119.493,-296.619]],"c":true},"ix":2},"nm":"Path 9","mn":"ADBE Vector Shape - Group","hd":false},{"ind":9,"ty":"sh","ix":10,"ks":{"a":0,"k":{"i":[[-7.402,2.236],[-5.279,1.403],[-1.67,-6.287],[6.262,-1.641],[11.665,-4.158],[2.185,6.126],[-6.128,2.183]],"o":[[5.188,-1.567],[6.287,-1.668],[1.67,6.286],[-12.183,3.238],[-6.137,2.175],[-2.185,-6.131],[7.215,-2.572]],"v":[[51.012,-293.073],[66.713,-297.528],[81.121,-289.167],[72.764,-274.758],[36.892,-263.638],[21.843,-270.777],[28.983,-285.829]],"c":true},"ix":2},"nm":"Path 10","mn":"ADBE Vector Shape - Group","hd":false},{"ty":"mm","mm":1,"nm":"Merge Paths 1","mn":"ADBE Vector Filter - Merge","hd":false},{"ty":"fl","c":{"a":0,"k":[0,0,0,1],"ix":4},"o":{"a":0,"k":100,"ix":5},"r":1,"bm":0,"nm":"Fill 1","mn":"ADBE Vector Graphic - Fill","hd":false},{"ty":"tr","p":{"a":0,"k":[283.314,313.52],"ix":2},"a":{"a":0,"k":[0,0],"ix":1},"s":{"a":0,"k":[100,100],"ix":3},"r":{"a":0,"k":0,"ix":6},"o":{"a":0,"k":100,"ix":7},"sk":{"a":0,"k":0,"ix":4},"sa":{"a":0,"k":0,"ix":5},"nm":"Transform"}],"nm":"Group 5","np":12,"cix":2,"bm":0,"ix":5,"mn":"ADBE Vector Group","hd":false},{"ty":"gr","it":[{"ind":0,"ty":"sh","ix":1,"ks":{"a":0,"k":{"i":[[-0.592,0.179],[-2.565,-5.276],[-2.893,-5.379],[5.728,-3.08],[3.08,5.726],[2.794,5.75],[-5.85,2.843]],"o":[[5.442,-1.644],[2.652,5.461],[3.081,5.73],[-5.754,3.094],[-3.044,-5.664],[-2.841,-5.851],[0.574,-0.279]],"v":[[-7.691,-19.937],[6.297,-13.805],[14.654,2.535],[9.86,18.486],[-6.092,13.693],[-14.893,-3.512],[-9.445,-19.253]],"c":true},"ix":2},"nm":"Path 1","mn":"ADBE Vector Shape - Group","hd":false},{"ty":"fl","c":{"a":0,"k":[0,0,0,1],"ix":4},"o":{"a":0,"k":100,"ix":5},"r":1,"bm":0,"nm":"Fill 1","mn":"ADBE Vector Graphic - Fill","hd":false},{"ty":"tr","p":{"a":0,"k":[62.646,680.128],"ix":2},"a":{"a":0,"k":[0,0],"ix":1},"s":{"a":0,"k":[100,100],"ix":3},"r":{"a":0,"k":0,"ix":6},"o":{"a":0,"k":100,"ix":7},"sk":{"a":0,"k":0,"ix":4},"sa":{"a":0,"k":0,"ix":5},"nm":"Transform"}],"nm":"Group 6","np":2,"cix":2,"bm":0,"ix":6,"mn":"ADBE Vector Group","hd":false},{"ty":"gr","it":[{"ind":0,"ty":"sh","ix":1,"ks":{"a":0,"k":{"i":[[-3.567,1.078],[-2.374,-0.773],[-5.883,-1.655],[1.759,-6.261],[6.264,1.77],[6.078,1.976],[-2.011,6.182]],"o":[[2.22,-0.67],[5.775,1.879],[6.261,1.756],[-1.756,6.263],[-6.188,-1.735],[-6.185,-2.01],[1.239,-3.815]],"v":[[-12.35,-14.572],[-5.315,-14.496],[12.253,-9.176],[20.409,5.345],[5.885,13.499],[-12.596,7.907],[-20.157,-6.932]],"c":true},"ix":2},"nm":"Path 1","mn":"ADBE Vector Shape - Group","hd":false},{"ty":"fl","c":{"a":0,"k":[0,0,0,1],"ix":4},"o":{"a":0,"k":100,"ix":5},"r":1,"bm":0,"nm":"Fill 1","mn":"ADBE Vector Graphic - Fill","hd":false},{"ty":"tr","p":{"a":0,"k":[338.332,910.314],"ix":2},"a":{"a":0,"k":[0,0],"ix":1},"s":{"a":0,"k":[100,100],"ix":3},"r":{"a":0,"k":0,"ix":6},"o":{"a":0,"k":100,"ix":7},"sk":{"a":0,"k":0,"ix":4},"sa":{"a":0,"k":0,"ix":5},"nm":"Transform"}],"nm":"Group 7","np":2,"cix":2,"bm":0,"ix":7,"mn":"ADBE Vector Group","hd":false},{"ty":"gr","it":[{"ind":0,"ty":"sh","ix":1,"ks":{"a":0,"k":{"i":[[-0.399,0.121],[-2.363,-5.597],[5.991,-2.536],[12.696,-4.123],[0.079,-0.024],[1.986,6.104],[-6.189,2.009],[-11.658,4.925]],"o":[[5.69,-1.719],[2.531,5.993],[-12.269,5.181],[-0.078,0.029],[-6.117,1.848],[-2.011,-6.189],[12.058,-3.922],[0.393,-0.162]],"v":[[-22.871,271.499],[-8.63,278.194],[-14.896,293.63],[-52.519,307.657],[-52.758,307.734],[-67.36,300.101],[-59.799,285.259],[-24.061,271.926]],"c":true},"ix":2},"nm":"Path 1","mn":"ADBE Vector Shape - Group","hd":false},{"ind":1,"ty":"sh","ix":2,"ks":{"a":0,"k":{"i":[[-5.249,1.586],[-0.804,0.074],[-12.488,2.239],[-1.148,-6.401],[6.415,-1.12],[13.266,-1.235],[0.601,6.475]],"o":[[0.744,-0.225],[12.608,-1.17],[6.403,-1.146],[1.145,6.402],[-13.139,2.354],[-6.477,0.601],[-0.528,-5.67]],"v":[[-160.082,305.948],[-157.757,305.491],[-119.937,300.348],[-106.264,309.862],[-115.779,323.535],[-155.574,328.948],[-168.392,318.31]],"c":true},"ix":2},"nm":"Path 2","mn":"ADBE Vector Shape - Group","hd":false},{"ind":2,"ty":"sh","ix":3,"ks":{"a":0,"k":{"i":[[-1.217,0.368],[-3.02,-4.182],[5.273,-3.808],[11.438,-6.849],[3.342,5.584],[-5.581,3.344],[-10.264,7.412]],"o":[[4.678,-1.413],[3.809,5.276],[-10.808,7.806],[-5.595,3.314],[-3.341,-5.58],[10.864,-6.501],[1.091,-0.786]],"v":[[66.506,221.207],[79.461,225.589],[76.808,242.034],[43.282,264.119],[27.125,260.065],[31.181,243.907],[63.019,222.938]],"c":true},"ix":2},"nm":"Path 3","mn":"ADBE Vector Shape - Group","hd":false},{"ind":3,"ty":"sh","ix":4,"ks":{"a":0,"k":{"i":[[-4.285,1.295],[-1.721,-0.23],[-12.669,-0.595],[0.308,-6.494],[6.499,0.306],[13.208,1.769],[-0.865,6.446]],"o":[[1.562,-0.471],[12.541,1.681],[6.497,0.305],[-0.303,6.499],[-13.344,-0.626],[-6.448,-0.863],[0.631,-4.728]],"v":[[-262.662,303.877],[-257.698,303.483],[-219.702,306.915],[-208.492,319.229],[-220.808,330.442],[-260.825,326.833],[-270.934,313.595]],"c":true},"ix":2},"nm":"Path 4","mn":"ADBE Vector Shape - Group","hd":false},{"ind":4,"ty":"sh","ix":5,"ks":{"a":0,"k":{"i":[[-2.033,0.614],[-3.174,-2.79],[4.294,-4.887],[9.624,-9.231],[4.504,4.695],[-4.692,4.503],[-8.363,9.514]],"o":[[3.768,-1.138],[4.885,4.296],[-8.801,10.012],[-4.697,4.504],[-4.502,-4.691],[9.145,-8.773],[1.506,-1.714]],"v":[[142.38,152.238],[153.573,154.663],[154.643,171.285],[126.876,200.29],[110.222,199.943],[110.567,183.291],[136.95,155.733]],"c":true},"ix":2},"nm":"Path 5","mn":"ADBE Vector Shape - Group","hd":false},{"ind":5,"ty":"sh","ix":6,"ks":{"a":0,"k":{"i":[[-2.863,0.864],[-2.879,-1.567],[3.109,-5.712],[7.35,-11.15],[5.434,3.582],[-3.578,5.435],[-6.044,11.111]],"o":[[2.909,-0.879],[5.716,3.108],[-6.36,11.691],[-3.575,5.434],[-5.431,-3.58],[6.987,-10.597],[1.542,-2.835]],"v":[[201.12,68.114],[210.153,69.043],[214.872,85.016],[194.212,119.443],[177.898,122.8],[174.543,106.482],[194.18,73.762]],"c":true},"ix":2},"nm":"Path 6","mn":"ADBE Vector Shape - Group","hd":false},{"ind":6,"ty":"sh","ix":7,"ks":{"a":0,"k":{"i":[[-3.723,1.125],[-2.24,-0.63],[1.762,-6.261],[4.696,-12.482],[6.089,2.284],[-2.289,6.089],[-3.433,12.206]],"o":[[2.075,-0.627],[6.261,1.762],[-3.617,12.843],[-2.293,6.081],[-6.087,-2.289],[4.461,-11.853],[1.134,-4.02]],"v":[[239.8,-26.939],[246.387,-26.997],[254.533,-12.468],[242.005,25.698],[226.834,32.573],[219.958,17.401],[231.857,-18.854]],"c":true},"ix":2},"nm":"Path 7","mn":"ADBE Vector Shape - Group","hd":false},{"ind":7,"ty":"sh","ix":8,"ks":{"a":0,"k":{"i":[[-4.634,1.4],[-1.385,-0.067],[0.317,-6.497],[1.794,-13.22],[6.44,0.867],[-0.874,6.445],[-0.618,12.649]],"o":[[1.254,-0.379],[6.496,0.321],[-0.649,13.317],[-0.879,6.446],[-6.445,-0.874],[1.703,-12.553],[0.249,-5.111]],"v":[[256.312,-128.22],[260.293,-128.706],[271.482,-116.366],[267.8,-76.373],[254.546,-66.285],[244.458,-79.54],[247.955,-117.516]],"c":true},"ix":2},"nm":"Path 8","mn":"ADBE Vector Shape - Group","hd":false},{"ind":8,"ty":"sh","ix":9,"ks":{"a":0,"k":{"i":[[-5.635,1.702],[-0.465,0.083],[-1.136,-6.404],[-1.203,-13.242],[6.5,-0.613],[0.588,6.474],[2.22,12.503]],"o":[[0.441,-0.133],[6.404,-1.136],[2.333,13.156],[0.589,6.479],[-6.478,0.587],[-1.145,-12.587],[-1.054,-5.939]],"v":[[249.764,-230.585],[251.125,-230.91],[264.781,-221.371],[270.111,-181.587],[259.448,-168.788],[246.654,-179.452],[241.585,-217.258]],"c":true},"ix":2},"nm":"Path 9","mn":"ADBE Vector Shape - Group","hd":false},{"ind":9,"ty":"sh","ix":10,"ks":{"a":0,"k":{"i":[[-0.393,0.118],[-2.355,-5.608],[-4.11,-12.725],[6.19,-1.999],[0.073,-0.022],[1.976,6.117],[4.894,11.652],[-5.999,2.519]],"o":[[5.698,-1.722],[5.155,12.266],[2,6.191],[-0.074,0.022],[-6.126,1.851],[-3.904,-12.09],[-2.52,-5.995],[0.385,-0.164]],"v":[[220.823,-329.026],[235.072,-322.311],[249.032,-284.647],[241.446,-269.817],[241.226,-269.751],[226.617,-277.406],[213.357,-313.185],[219.654,-328.606]],"c":true},"ix":2},"nm":"Path 10","mn":"ADBE Vector Shape - Group","hd":false},{"ty":"mm","mm":1,"nm":"Merge Paths 1","mn":"ADBE Vector Filter - Merge","hd":false},{"ty":"fl","c":{"a":0,"k":[0,0,0,1],"ix":4},"o":{"a":0,"k":100,"ix":5},"r":1,"bm":0,"nm":"Fill 1","mn":"ADBE Vector Graphic - Fill","hd":false},{"ty":"tr","p":{"a":0,"k":[669.286,610.216],"ix":2},"a":{"a":0,"k":[0,0],"ix":1},"s":{"a":0,"k":[100,100],"ix":3},"r":{"a":0,"k":0,"ix":6},"o":{"a":0,"k":100,"ix":7},"sk":{"a":0,"k":0,"ix":4},"sa":{"a":0,"k":0,"ix":5},"nm":"Transform"}],"nm":"Group 8","np":12,"cix":2,"bm":0,"ix":8,"mn":"ADBE Vector Group","hd":false}],"ip":0,"op":180.00000733155,"st":0,"bm":0},{"ddd":0,"ind":19,"ty":4,"nm":"BG","sr":1,"ks":{"o":{"a":0,"k":100,"ix":11},"r":{"a":0,"k":0,"ix":10},"p":{"a":0,"k":[1872.08,1869.563,0],"ix":2,"l":2},"a":{"a":0,"k":[1479.357,1405.119,0],"ix":1,"l":2},"s":{"a":1,"k":[{"i":{"x":[0.667,0.667,0.667],"y":[1,1,1]},"o":{"x":[0.333,0.333,0.333],"y":[0,0,0]},"t":0,"s":[100,100,100]},{"i":{"x":[0.667,0.667,0.667],"y":[1,1,1]},"o":{"x":[0.333,0.333,0.333],"y":[0,0,0]},"t":45,"s":[105,105,100]},{"t":90.0000036657751,"s":[100,100,100]}],"ix":6,"l":2}},"ao":0,"shapes":[{"ty":"gr","it":[{"ind":0,"ty":"sh","ix":1,"ks":{"a":0,"k":{"i":[[424.322,-446.713],[41.859,-30.034],[123.74,25.132],[255.357,300.295],[-299.667,472.49],[-588.494,76.927],[-300.646,-251.881]],"o":[[-55.994,58.947],[-492.048,353.05],[-182.723,-37.112],[-386.334,-454.321],[54.814,-86.427],[356.15,-46.555],[631.081,528.721]],"v":[[1028.605,954.637],[877.771,1081.634],[-320.239,1306.64],[-1111.52,897.495],[-1138.029,-745.087],[-205.179,-1388.128],[866.773,-1088.906]],"c":true},"ix":2},"nm":"Path 1","mn":"ADBE Vector Shape - Group","hd":false},{"ty":"fl","c":{"a":0,"k":[0.9372549019607843,0.9372549019607843,0.9372549019607843,1],"ix":4},"o":{"a":0,"k":100,"ix":5},"r":1,"bm":0,"nm":"Fill 1","mn":"ADBE Vector Graphic - Fill","hd":false},{"ty":"tr","p":{"a":0,"k":[1498.104,1434.933],"ix":2},"a":{"a":0,"k":[0,0],"ix":1},"s":{"a":0,"k":[100,100],"ix":3},"r":{"a":0,"k":0,"ix":6},"o":{"a":0,"k":100,"ix":7},"sk":{"a":0,"k":0,"ix":4},"sa":{"a":0,"k":0,"ix":5},"nm":"Transform"}],"nm":"Group 1","np":2,"cix":2,"bm":0,"ix":1,"mn":"ADBE Vector Group","hd":false}],"ip":0,"op":180.00000733155,"st":0,"bm":0}],"markers":[]}