{"v":"5.7.0","fr":60,"ip":0,"op":180,"w":1000,"h":1000,"nm":"Comp 1","ddd":0,"assets":[{"id":"comp_0","layers":[{"ddd":0,"ind":1,"ty":4,"nm":"3053908 Outlines","sr":1,"ks":{"o":{"a":1,"k":[{"i":{"x":[0.667],"y":[1]},"o":{"x":[0.167],"y":[0.167]},"t":110,"s":[100]},{"t":128,"s":[0]}],"ix":11},"r":{"a":1,"k":[{"i":{"x":[0.667],"y":[1]},"o":{"x":[0.333],"y":[0]},"t":71,"s":[0]},{"i":{"x":[0.667],"y":[1]},"o":{"x":[0.333],"y":[0]},"t":83,"s":[11]},{"i":{"x":[0.667],"y":[1]},"o":{"x":[0.333],"y":[0]},"t":95,"s":[-10]},{"i":{"x":[0.667],"y":[1]},"o":{"x":[0.333],"y":[0]},"t":106,"s":[11]},{"i":{"x":[0.667],"y":[1]},"o":{"x":[0.333],"y":[0]},"t":118,"s":[-10]},{"t":129,"s":[0]}],"ix":10},"p":{"a":0,"k":[1356.431,433.337,0],"ix":2},"a":{"a":0,"k":[299.276,94.792,0],"ix":1},"s":{"a":1,"k":[{"i":{"x":[0.667,0.667,0.667],"y":[1,1,1]},"o":{"x":[0.167,0.167,0.167],"y":[0.167,0.167,16.798]},"t":59,"s":[0,0,100]},{"i":{"x":[0.833,0.833,0.833],"y":[0.833,0.833,-41.39]},"o":{"x":[0.333,0.333,0.333],"y":[0,0,0]},"t":71,"s":[383.13,383.13,100]},{"i":{"x":[0.833,0.833,0.833],"y":[0.833,0.833,0.833]},"o":{"x":[0.167,0.167,0.167],"y":[0.167,0.167,0.167]},"t":83,"s":[355.13,355.13,100]},{"i":{"x":[0.667,0.667,0.667],"y":[1,1,1]},"o":{"x":[0.167,0.167,0.167],"y":[0.167,0.167,0]},"t":146,"s":[355.13,355.13,100]},{"i":{"x":[0.833,0.833,0.833],"y":[0.833,0.833,1]},"o":{"x":[0.333,0.333,0.333],"y":[0,0,0]},"t":158,"s":[383.13,383.13,100]},{"t":170,"s":[0,0,100]}],"ix":6}},"ao":0,"shapes":[{"ty":"gr","it":[{"ind":0,"ty":"sh","ix":1,"ks":{"a":0,"k":{"i":[[0,0],[0,0],[0,0],[0,0]],"o":[[0,0],[0,0],[0,0],[0,0]],"v":[[1.12,2.377],[-1.118,2.378],[-1.12,-2.378],[1.119,-2.378]],"c":true},"ix":2},"nm":"Path 1","mn":"ADBE Vector Shape - Group","hd":false},{"ty":"fl","c":{"a":0,"k":[0.921568687289,0.552941176471,0.180392156863,1],"ix":4},"o":{"a":0,"k":100,"ix":5},"r":1,"bm":0,"nm":"Fill 1","mn":"ADBE Vector Graphic - Fill","hd":false},{"ty":"tr","p":{"a":0,"k":[299.289,94.922],"ix":2},"a":{"a":0,"k":[0,0],"ix":1},"s":{"a":0,"k":[100,100],"ix":3},"r":{"a":0,"k":0,"ix":6},"o":{"a":0,"k":100,"ix":7},"sk":{"a":0,"k":0,"ix":4},"sa":{"a":0,"k":0,"ix":5},"nm":"Transform"}],"nm":"Group 2","np":2,"cix":2,"bm":0,"ix":2,"mn":"ADBE Vector Group","hd":false},{"ty":"gr","it":[{"ind":0,"ty":"sh","ix":1,"ks":{"a":0,"k":{"i":[[0,0],[-1.229,-0.514],[-0.987,0.895],[0.394,1.273]],"o":[[0.053,1.331],[1.228,0.515],[0.986,-0.896],[0,0]],"v":[[-3.641,-1.22],[-1.481,1.889],[2.25,1.249],[3.247,-2.405]],"c":false},"ix":2},"nm":"Path 1","mn":"ADBE Vector Shape - Group","hd":false},{"ty":"fl","c":{"a":0,"k":[0.921568687289,0.552941176471,0.180392156863,1],"ix":4},"o":{"a":0,"k":100,"ix":5},"r":1,"bm":0,"nm":"Fill 1","mn":"ADBE Vector Graphic - Fill","hd":false},{"ty":"tr","p":{"a":0,"k":[299.591,116.45],"ix":2},"a":{"a":0,"k":[0,0],"ix":1},"s":{"a":0,"k":[100,100],"ix":3},"r":{"a":0,"k":0,"ix":6},"o":{"a":0,"k":100,"ix":7},"sk":{"a":0,"k":0,"ix":4},"sa":{"a":0,"k":0,"ix":5},"nm":"Transform"}],"nm":"Group 3","np":2,"cix":2,"bm":0,"ix":3,"mn":"ADBE Vector Group","hd":false},{"ty":"gr","it":[{"ind":0,"ty":"sh","ix":1,"ks":{"a":0,"k":{"i":[[0,0],[0,0],[0,0],[0,0],[4.591,-0.001],[-0.001,-4.591],[0,0]],"o":[[0,0],[0,0],[0,0],[-0.002,-4.591],[-4.592,0.002],[0,0],[0,0]],"v":[[-11.408,10.177],[11.407,10.169],[8.323,6.625],[8.321,-1.865],[0.004,-10.176],[-8.307,-1.86],[-8.304,6.22]],"c":true},"ix":2},"nm":"Path 1","mn":"ADBE Vector Shape - Group","hd":false},{"ty":"fl","c":{"a":0,"k":[0.921568687289,0.552941176471,0.180392156863,1],"ix":4},"o":{"a":0,"k":100,"ix":5},"r":1,"bm":0,"nm":"Fill 1","mn":"ADBE Vector Graphic - Fill","hd":false},{"ty":"tr","p":{"a":0,"k":[299.139,106.174],"ix":2},"a":{"a":0,"k":[0,0],"ix":1},"s":{"a":0,"k":[100,100],"ix":3},"r":{"a":0,"k":0,"ix":6},"o":{"a":0,"k":100,"ix":7},"sk":{"a":0,"k":0,"ix":4},"sa":{"a":0,"k":0,"ix":5},"nm":"Transform"}],"nm":"Group 4","np":2,"cix":2,"bm":0,"ix":4,"mn":"ADBE Vector Group","hd":false}],"ip":0,"op":180,"st":0,"bm":0},{"ddd":0,"ind":2,"ty":4,"nm":"Shape Layer 1","sr":1,"ks":{"o":{"a":1,"k":[{"i":{"x":[0.667],"y":[1]},"o":{"x":[0.167],"y":[0.167]},"t":110,"s":[100]},{"t":128,"s":[0]}],"ix":11},"r":{"a":0,"k":0,"ix":10},"p":{"a":0,"k":[1239.214,582.63,0],"ix":2},"a":{"a":0,"k":[459.214,-197.37,0],"ix":1},"s":{"a":1,"k":[{"i":{"x":[0.667,0.667,0.667],"y":[1,1,1]},"o":{"x":[0.167,0.167,0.167],"y":[0.167,0.167,16.813]},"t":46,"s":[0,0,100]},{"i":{"x":[0.833,0.833,0.833],"y":[0.833,0.833,1.146]},"o":{"x":[0.333,0.333,0.333],"y":[0,0,0]},"t":59,"s":[115,115,100]},{"t":71,"s":[100,100,100]}],"ix":6}},"ao":0,"shapes":[{"ty":"gr","it":[{"ind":0,"ty":"sh","ix":1,"ks":{"a":0,"k":{"i":[[63.082,32.212],[28.995,-38.524],[0,0],[0,0],[0,0],[-51.924,4.865],[-17.685,19.841]],"o":[[-47,-24],[-51.647,68.62],[0,0],[0,0],[0,0],[48.961,-4.588],[41,-46]],"v":[[632,-414],[485.647,-385.62],[472,-250],[453,-187],[506,-212],[590.039,-187.412],[674,-238]],"c":true},"ix":2},"nm":"Path 1","mn":"ADBE Vector Shape - Group","hd":false},{"ty":"st","c":{"a":0,"k":[0.066666666667,0.066666666667,0.066666666667,1],"ix":3},"o":{"a":0,"k":100,"ix":4},"w":{"a":0,"k":3,"ix":5},"lc":1,"lj":1,"ml":4,"bm":0,"nm":"Stroke 1","mn":"ADBE Vector Graphic - Stroke","hd":false},{"ty":"tr","p":{"a":0,"k":[0,0],"ix":2},"a":{"a":0,"k":[0,0],"ix":1},"s":{"a":0,"k":[100,100],"ix":3},"r":{"a":0,"k":0,"ix":6},"o":{"a":0,"k":100,"ix":7},"sk":{"a":0,"k":0,"ix":4},"sa":{"a":0,"k":0,"ix":5},"nm":"Transform"}],"nm":"Shape 1","np":3,"cix":2,"bm":0,"ix":1,"mn":"ADBE Vector Group","hd":false}],"ip":0,"op":180,"st":0,"bm":0},{"ddd":0,"ind":3,"ty":4,"nm":"Ð³Ð¾Ð»Ð¾Ð²Ð° Outlines","parent":7,"sr":1,"ks":{"o":{"a":0,"k":100,"ix":11},"r":{"a":1,"k":[{"i":{"x":[0.667],"y":[1]},"o":{"x":[0.333],"y":[0]},"t":30,"s":[0]},{"i":{"x":[0.667],"y":[1]},"o":{"x":[0.333],"y":[0]},"t":50,"s":[12]},{"i":{"x":[0.833],"y":[1]},"o":{"x":[0.333],"y":[0]},"t":72,"s":[12]},{"i":{"x":[0.833],"y":[1]},"o":{"x":[0.167],"y":[0]},"t":90,"s":[1]},{"i":{"x":[0.833],"y":[1]},"o":{"x":[0.167],"y":[0]},"t":110,"s":[1]},{"i":{"x":[0.833],"y":[1]},"o":{"x":[0.167],"y":[0]},"t":135,"s":[12]},{"i":{"x":[0.667],"y":[1]},"o":{"x":[0.167],"y":[0]},"t":150,"s":[12]},{"t":179,"s":[0]}],"ix":10},"p":{"a":0,"k":[934.196,948.951,0],"ix":2},"a":{"a":0,"k":[934.196,948.951,0],"ix":1},"s":{"a":0,"k":[100,100,100],"ix":6}},"ao":0,"shapes":[{"ty":"gr","it":[{"ind":0,"ty":"sh","ix":1,"ks":{"a":0,"k":{"i":[[0.179,0],[0.66,-0.495],[0.142,-0.997],[-0.605,-0.806],[-0.999,-0.141],[-0.807,0.605],[-0.142,0.997],[0.606,0.805],[0.999,0.141]],"o":[[-0.812,0],[-0.806,0.605],[-0.142,0.998],[0.606,0.806],[0.998,0.144],[0.806,-0.605],[0.142,-0.998],[-0.605,-0.806],[-0.181,-0.026]],"v":[[-0.009,-3.708],[-2.268,-2.952],[-3.737,-0.467],[-3.018,2.329],[-0.531,3.798],[2.268,3.081],[3.737,0.596],[3.018,-2.2],[0.531,-3.669]],"c":true},"ix":2},"nm":"Path 1","mn":"ADBE Vector Shape - Group","hd":false},{"ind":1,"ty":"sh","ix":2,"ks":{"a":0,"k":{"i":[[1.026,0],[0.228,0.032],[0.766,1.019],[-0.179,1.261],[-1.02,0.765],[-1.263,-0.177],[-0.766,-1.019],[0.18,-1.261],[1.02,-0.765]],"o":[[-0.227,0],[-1.263,-0.18],[-0.766,-1.019],[0.18,-1.263],[1.019,-0.766],[1.262,0.18],[0.766,1.019],[-0.179,1.263],[-0.835,0.627]],"v":[[0.012,4.837],[-0.672,4.789],[-3.818,2.93],[-4.727,-0.607],[-2.867,-3.751],[0.672,-4.66],[3.818,-2.801],[4.727,0.736],[2.867,3.88]],"c":true},"ix":2},"nm":"Path 2","mn":"ADBE Vector Shape - Group","hd":false},{"ty":"mm","mm":1,"nm":"Merge Paths 1","mn":"ADBE Vector Filter - Merge","hd":false},{"ty":"fl","c":{"a":0,"k":[1,1,1,1],"ix":4},"o":{"a":0,"k":100,"ix":5},"r":1,"bm":0,"nm":"Fill 1","mn":"ADBE Vector Graphic - Fill","hd":false},{"ty":"tr","p":{"a":0,"k":[911.773,899.989],"ix":2},"a":{"a":0,"k":[0,0],"ix":1},"s":{"a":0,"k":[100,100],"ix":3},"r":{"a":0,"k":0,"ix":6},"o":{"a":0,"k":100,"ix":7},"sk":{"a":0,"k":0,"ix":4},"sa":{"a":0,"k":0,"ix":5},"nm":"Transform"}],"nm":"Group 1","np":4,"cix":2,"bm":0,"ix":1,"mn":"ADBE Vector Group","hd":false},{"ty":"gr","it":[{"ind":0,"ty":"sh","ix":1,"ks":{"a":0,"k":{"i":[[-1.996,1.327],[-0.678,-0.621],[-3.852,-0.393],[0.405,-0.859],[4.977,2.334]],"o":[[0.766,-0.509],[1.236,1.132],[0.946,0.096],[-0.893,1.89],[-6.063,-2.844]],"v":[[-4.307,-5.06],[-1.846,-4.823],[5.93,-1.292],[6.959,0.764],[-1.302,3.235]],"c":true},"ix":2},"nm":"Path 1","mn":"ADBE Vector Shape - Group","hd":false},{"ty":"fl","c":{"a":0,"k":[1,1,1,1],"ix":4},"o":{"a":0,"k":100,"ix":5},"r":1,"bm":0,"nm":"Fill 1","mn":"ADBE Vector Graphic - Fill","hd":false},{"ty":"tr","p":{"a":0,"k":[950.683,904.963],"ix":2},"a":{"a":0,"k":[0,0],"ix":1},"s":{"a":1,"k":[{"i":{"x":[0.667,0.667],"y":[1,1]},"o":{"x":[0.167,0.167],"y":[0,0.167]},"t":88,"s":[100,59.998]},{"i":{"x":[0.667,0.667],"y":[1,1]},"o":{"x":[0.333,0.333],"y":[0,0]},"t":100,"s":[100,100]},{"i":{"x":[0.833,0.833],"y":[1,0.833]},"o":{"x":[0.333,0.333],"y":[0,0]},"t":138,"s":[100,100]},{"t":151,"s":[100,59.998]}],"ix":3},"r":{"a":0,"k":0,"ix":6},"o":{"a":0,"k":100,"ix":7},"sk":{"a":0,"k":0,"ix":4},"sa":{"a":0,"k":0,"ix":5},"nm":"Transform"}],"nm":"Group 2","np":2,"cix":2,"bm":0,"ix":2,"mn":"ADBE Vector Group","hd":false},{"ty":"gr","it":[{"ind":0,"ty":"sh","ix":1,"ks":{"a":0,"k":{"i":[[3.015,0],[0.323,0.051],[0,0],[-0.043,0.273],[-0.278,-0.042],[0,0],[-0.445,2.849],[0.692,0.108],[0.637,0.872],[-0.166,1.067],[0,0],[-0.275,-0.038],[0.043,-0.273],[0,0],[-0.479,-0.656],[-0.803,-0.125],[0.192,-1.238]],"o":[[-0.317,0],[0,0],[-0.273,-0.042],[0.043,-0.272],[0,0],[2.848,0.445],[0.108,-0.693],[-1.067,-0.166],[-0.637,-0.872],[0,0],[0.043,-0.272],[0.273,0.042],[0,0],[-0.125,0.803],[0.48,0.656],[1.238,0.192],[-0.479,3.07]],"v":[[-1.434,8.508],[-2.396,8.434],[-4.45,8.114],[-4.867,7.543],[-4.296,7.125],[-2.242,7.445],[3.73,3.083],[2.669,1.632],[0.026,0.021],[-0.704,-2.985],[0.085,-8.053],[0.656,-8.47],[1.073,-7.899],[0.284,-2.831],[0.834,-0.568],[2.823,0.644],[4.718,3.238]],"c":true},"ix":2},"nm":"Path 1","mn":"ADBE Vector Shape - Group","hd":false},{"ty":"fl","c":{"a":0,"k":[0.877999997606,0.416000007181,0.294000004787,1],"ix":4},"o":{"a":0,"k":100,"ix":5},"r":1,"bm":0,"nm":"Fill 1","mn":"ADBE Vector Graphic - Fill","hd":false},{"ty":"tr","p":{"a":0,"k":[960.913,892.002],"ix":2},"a":{"a":0,"k":[0,0],"ix":1},"s":{"a":0,"k":[100,100],"ix":3},"r":{"a":0,"k":0,"ix":6},"o":{"a":0,"k":100,"ix":7},"sk":{"a":0,"k":0,"ix":4},"sa":{"a":0,"k":0,"ix":5},"nm":"Transform"}],"nm":"Group 3","np":2,"cix":2,"bm":0,"ix":3,"mn":"ADBE Vector Group","hd":false},{"ty":"gr","it":[{"ind":0,"ty":"sh","ix":1,"ks":{"a":0,"k":{"i":[[0,0],[0,0],[-1.934,-0.301],[0.15,-0.967],[3.127,0.486],[0,0]],"o":[[0,0],[-0.301,1.933],[0.966,0.151],[-0.488,3.127],[0,0],[0,0]],"v":[[0.578,-8.202],[-0.211,-3.133],[2.745,0.912],[4.223,2.936],[-2.32,7.716],[-4.374,7.396]],"c":false},"ix":2},"nm":"Path 1","mn":"ADBE Vector Shape - Group","hd":false},{"ty":"fl","c":{"a":0,"k":[1,0.642999985639,0.522000002394,1],"ix":4},"o":{"a":0,"k":100,"ix":5},"r":1,"bm":0,"nm":"Fill 1","mn":"ADBE Vector Graphic - Fill","hd":false},{"ty":"tr","p":{"a":0,"k":[960.914,892.226],"ix":2},"a":{"a":0,"k":[0,0],"ix":1},"s":{"a":0,"k":[100,100],"ix":3},"r":{"a":0,"k":0,"ix":6},"o":{"a":0,"k":100,"ix":7},"sk":{"a":0,"k":0,"ix":4},"sa":{"a":0,"k":0,"ix":5},"nm":"Transform"}],"nm":"Group 4","np":2,"cix":2,"bm":0,"ix":4,"mn":"ADBE Vector Group","hd":false},{"ty":"gr","it":[{"ind":0,"ty":"sh","ix":1,"ks":{"a":0,"k":{"i":[[0,0],[3.474,8.206],[0,0],[-23.529,-6.747]],"o":[[0,0],[-3.473,-8.206],[0,0],[0,0]],"v":[[13.891,2.441],[-10.418,-5.836],[-10.418,-5.836],[11.605,14.042]],"c":true},"ix":2},"nm":"Path 1","mn":"ADBE Vector Shape - Group","hd":false},{"ty":"fl","c":{"a":0,"k":[0.877999997606,0.416000007181,0.294000004787,1],"ix":4},"o":{"a":0,"k":100,"ix":5},"r":1,"bm":0,"nm":"Fill 1","mn":"ADBE Vector Graphic - Fill","hd":false},{"ty":"tr","p":{"a":0,"k":[941.089,925.336],"ix":2},"a":{"a":0,"k":[0,0],"ix":1},"s":{"a":0,"k":[100,100],"ix":3},"r":{"a":0,"k":0,"ix":6},"o":{"a":0,"k":100,"ix":7},"sk":{"a":0,"k":0,"ix":4},"sa":{"a":0,"k":0,"ix":5},"nm":"Transform"}],"nm":"Group 5","np":2,"cix":2,"bm":0,"ix":5,"mn":"ADBE Vector Group","hd":false},{"ty":"gr","it":[{"ind":0,"ty":"sh","ix":1,"ks":{"a":0,"k":{"i":[[0.108,0],[0.099,0.124],[0.108,-0.057],[0.132,0.241],[-0.239,0.134],[-1.053,-1.327],[0.215,-0.171]],"o":[[-0.147,0],[-0.767,-0.969],[-0.241,0.131],[-0.132,-0.241],[0.613,-0.344],[0.171,0.217],[-0.092,0.073]],"v":[[1.236,1.069],[0.843,0.88],[-0.99,0.447],[-1.667,0.249],[-1.476,-0.427],[1.628,0.258],[1.547,0.961]],"c":true},"ix":2},"nm":"Path 1","mn":"ADBE Vector Shape - Group","hd":false},{"ty":"fl","c":{"a":0,"k":[0.877999997606,0.416000007181,0.294000004787,1],"ix":4},"o":{"a":0,"k":100,"ix":5},"r":1,"bm":0,"nm":"Fill 1","mn":"ADBE Vector Graphic - Fill","hd":false},{"ty":"tr","p":{"a":0,"k":[967.086,891.387],"ix":2},"a":{"a":0,"k":[0,0],"ix":1},"s":{"a":0,"k":[100,100],"ix":3},"r":{"a":0,"k":0,"ix":6},"o":{"a":0,"k":100,"ix":7},"sk":{"a":0,"k":0,"ix":4},"sa":{"a":0,"k":0,"ix":5},"nm":"Transform"}],"nm":"Group 6","np":2,"cix":2,"bm":0,"ix":6,"mn":"ADBE Vector Group","hd":false},{"ty":"gr","it":[{"ind":0,"ty":"sh","ix":1,"ks":{"a":0,"k":{"i":[[0,0],[-1.065,-1.345]],"o":[[0,0],[0,0]],"v":[[-1.232,0.112],[1.232,0.672]],"c":false},"ix":2},"nm":"Path 1","mn":"ADBE Vector Shape - Group","hd":false},{"ty":"fl","c":{"a":0,"k":[1,0.642999985639,0.522000002394,1],"ix":4},"o":{"a":0,"k":100,"ix":5},"r":1,"bm":0,"nm":"Fill 1","mn":"ADBE Vector Graphic - Fill","hd":false},{"ty":"tr","p":{"a":0,"k":[967.088,891.283],"ix":2},"a":{"a":0,"k":[0,0],"ix":1},"s":{"a":0,"k":[100,100],"ix":3},"r":{"a":0,"k":0,"ix":6},"o":{"a":0,"k":100,"ix":7},"sk":{"a":0,"k":0,"ix":4},"sa":{"a":0,"k":0,"ix":5},"nm":"Transform"}],"nm":"Group 7","np":2,"cix":2,"bm":0,"ix":7,"mn":"ADBE Vector Group","hd":false},{"ty":"gr","it":[{"ind":0,"ty":"sh","ix":1,"ks":{"a":0,"k":{"i":[[0.125,0],[0.098,0.102],[0.079,-0.048],[0.143,0.236],[-0.237,0.143],[-1.752,-1.817],[0.199,-0.192]],"o":[[-0.131,0],[-1.64,-1.701],[-0.236,0.143],[-0.142,-0.236],[0.903,-0.547],[0.192,0.199],[-0.097,0.094]],"v":[[2.114,1.332],[1.754,1.179],[-1.837,0.625],[-2.524,0.455],[-2.354,-0.231],[2.474,0.485],[2.461,1.192]],"c":true},"ix":2},"nm":"Path 1","mn":"ADBE Vector Shape - Group","hd":false},{"ty":"fl","c":{"a":0,"k":[0.877999997606,0.416000007181,0.294000004787,1],"ix":4},"o":{"a":0,"k":100,"ix":5},"r":1,"bm":0,"nm":"Fill 1","mn":"ADBE Vector Graphic - Fill","hd":false},{"ty":"tr","p":{"a":0,"k":[950.14,890.667],"ix":2},"a":{"a":0,"k":[0,0],"ix":1},"s":{"a":0,"k":[100,100],"ix":3},"r":{"a":0,"k":0,"ix":6},"o":{"a":0,"k":100,"ix":7},"sk":{"a":0,"k":0,"ix":4},"sa":{"a":0,"k":0,"ix":5},"nm":"Transform"}],"nm":"Group 8","np":2,"cix":2,"bm":0,"ix":8,"mn":"ADBE Vector Group","hd":false},{"ty":"gr","it":[{"ind":0,"ty":"sh","ix":1,"ks":{"a":0,"k":{"i":[[0,0],[-1.937,-2.008]],"o":[[0,0],[0,0]],"v":[[-2.104,0.369],[2.104,1.004]],"c":false},"ix":2},"nm":"Path 1","mn":"ADBE Vector Shape - Group","hd":false},{"ty":"fl","c":{"a":0,"k":[1,0.642999985639,0.522000002394,1],"ix":4},"o":{"a":0,"k":100,"ix":5},"r":1,"bm":0,"nm":"Fill 1","mn":"ADBE Vector Graphic - Fill","hd":false},{"ty":"tr","p":{"a":0,"k":[950.15,890.495],"ix":2},"a":{"a":0,"k":[0,0],"ix":1},"s":{"a":0,"k":[100,100],"ix":3},"r":{"a":0,"k":0,"ix":6},"o":{"a":0,"k":100,"ix":7},"sk":{"a":0,"k":0,"ix":4},"sa":{"a":0,"k":0,"ix":5},"nm":"Transform"}],"nm":"Group 9","np":2,"cix":2,"bm":0,"ix":9,"mn":"ADBE Vector Group","hd":false},{"ty":"gr","it":[{"ind":0,"ty":"sh","ix":1,"ks":{"a":0,"k":{"i":[[0.591,-0.115],[0.679,0.209],[0.606,0.156],[0.704,0.132],[0.471,0.41],[-0.84,0.727],[-2.009,-0.514],[-0.338,-1.007]],"o":[[-0.615,0.129],[-0.681,-0.225],[-0.606,-0.157],[-0.696,-0.148],[-0.457,-0.386],[0.798,-0.712],[2.004,0.524],[0.366,1.039]],"v":[[3.676,2.526],[1.693,2.185],[-0.284,1.596],[-2.297,1.154],[-4.195,0.491],[-3.839,-1.398],[0.721,-2.142],[4.313,0.712]],"c":true},"ix":2},"nm":"Path 1","mn":"ADBE Vector Shape - Group","hd":false},{"ty":"fl","c":{"a":0,"k":[0.067000003889,0.067000003889,0.067000003889,1],"ix":4},"o":{"a":0,"k":100,"ix":5},"r":1,"bm":0,"nm":"Fill 1","mn":"ADBE Vector Graphic - Fill","hd":false},{"ty":"tr","p":{"a":1,"k":[{"i":{"x":0.667,"y":1},"o":{"x":0.167,"y":0.167},"t":42,"s":[968.817,878.126],"to":[0,0],"ti":[0,0]},{"i":{"x":0.833,"y":0.833},"o":{"x":0.333,"y":0},"t":54,"s":[969.042,880.844],"to":[0,0],"ti":[0,0]},{"i":{"x":0.833,"y":0.833},"o":{"x":0.167,"y":0.167},"t":65,"s":[968.817,878.126],"to":[0,0],"ti":[0,0]},{"i":{"x":0.667,"y":1},"o":{"x":0.167,"y":0.167},"t":120,"s":[968.817,878.126],"to":[0,0],"ti":[0,0]},{"i":{"x":0.833,"y":0.833},"o":{"x":0.333,"y":0},"t":132,"s":[969.042,880.844],"to":[0,0],"ti":[0,0]},{"t":143,"s":[968.817,878.126]}],"ix":2},"a":{"a":0,"k":[0,0],"ix":1},"s":{"a":0,"k":[100,100],"ix":3},"r":{"a":0,"k":0,"ix":6},"o":{"a":0,"k":100,"ix":7},"sk":{"a":0,"k":0,"ix":4},"sa":{"a":0,"k":0,"ix":5},"nm":"Transform"}],"nm":"Group 10","np":2,"cix":2,"bm":0,"ix":10,"mn":"ADBE Vector Group","hd":false},{"ty":"gr","it":[{"ind":0,"ty":"sh","ix":1,"ks":{"a":0,"k":{"i":[[-0.812,-0.268],[-1.024,0.118],[-0.904,0.069],[-1.038,0.018],[-0.777,0.414],[1.01,1.088],[2.999,-0.224],[0.744,-1.191]],"o":[[0.844,0.29],[1.029,-0.141],[0.906,-0.07],[1.031,-0.039],[0.752,-0.388],[-0.951,-1.061],[-2.994,0.237],[-0.795,1.227]],"v":[[-5.76,2.584],[-2.843,2.573],[0.126,2.247],[3.114,2.115],[5.992,1.681],[5.979,-0.761],[-0.326,-2.65],[-6.194,0.174]],"c":true},"ix":2},"nm":"Path 1","mn":"ADBE Vector Shape - Group","hd":false},{"ty":"fl","c":{"a":0,"k":[0.067000003889,0.067000003889,0.067000003889,1],"ix":4},"o":{"a":0,"k":100,"ix":5},"r":1,"bm":0,"nm":"Fill 1","mn":"ADBE Vector Graphic - Fill","hd":false},{"ty":"tr","p":{"a":1,"k":[{"i":{"x":0.667,"y":1},"o":{"x":0.167,"y":0.167},"t":42,"s":[947.013,876.389],"to":[0,0],"ti":[0,0]},{"i":{"x":0.833,"y":0.833},"o":{"x":0.333,"y":0},"t":54,"s":[947.238,879.107],"to":[0,0],"ti":[0,0]},{"i":{"x":0.833,"y":0.833},"o":{"x":0.167,"y":0.167},"t":65,"s":[947.013,876.389],"to":[0,0],"ti":[0,0]},{"i":{"x":0.667,"y":1},"o":{"x":0.167,"y":0.167},"t":120,"s":[947.013,876.389],"to":[0,0],"ti":[0,0]},{"i":{"x":0.833,"y":0.833},"o":{"x":0.333,"y":0},"t":132,"s":[947.238,879.107],"to":[0,0],"ti":[0,0]},{"t":143,"s":[947.013,876.389]}],"ix":2},"a":{"a":0,"k":[0,0],"ix":1},"s":{"a":0,"k":[100,100],"ix":3},"r":{"a":0,"k":0,"ix":6},"o":{"a":0,"k":100,"ix":7},"sk":{"a":0,"k":0,"ix":4},"sa":{"a":0,"k":0,"ix":5},"nm":"Transform"}],"nm":"Group 11","np":2,"cix":2,"bm":0,"ix":11,"mn":"ADBE Vector Group","hd":false},{"ty":"gr","it":[{"ind":0,"ty":"sh","ix":1,"ks":{"a":0,"k":{"i":[[0.131,-0.023],[0.096,0.053],[1.949,-1.759],[0.17,0.188],[-0.188,0.17],[-0.031,-0.017],[0.123,-0.221]],"o":[[-0.101,0.019],[-0.098,-0.054],[-0.188,0.169],[-0.17,-0.188],[2.447,-2.205],[0.219,0.123],[-0.069,0.125]],"v":[[2.533,0.961],[2.229,0.911],[-2.156,1.359],[-2.805,1.325],[-2.771,0.677],[2.677,0.109],[2.852,0.732]],"c":true},"ix":2},"nm":"Path 1","mn":"ADBE Vector Shape - Group","hd":false},{"ty":"fl","c":{"a":0,"k":[0.877999997606,0.416000007181,0.294000004787,1],"ix":4},"o":{"a":0,"k":100,"ix":5},"r":1,"bm":0,"nm":"Fill 1","mn":"ADBE Vector Graphic - Fill","hd":false},{"ty":"tr","p":{"a":0,"k":[951.758,916.637],"ix":2},"a":{"a":0,"k":[0,0],"ix":1},"s":{"a":0,"k":[100,100],"ix":3},"r":{"a":0,"k":0,"ix":6},"o":{"a":0,"k":100,"ix":7},"sk":{"a":0,"k":0,"ix":4},"sa":{"a":0,"k":0,"ix":5},"nm":"Transform"}],"nm":"Group 12","np":2,"cix":2,"bm":0,"ix":12,"mn":"ADBE Vector Group","hd":false},{"ty":"gr","it":[{"ind":0,"ty":"sh","ix":1,"ks":{"a":0,"k":{"i":[[0.206,-1.317],[1.318,0.206],[-0.206,1.317],[-1.317,-0.206]],"o":[[-0.206,1.317],[-1.317,-0.205],[0.206,-1.318],[1.318,0.205]],"v":[[2.385,0.372],[-0.373,2.385],[-2.385,-0.373],[0.372,-2.385]],"c":true},"ix":2},"nm":"Path 1","mn":"ADBE Vector Shape - Group","hd":false},{"ty":"fl","c":{"a":0,"k":[0.067000003889,0.067000003889,0.067000003889,1],"ix":4},"o":{"a":0,"k":100,"ix":5},"r":1,"bm":0,"nm":"Fill 1","mn":"ADBE Vector Graphic - Fill","hd":false},{"ty":"tr","p":{"a":0,"k":[950.73,888.539],"ix":2},"a":{"a":0,"k":[0,0],"ix":1},"s":{"a":1,"k":[{"i":{"x":[0.667,0.667],"y":[1,1]},"o":{"x":[0.167,0.167],"y":[0,0.167]},"t":42,"s":[100,100]},{"i":{"x":[0.833,0.833],"y":[1,0.833]},"o":{"x":[0.333,0.333],"y":[0,0]},"t":54,"s":[100,24.518]},{"i":{"x":[0.833,0.833],"y":[0.833,0.833]},"o":{"x":[0.167,0.167],"y":[0.167,0.167]},"t":65,"s":[100,100]},{"i":{"x":[0.667,0.667],"y":[1,1]},"o":{"x":[0.167,0.167],"y":[0,0.167]},"t":120,"s":[100,100]},{"i":{"x":[0.833,0.833],"y":[1,0.833]},"o":{"x":[0.333,0.333],"y":[0,0]},"t":132,"s":[100,24.518]},{"t":143,"s":[100,100]}],"ix":3},"r":{"a":0,"k":7.205,"ix":6},"o":{"a":0,"k":100,"ix":7},"sk":{"a":0,"k":0,"ix":4},"sa":{"a":0,"k":0,"ix":5},"nm":"Transform"}],"nm":"Group 13","np":2,"cix":2,"bm":0,"ix":13,"mn":"ADBE Vector Group","hd":false},{"ty":"gr","it":[{"ind":0,"ty":"sh","ix":1,"ks":{"a":0,"k":{"i":[[-0.121,-1.212],[1.212,-0.121],[0.12,1.213],[-1.212,0.122]],"o":[[0.12,1.212],[-1.212,0.121],[-0.121,-1.212],[1.213,-0.12]],"v":[[2.196,-0.219],[0.219,2.195],[-2.195,0.218],[-0.219,-2.196]],"c":true},"ix":2},"nm":"Path 1","mn":"ADBE Vector Shape - Group","hd":false},{"ty":"fl","c":{"a":0,"k":[0.067000003889,0.067000003889,0.067000003889,1],"ix":4},"o":{"a":0,"k":100,"ix":5},"r":1,"bm":0,"nm":"Fill 1","mn":"ADBE Vector Graphic - Fill","hd":false},{"ty":"tr","p":{"a":0,"k":[967.234,889.67],"ix":2},"a":{"a":0,"k":[0,0],"ix":1},"s":{"a":1,"k":[{"i":{"x":[0.667,0.667],"y":[1,1]},"o":{"x":[0.167,0.167],"y":[0,0.167]},"t":42,"s":[100,100]},{"i":{"x":[0.833,0.833],"y":[1,0.833]},"o":{"x":[0.333,0.333],"y":[0,0]},"t":54,"s":[100,24.518]},{"i":{"x":[0.833,0.833],"y":[0.833,0.833]},"o":{"x":[0.167,0.167],"y":[0.167,0.167]},"t":65,"s":[100,100]},{"i":{"x":[0.667,0.667],"y":[1,1]},"o":{"x":[0.167,0.167],"y":[0,0.167]},"t":120,"s":[100,100]},{"i":{"x":[0.833,0.833],"y":[1,0.833]},"o":{"x":[0.333,0.333],"y":[0,0]},"t":132,"s":[100,24.518]},{"t":143,"s":[100,100]}],"ix":3},"r":{"a":0,"k":7.205,"ix":6},"o":{"a":0,"k":100,"ix":7},"sk":{"a":0,"k":0,"ix":4},"sa":{"a":0,"k":0,"ix":5},"nm":"Transform"}],"nm":"Group 14","np":2,"cix":2,"bm":0,"ix":14,"mn":"ADBE Vector Group","hd":false},{"ty":"gr","it":[{"ind":0,"ty":"sh","ix":1,"ks":{"a":0,"k":{"i":[[0.081,0],[0.091,0.167],[-0.243,0.131],[0,0],[0,0],[-0.219,0.168],[-0.167,-0.218],[0,0],[0.031,-0.143],[0.129,-0.07],[0,0]],"o":[[-0.177,0],[-0.132,-0.243],[0,0],[0,0],[-0.167,-0.219],[0.22,-0.168],[0,0],[0.088,0.116],[-0.03,0.142],[0,0],[-0.075,0.041]],"v":[[-1.922,3.953],[-2.362,3.693],[-2.161,3.015],[1.224,1.175],[-2.03,-3.084],[-1.935,-3.785],[-1.234,-3.691],[2.372,1.031],[2.464,1.44],[2.214,1.775],[-1.685,3.893]],"c":true},"ix":2},"nm":"Path 1","mn":"ADBE Vector Shape - Group","hd":false},{"ty":"fl","c":{"a":0,"k":[0.877999997606,0.416000007181,0.294000004787,1],"ix":4},"o":{"a":0,"k":100,"ix":5},"r":1,"bm":0,"nm":"Fill 1","mn":"ADBE Vector Graphic - Fill","hd":false},{"ty":"tr","p":{"a":0,"k":[914.76,888.582],"ix":2},"a":{"a":0,"k":[0,0],"ix":1},"s":{"a":0,"k":[100,100],"ix":3},"r":{"a":0,"k":0,"ix":6},"o":{"a":0,"k":100,"ix":7},"sk":{"a":0,"k":0,"ix":4},"sa":{"a":0,"k":0,"ix":5},"nm":"Transform"}],"nm":"Group 15","np":2,"cix":2,"bm":0,"ix":15,"mn":"ADBE Vector Group","hd":false},{"ty":"gr","it":[{"ind":0,"ty":"sh","ix":1,"ks":{"a":0,"k":{"i":[[1.677,0],[0,-1.677],[-1.677,0],[0,1.676]],"o":[[-1.677,0],[0,1.676],[1.677,0],[0,-1.677]],"v":[[0,-3.041],[-3.041,0],[0,3.041],[3.041,0]],"c":true},"ix":2},"nm":"Path 1","mn":"ADBE Vector Shape - Group","hd":false},{"ind":1,"ty":"sh","ix":2,"ks":{"a":0,"k":{"i":[[2.09,0],[0,2.09],[-2.09,0],[0,-2.091]],"o":[[-2.09,0],[0,-2.091],[2.09,0],[0,2.09]],"v":[[0,3.791],[-3.791,0],[0,-3.791],[3.791,0]],"c":true},"ix":2},"nm":"Path 2","mn":"ADBE Vector Shape - Group","hd":false},{"ty":"mm","mm":1,"nm":"Merge Paths 1","mn":"ADBE Vector Filter - Merge","hd":false},{"ty":"fl","c":{"a":0,"k":[1,1,1,1],"ix":4},"o":{"a":0,"k":100,"ix":5},"r":1,"bm":0,"nm":"Fill 1","mn":"ADBE Vector Graphic - Fill","hd":false},{"ty":"tr","p":{"a":0,"k":[937.562,949.608],"ix":2},"a":{"a":0,"k":[0,0],"ix":1},"s":{"a":0,"k":[100,100],"ix":3},"r":{"a":0,"k":0,"ix":6},"o":{"a":0,"k":100,"ix":7},"sk":{"a":0,"k":0,"ix":4},"sa":{"a":0,"k":0,"ix":5},"nm":"Transform"}],"nm":"Group 16","np":4,"cix":2,"bm":0,"ix":16,"mn":"ADBE Vector Group","hd":false},{"ty":"gr","it":[{"ind":0,"ty":"sh","ix":1,"ks":{"a":0,"k":{"i":[[5.731,0],[0.141,0.16],[-0.155,0.137],[-0.137,-0.156],[-21.787,18.074],[-0.132,-0.159],[0.16,-0.132]],"o":[[-13.746,0],[-0.137,-0.155],[0.155,-0.137],[0.196,0.22],[0.16,-0.132],[0.133,0.16],[-6.577,5.456]],"v":[[2.589,0.906],[-21.322,-10.35],[-21.289,-10.879],[-20.76,-10.846],[20.798,-7.057],[21.326,-7.008],[21.277,-6.48]],"c":true},"ix":2},"nm":"Path 1","mn":"ADBE Vector Shape - Group","hd":false},{"ty":"fl","c":{"a":0,"k":[0.067000003889,0.067000003889,0.067000003889,1],"ix":4},"o":{"a":0,"k":100,"ix":5},"r":1,"bm":0,"nm":"Fill 1","mn":"ADBE Vector Graphic - Fill","hd":false},{"ty":"tr","p":{"a":0,"k":[932.056,945.904],"ix":2},"a":{"a":0,"k":[0,0],"ix":1},"s":{"a":0,"k":[100,100],"ix":3},"r":{"a":0,"k":0,"ix":6},"o":{"a":0,"k":100,"ix":7},"sk":{"a":0,"k":0,"ix":4},"sa":{"a":0,"k":0,"ix":5},"nm":"Transform"}],"nm":"Group 17","np":2,"cix":2,"bm":0,"ix":17,"mn":"ADBE Vector Group","hd":false},{"ty":"gr","it":[{"ind":0,"ty":"sh","ix":1,"ks":{"a":1,"k":[{"i":{"x":0.667,"y":1},"o":{"x":0.333,"y":0},"t":30,"s":[{"i":[[0,0],[1.121,11.734],[0,0],[0.23,-0.003],[0,0],[0,0],[0.233,0.456],[0,0],[1.199,0.196],[1.018,0.213],[2.969,1.03],[2.143,1.112],[0.295,0.161],[7.307,1.314],[0,0],[0.255,-5.652],[0,0],[-6.257,-0.283],[0,0],[0,0],[0.026,-0.177],[-16.816,-0.134],[0,0],[-0.244,1.239]],"o":[[10.629,-2.909],[0,0],[-0.297,-0.011],[-0.623,0.008],[0,0],[-0.173,0.482],[0,0],[0,0],[-1.022,-0.167],[-2.995,-0.625],[-2.282,-0.791],[-0.293,-0.152],[-4.774,7.552],[0,0],[-5.459,0.616],[0,0],[-0.282,6.257],[0,0],[0,0],[-0.036,0.184],[0,0],[15.493,0.123],[0.054,-0.02],[0,0]],"v":[[17.244,11.791],[34.06,-13.373],[31.437,-40.815],[30.63,-40.831],[27.372,-46.705],[25.695,-42.034],[24.623,-41.968],[20.56,-49.948],[18.862,-41.513],[15.802,-42.083],[6.86,-44.563],[0.227,-47.46],[-0.656,-47.932],[-20.089,-37.32],[-24.778,-38.164],[-34.886,-27.375],[-34.899,-27.116],[-24.036,-15.226],[-18.714,-14.984],[-27.39,20.64],[-27.576,22.573],[-2.928,35.481],[15.972,23.566],[15.659,19.831]],"c":true}]},{"i":{"x":0.667,"y":1},"o":{"x":0.333,"y":0},"t":50,"s":[{"i":[[0,0],[1.121,11.734],[0,0],[0.23,-0.003],[0,0],[0,0],[0.233,0.456],[0,0],[1.199,0.196],[1.018,0.213],[2.969,1.03],[2.143,1.112],[0.295,0.161],[7.307,1.314],[0,0],[0.255,-5.652],[0,0],[-6.257,-0.283],[0,0],[0,0],[0.026,-0.177],[-16.816,-0.134],[0,0],[-0.244,1.239]],"o":[[10.629,-2.909],[0,0],[-0.297,-0.011],[-0.623,0.008],[0,0],[-0.173,0.482],[0,0],[0,0],[-1.022,-0.167],[-2.995,-0.625],[-2.282,-0.791],[-0.293,-0.152],[-4.774,7.552],[0,0],[-5.459,0.616],[0,0],[-0.282,6.257],[0,0],[0,0],[-0.036,0.184],[0,0],[15.493,0.123],[0.054,-0.02],[0,0]],"v":[[17.244,11.791],[34.06,-13.373],[31.437,-40.815],[30.63,-40.831],[27.372,-46.705],[25.695,-42.034],[24.623,-41.968],[20.56,-49.948],[18.862,-41.513],[15.802,-42.083],[6.86,-44.563],[0.227,-47.46],[-0.656,-47.932],[-20.089,-37.32],[-24.778,-38.164],[-34.886,-27.375],[-34.899,-27.116],[-24.036,-15.226],[-18.714,-14.984],[-27.39,20.64],[-28.494,28.127],[-2.928,35.481],[15.972,23.566],[15.659,19.831]],"c":true}]},{"i":{"x":0.833,"y":1},"o":{"x":0.333,"y":0},"t":72,"s":[{"i":[[0,0],[1.121,11.734],[0,0],[0.23,-0.003],[0,0],[0,0],[0.233,0.456],[0,0],[1.199,0.196],[1.018,0.213],[2.969,1.03],[2.143,1.112],[0.295,0.161],[7.307,1.314],[0,0],[0.255,-5.652],[0,0],[-6.257,-0.283],[0,0],[0,0],[0.026,-0.177],[-16.816,-0.134],[0,0],[-0.244,1.239]],"o":[[10.629,-2.909],[0,0],[-0.297,-0.011],[-0.623,0.008],[0,0],[-0.173,0.482],[0,0],[0,0],[-1.022,-0.167],[-2.995,-0.625],[-2.282,-0.791],[-0.293,-0.152],[-4.774,7.552],[0,0],[-5.459,0.616],[0,0],[-0.282,6.257],[0,0],[0,0],[-0.036,0.184],[0,0],[15.493,0.123],[0.054,-0.02],[0,0]],"v":[[17.244,11.791],[34.06,-13.373],[31.437,-40.815],[30.63,-40.831],[27.372,-46.705],[25.695,-42.034],[24.623,-41.968],[20.56,-49.948],[18.862,-41.513],[15.802,-42.083],[6.86,-44.563],[0.227,-47.46],[-0.656,-47.932],[-20.089,-37.32],[-24.778,-38.164],[-34.886,-27.375],[-34.899,-27.115],[-24.036,-15.226],[-18.714,-14.984],[-27.39,20.64],[-28.494,28.127],[-2.928,35.481],[15.972,23.566],[15.659,19.831]],"c":true}]},{"i":{"x":0.833,"y":1},"o":{"x":0.167,"y":0},"t":90,"s":[{"i":[[0,0],[1.121,11.734],[0,0],[0.23,-0.003],[0,0],[0,0],[0.233,0.456],[0,0],[1.199,0.196],[1.018,0.213],[2.969,1.03],[2.143,1.112],[0.295,0.161],[7.307,1.314],[0,0],[0.255,-5.652],[0,0],[-6.257,-0.283],[0,0],[0,0],[0.026,-0.177],[-16.816,-0.134],[0,0],[-0.244,1.239]],"o":[[10.629,-2.909],[0,0],[-0.297,-0.011],[-0.623,0.008],[0,0],[-0.173,0.482],[0,0],[0,0],[-1.022,-0.167],[-2.995,-0.625],[-2.282,-0.791],[-0.293,-0.152],[-4.774,7.552],[0,0],[-5.459,0.616],[0,0],[-0.282,6.257],[0,0],[0,0],[-0.036,0.184],[0,0],[15.493,0.123],[0.054,-0.02],[0,0]],"v":[[17.244,11.791],[34.06,-13.373],[31.437,-40.815],[30.63,-40.831],[27.372,-46.705],[25.695,-42.034],[24.623,-41.968],[20.56,-49.948],[18.862,-41.513],[15.802,-42.083],[6.86,-44.563],[0.227,-47.46],[-0.656,-47.932],[-20.089,-37.32],[-24.778,-38.164],[-34.886,-27.375],[-34.899,-27.115],[-24.036,-15.226],[-18.714,-14.984],[-27.39,20.64],[-26.614,23.414],[-2.928,35.481],[15.972,23.566],[15.659,19.831]],"c":true}]},{"i":{"x":0.833,"y":1},"o":{"x":0.167,"y":0},"t":110,"s":[{"i":[[0,0],[1.121,11.734],[0,0],[0.23,-0.003],[0,0],[0,0],[0.233,0.456],[0,0],[1.199,0.196],[1.018,0.213],[2.969,1.03],[2.143,1.112],[0.295,0.161],[7.307,1.314],[0,0],[0.255,-5.652],[0,0],[-6.257,-0.283],[0,0],[0,0],[0.026,-0.177],[-16.816,-0.134],[0,0],[-0.244,1.239]],"o":[[10.629,-2.909],[0,0],[-0.297,-0.011],[-0.623,0.008],[0,0],[-0.173,0.482],[0,0],[0,0],[-1.022,-0.167],[-2.995,-0.625],[-2.282,-0.791],[-0.293,-0.152],[-4.774,7.552],[0,0],[-5.459,0.616],[0,0],[-0.282,6.257],[0,0],[0,0],[-0.036,0.184],[0,0],[15.493,0.123],[0.054,-0.02],[0,0]],"v":[[17.244,11.791],[34.06,-13.373],[31.437,-40.815],[30.63,-40.831],[27.372,-46.705],[25.695,-42.034],[24.623,-41.968],[20.56,-49.948],[18.862,-41.513],[15.802,-42.083],[6.86,-44.563],[0.227,-47.46],[-0.656,-47.932],[-20.089,-37.32],[-24.778,-38.164],[-34.886,-27.375],[-34.899,-27.115],[-24.036,-15.226],[-18.714,-14.984],[-27.39,20.64],[-26.614,23.414],[-2.928,35.481],[15.972,23.566],[15.659,19.831]],"c":true}]},{"i":{"x":0.833,"y":1},"o":{"x":0.167,"y":0},"t":135,"s":[{"i":[[0,0],[1.121,11.734],[0,0],[0.23,-0.003],[0,0],[0,0],[0.233,0.456],[0,0],[1.199,0.196],[1.018,0.213],[2.969,1.03],[2.143,1.112],[0.295,0.161],[7.307,1.314],[0,0],[0.255,-5.652],[0,0],[-6.257,-0.283],[0,0],[0,0],[0.026,-0.177],[-16.816,-0.134],[0,0],[-0.244,1.239]],"o":[[10.629,-2.909],[0,0],[-0.297,-0.011],[-0.623,0.008],[0,0],[-0.173,0.482],[0,0],[0,0],[-1.022,-0.167],[-2.995,-0.625],[-2.282,-0.791],[-0.293,-0.152],[-4.774,7.552],[0,0],[-5.459,0.616],[0,0],[-0.282,6.257],[0,0],[0,0],[-0.036,0.184],[0,0],[15.493,0.123],[0.054,-0.02],[0,0]],"v":[[17.244,11.791],[34.06,-13.373],[31.437,-40.815],[30.63,-40.831],[27.372,-46.705],[25.695,-42.034],[24.623,-41.968],[20.56,-49.948],[18.862,-41.513],[15.802,-42.083],[6.86,-44.563],[0.227,-47.46],[-0.656,-47.932],[-20.089,-37.32],[-24.778,-38.164],[-34.886,-27.375],[-34.899,-27.115],[-24.036,-15.226],[-18.714,-14.984],[-27.39,20.64],[-28.494,28.127],[-2.928,35.481],[15.972,23.566],[15.659,19.831]],"c":true}]},{"i":{"x":0.667,"y":1},"o":{"x":0.167,"y":0},"t":150,"s":[{"i":[[0,0],[1.121,11.734],[0,0],[0.23,-0.003],[0,0],[0,0],[0.233,0.456],[0,0],[1.199,0.196],[1.018,0.213],[2.969,1.03],[2.143,1.112],[0.295,0.161],[7.307,1.314],[0,0],[0.255,-5.652],[0,0],[-6.257,-0.283],[0,0],[0,0],[0.026,-0.177],[-16.816,-0.134],[0,0],[-0.244,1.239]],"o":[[10.629,-2.909],[0,0],[-0.297,-0.011],[-0.623,0.008],[0,0],[-0.173,0.482],[0,0],[0,0],[-1.022,-0.167],[-2.995,-0.625],[-2.282,-0.791],[-0.293,-0.152],[-4.774,7.552],[0,0],[-5.459,0.616],[0,0],[-0.282,6.257],[0,0],[0,0],[-0.036,0.184],[0,0],[15.493,0.123],[0.054,-0.02],[0,0]],"v":[[17.244,11.791],[34.06,-13.373],[31.437,-40.815],[30.63,-40.831],[27.372,-46.705],[25.695,-42.034],[24.623,-41.968],[20.56,-49.948],[18.862,-41.513],[15.802,-42.083],[6.86,-44.563],[0.227,-47.46],[-0.656,-47.932],[-20.089,-37.32],[-24.778,-38.164],[-34.886,-27.375],[-34.899,-27.115],[-24.036,-15.226],[-18.714,-14.984],[-27.39,20.64],[-28.494,28.127],[-2.928,35.481],[15.972,23.566],[15.659,19.831]],"c":true}]},{"t":179,"s":[{"i":[[0,0],[1.121,11.734],[0,0],[0.23,-0.003],[0,0],[0,0],[0.233,0.456],[0,0],[1.199,0.196],[1.018,0.213],[2.969,1.03],[2.143,1.112],[0.295,0.161],[7.307,1.314],[0,0],[0.255,-5.652],[0,0],[-6.257,-0.283],[0,0],[0,0],[0.026,-0.177],[-16.816,-0.134],[0,0],[-0.244,1.239]],"o":[[10.629,-2.909],[0,0],[-0.297,-0.011],[-0.623,0.008],[0,0],[-0.173,0.482],[0,0],[0,0],[-1.022,-0.167],[-2.995,-0.625],[-2.282,-0.791],[-0.293,-0.152],[-4.774,7.552],[0,0],[-5.459,0.616],[0,0],[-0.282,6.257],[0,0],[0,0],[-0.036,0.184],[0,0],[15.493,0.123],[0.054,-0.02],[0,0]],"v":[[17.244,11.791],[34.06,-13.373],[31.437,-40.815],[30.63,-40.831],[27.372,-46.705],[25.695,-42.034],[24.623,-41.968],[20.56,-49.948],[18.862,-41.513],[15.802,-42.083],[6.86,-44.563],[0.227,-47.46],[-0.656,-47.932],[-20.089,-37.32],[-24.778,-38.164],[-34.886,-27.375],[-34.899,-27.115],[-24.036,-15.226],[-18.714,-14.984],[-27.39,20.64],[-27.576,22.573],[-2.928,35.481],[15.972,23.566],[15.659,19.831]],"c":true}]}],"ix":2},"nm":"Path 1","mn":"ADBE Vector Shape - Group","hd":false},{"ty":"fl","c":{"a":0,"k":[1,0.642999985639,0.522000002394,1],"ix":4},"o":{"a":0,"k":100,"ix":5},"r":1,"bm":0,"nm":"Fill 1","mn":"ADBE Vector Graphic - Fill","hd":false},{"ty":"tr","p":{"a":0,"k":[937.785,915.736],"ix":2},"a":{"a":0,"k":[0,0],"ix":1},"s":{"a":0,"k":[100,100],"ix":3},"r":{"a":0,"k":0,"ix":6},"o":{"a":0,"k":100,"ix":7},"sk":{"a":0,"k":0,"ix":4},"sa":{"a":0,"k":0,"ix":5},"nm":"Transform"}],"nm":"Group 18","np":2,"cix":2,"bm":0,"ix":18,"mn":"ADBE Vector Group","hd":false},{"ty":"gr","it":[{"ind":0,"ty":"sh","ix":1,"ks":{"a":1,"k":[{"i":{"x":0.833,"y":0.833},"o":{"x":0.167,"y":0.167},"t":30,"s":[{"i":[[3.552,3.819],[0.79,0.907],[-0.179,2.504],[-0.329,1.807],[2.338,3.329],[0.55,3.256],[0.006,1.263],[-0.118,0.002],[-0.296,-0.011],[-0.964,0.051],[-0.942,0.078],[-0.614,0.307],[-0.067,0.065],[0.041,0.699],[0.056,0.95],[0.076,1.294],[17.644,-0.501],[6.904,-0.122],[5.608,-2.745],[0.523,1.202],[5.941,-2.586],[0.774,-3.569],[2.463,-4.543],[-9.077,-4.923],[-2.827,-0.301],[-0.087,-2.696],[2.959,-3.058],[2.659,-1.212],[-3.666,-12.279],[-1.036,-0.755],[-1.196,-0.124],[-17.841,0.109],[-13.496,-0.847],[-3.36,-0.338],[-0.28,3.497]],"o":[[-0.819,-0.88],[-1.656,-1.899],[0.13,-1.831],[0.728,-3.991],[-1.792,-2.551],[-0.21,-1.245],[0.229,0.339],[0.229,-0.003],[1.246,0.045],[0.944,-0.05],[0.694,-0.058],[0.109,-0.055],[0.372,-0.358],[-0.056,-0.951],[-0.076,-1.294],[-0.85,-14.442],[-6.164,-3.141],[-6.238,0.11],[-0.279,-1.207],[-3.465,-7.961],[-3.041,1.324],[-5.889,-0.313],[-3.785,6.977],[2.804,1.521],[-0.441,2.569],[0.127,3.946],[-1.997,2.063],[-11.929,5.44],[0.356,1.192],[0.963,0.702],[17.772,1.834],[13.515,-0.082],[3.371,0.212],[2.832,0.285],[0.4,-5.002]],"v":[[55.284,34.289],[52.721,31.749],[50.385,24.783],[51.5,19.394],[48.952,7.808],[44.788,0.284],[44.509,-3.481],[45.045,-2.935],[45.85,-2.919],[49.746,-2.794],[52.576,-2.987],[55.189,-3.237],[55.45,-3.416],[55.586,-4.993],[55.418,-7.845],[55.189,-11.728],[27.437,-36.516],[7.327,-40.97],[-10.798,-36.719],[-11.984,-40.343],[-29.016,-50.074],[-34.833,-42.291],[-48.469,-35.788],[-38.887,-14.242],[-30.324,-11.532],[-30.784,-3.687],[-33.49,7.83],[-41.106,11.984],[-55.978,43.871],[-54.094,47.06],[-50.672,48.043],[2.833,49.616],[43.375,50.319],[53.473,51.137],[59.244,49.163]],"c":true}]},{"i":{"x":0.667,"y":1},"o":{"x":0.167,"y":0.167},"t":45,"s":[{"i":[[3.552,3.819],[0.79,0.907],[-0.179,2.504],[-0.329,1.807],[2.338,3.329],[0.55,3.256],[0.006,1.263],[-0.118,0.002],[-0.296,-0.011],[-0.964,0.051],[-0.942,0.078],[-0.614,0.307],[-0.067,0.065],[0.041,0.699],[0.056,0.95],[0.076,1.294],[17.644,-0.501],[6.904,-0.122],[5.608,-2.745],[0.523,1.202],[5.941,-2.586],[0.774,-3.569],[2.463,-4.543],[-9.077,-4.923],[-3.589,0.782],[-0.087,-2.696],[2.959,-3.058],[2.659,-1.212],[-3.666,-12.279],[-1.036,-0.755],[-1.196,-0.124],[-17.841,0.109],[-13.496,-0.847],[-3.36,-0.338],[-0.28,3.497]],"o":[[-0.819,-0.88],[-1.656,-1.899],[0.13,-1.831],[0.728,-3.991],[-1.792,-2.551],[-0.21,-1.245],[0.229,0.339],[0.229,-0.003],[1.246,0.045],[0.944,-0.05],[0.694,-0.058],[0.109,-0.055],[0.372,-0.358],[-0.056,-0.951],[-0.076,-1.294],[-0.85,-14.442],[-6.164,-3.141],[-6.238,0.11],[-0.279,-1.207],[-3.465,-7.961],[-3.041,1.324],[-5.889,-0.313],[-3.785,6.977],[2.804,1.521],[-0.441,2.569],[0.127,3.946],[-1.997,2.063],[-11.929,5.44],[0.356,1.192],[0.963,0.702],[17.772,1.834],[13.515,-0.082],[3.371,0.212],[2.832,0.285],[0.4,-5.002]],"v":[[55.284,34.289],[52.721,31.749],[50.385,24.783],[51.5,19.394],[48.952,7.808],[44.788,0.284],[44.509,-3.481],[45.045,-2.935],[45.85,-2.919],[49.746,-2.794],[52.576,-2.987],[55.189,-3.237],[55.45,-3.416],[55.586,-4.993],[55.418,-7.845],[55.189,-11.728],[27.437,-36.516],[7.327,-40.97],[-10.798,-36.719],[-12.393,-41.315],[-33.665,-46.995],[-39.042,-38.14],[-52.678,-31.637],[-43.29,-11.788],[-30.324,-11.532],[-30.784,-3.687],[-33.49,7.83],[-41.106,11.984],[-55.978,43.871],[-54.094,47.06],[-50.672,48.043],[2.833,49.616],[43.375,50.319],[53.473,51.137],[59.244,49.163]],"c":true}]},{"i":{"x":0.667,"y":1},"o":{"x":0.167,"y":0},"t":64,"s":[{"i":[[3.552,3.819],[0.79,0.907],[-0.179,2.504],[-0.329,1.807],[2.338,3.329],[0.55,3.256],[0.006,1.263],[-0.118,0.002],[-0.296,-0.011],[-0.964,0.051],[-0.942,0.078],[-0.614,0.307],[-0.067,0.065],[0.041,0.699],[0.056,0.95],[0.076,1.294],[17.644,-0.501],[6.904,-0.122],[5.608,-2.745],[0.523,1.202],[5.941,-2.586],[0.774,-3.569],[2.463,-4.543],[-9.077,-4.923],[-2.827,-0.301],[-0.087,-2.696],[2.959,-3.058],[2.659,-1.212],[-3.666,-12.279],[-1.036,-0.755],[-1.196,-0.124],[-17.841,0.109],[-13.496,-0.847],[-3.36,-0.338],[-0.28,3.497]],"o":[[-0.819,-0.88],[-1.656,-1.899],[0.13,-1.831],[0.728,-3.991],[-1.792,-2.551],[-0.21,-1.245],[0.229,0.339],[0.229,-0.003],[1.246,0.045],[0.944,-0.05],[0.694,-0.058],[0.109,-0.055],[0.372,-0.358],[-0.056,-0.951],[-0.076,-1.294],[-0.85,-14.442],[-6.164,-3.141],[-6.238,0.11],[-0.279,-1.207],[-3.465,-7.961],[-3.041,1.324],[-5.889,-0.313],[-3.785,6.977],[2.804,1.521],[-0.441,2.569],[0.127,3.946],[-1.997,2.063],[-11.929,5.44],[0.356,1.192],[0.963,0.702],[17.772,1.834],[13.515,-0.082],[3.371,0.212],[2.832,0.285],[0.4,-5.002]],"v":[[55.284,34.289],[52.721,31.749],[50.385,24.783],[51.5,19.394],[48.952,7.808],[44.788,0.284],[44.509,-3.481],[45.045,-2.935],[45.85,-2.919],[49.746,-2.794],[52.576,-2.987],[55.189,-3.237],[55.45,-3.416],[55.586,-4.993],[55.418,-7.845],[55.189,-11.728],[27.437,-36.516],[7.327,-40.97],[-10.798,-36.719],[-11.984,-40.343],[-29.016,-50.074],[-34.833,-42.291],[-48.469,-35.788],[-38.887,-14.242],[-30.324,-11.532],[-30.784,-3.687],[-33.49,7.83],[-41.106,11.984],[-55.978,43.871],[-54.094,47.06],[-50.672,48.043],[2.833,49.616],[43.375,50.319],[53.473,51.137],[59.244,49.163]],"c":true}]},{"i":{"x":0.833,"y":1},"o":{"x":0.167,"y":0},"t":72,"s":[{"i":[[3.552,3.819],[0.79,0.907],[-0.179,2.504],[-0.329,1.807],[2.338,3.329],[0.55,3.256],[0.006,1.263],[-0.118,0.002],[-0.296,-0.011],[-0.964,0.051],[-0.942,0.078],[-0.614,0.307],[-0.067,0.065],[0.041,0.699],[0.056,0.95],[0.076,1.294],[17.644,-0.501],[6.904,-0.122],[5.608,-2.745],[0.523,1.202],[5.941,-2.586],[0.774,-3.569],[2.463,-4.543],[-9.077,-4.923],[-2.827,-0.301],[-0.087,-2.696],[2.959,-3.058],[2.659,-1.212],[-3.666,-12.279],[-1.036,-0.755],[-1.196,-0.124],[-17.841,0.109],[-13.496,-0.847],[-3.36,-0.338],[-0.28,3.497]],"o":[[-0.819,-0.88],[-1.656,-1.899],[0.13,-1.831],[0.728,-3.991],[-1.792,-2.551],[-0.21,-1.245],[0.229,0.339],[0.229,-0.003],[1.246,0.045],[0.944,-0.05],[0.694,-0.058],[0.109,-0.055],[0.372,-0.358],[-0.056,-0.951],[-0.076,-1.294],[-0.85,-14.442],[-6.164,-3.141],[-6.238,0.11],[-0.279,-1.207],[-3.465,-7.961],[-3.041,1.324],[-5.889,-0.313],[-3.785,6.977],[2.804,1.521],[-0.441,2.569],[0.127,3.946],[-1.997,2.063],[-11.929,5.44],[0.356,1.192],[0.963,0.702],[17.772,1.834],[13.515,-0.082],[3.371,0.212],[2.832,0.285],[0.4,-5.002]],"v":[[55.284,34.289],[52.721,31.749],[50.385,24.783],[51.5,19.394],[48.952,7.808],[44.788,0.284],[44.509,-3.481],[45.045,-2.935],[45.85,-2.919],[49.746,-2.794],[52.576,-2.987],[55.189,-3.237],[55.45,-3.416],[55.586,-4.993],[55.418,-7.845],[55.189,-11.728],[27.437,-36.516],[7.327,-40.97],[-10.798,-36.719],[-11.984,-40.343],[-29.016,-50.074],[-34.833,-42.291],[-48.469,-35.788],[-38.887,-14.242],[-30.324,-11.532],[-30.784,-3.687],[-33.49,7.83],[-41.106,11.984],[-55.978,43.871],[-54.094,47.06],[-50.672,48.043],[2.833,49.616],[43.375,50.319],[53.473,51.137],[59.244,49.163]],"c":true}]},{"i":{"x":0.667,"y":1},"o":{"x":0.167,"y":0},"t":90,"s":[{"i":[[3.552,3.819],[0.79,0.907],[-0.179,2.504],[-0.329,1.807],[2.338,3.329],[0.55,3.256],[0.006,1.263],[-0.118,0.002],[-0.296,-0.011],[-0.964,0.051],[-0.942,0.078],[-0.614,0.307],[-0.067,0.065],[0.041,0.699],[0.056,0.95],[0.076,1.294],[17.644,-0.501],[6.904,-0.122],[5.608,-2.745],[0.507,3.113],[5.941,-2.586],[0.774,-3.569],[2.463,-4.543],[-5.654,-4.253],[-2.483,-0.35],[-0.087,-2.696],[2.959,-3.058],[2.659,-1.212],[-3.666,-12.279],[-1.036,-0.755],[-1.196,-0.124],[-17.841,0.109],[-13.496,-0.847],[-3.36,-0.338],[-0.28,3.497]],"o":[[-0.819,-0.88],[-1.656,-1.899],[0.13,-1.831],[0.728,-3.991],[-1.792,-2.551],[-0.21,-1.245],[0.229,0.339],[0.229,-0.003],[1.246,0.045],[0.944,-0.05],[0.694,-0.058],[0.109,-0.055],[0.372,-0.358],[-0.056,-0.951],[-0.076,-1.294],[-0.85,-14.442],[-6.164,-3.141],[-6.238,0.11],[3.004,-2.194],[-1.396,-8.569],[-3.041,1.324],[-5.889,-0.313],[-3.785,6.977],[2.2,1.655],[-0.441,2.569],[0.127,3.946],[-1.997,2.063],[-11.929,5.44],[0.356,1.192],[0.963,0.702],[17.772,1.834],[13.515,-0.082],[3.371,0.212],[2.832,0.285],[0.4,-5.002]],"v":[[55.284,34.289],[52.721,31.749],[50.385,24.783],[51.5,19.394],[48.952,7.808],[44.788,0.284],[44.509,-3.481],[45.045,-2.935],[45.85,-2.919],[49.746,-2.794],[52.576,-2.987],[55.189,-3.237],[55.45,-3.416],[55.586,-4.993],[55.418,-7.845],[55.189,-11.728],[27.437,-36.516],[7.327,-40.97],[-10.798,-36.719],[-9.264,-42.844],[-26.296,-52.575],[-32.113,-44.792],[-45.749,-38.289],[-38.679,-14.271],[-30.324,-11.532],[-30.784,-3.687],[-33.49,7.83],[-41.106,11.984],[-55.978,43.871],[-54.094,47.06],[-50.672,48.043],[2.833,49.616],[43.375,50.319],[53.473,51.137],[59.244,49.163]],"c":true}]},{"i":{"x":0.667,"y":1},"o":{"x":0.167,"y":0},"t":105,"s":[{"i":[[3.552,3.819],[0.79,0.907],[-0.179,2.504],[-0.329,1.807],[2.338,3.329],[0.55,3.256],[0.006,1.263],[-0.118,0.002],[-0.296,-0.011],[-0.964,0.051],[-0.942,0.078],[-0.614,0.307],[-0.067,0.065],[0.041,0.699],[0.056,0.95],[0.076,1.294],[17.644,-0.501],[6.904,-0.122],[5.608,-2.745],[0.523,1.202],[5.941,-2.586],[0.774,-3.569],[2.463,-4.543],[-9.077,-4.923],[-2.827,-0.301],[-0.087,-2.696],[2.959,-3.058],[2.659,-1.212],[-3.666,-12.279],[-1.036,-0.755],[-1.196,-0.124],[-17.841,0.109],[-13.496,-0.847],[-3.36,-0.338],[-0.28,3.497]],"o":[[-0.819,-0.88],[-1.656,-1.899],[0.13,-1.831],[0.728,-3.991],[-1.792,-2.551],[-0.21,-1.245],[0.229,0.339],[0.229,-0.003],[1.246,0.045],[0.944,-0.05],[0.694,-0.058],[0.109,-0.055],[0.372,-0.358],[-0.056,-0.951],[-0.076,-1.294],[-0.85,-14.442],[-6.164,-3.141],[-6.238,0.11],[-0.279,-1.207],[-3.465,-7.961],[-3.041,1.324],[-5.889,-0.313],[-3.785,6.977],[2.804,1.521],[-0.441,2.569],[0.127,3.946],[-1.997,2.063],[-11.929,5.44],[0.356,1.192],[0.963,0.702],[17.772,1.834],[13.515,-0.082],[3.371,0.212],[2.832,0.285],[0.4,-5.002]],"v":[[55.284,34.289],[52.721,31.749],[50.385,24.783],[51.5,19.394],[48.952,7.808],[44.788,0.284],[44.509,-3.481],[45.045,-2.935],[45.85,-2.919],[49.746,-2.794],[52.576,-2.987],[55.189,-3.237],[55.45,-3.416],[55.586,-4.993],[55.418,-7.845],[55.189,-11.728],[27.437,-36.516],[7.327,-40.97],[-10.798,-36.719],[-11.984,-40.343],[-29.016,-50.074],[-34.833,-42.291],[-48.469,-35.788],[-38.887,-14.242],[-30.324,-11.532],[-30.784,-3.687],[-33.49,7.83],[-41.106,11.984],[-55.978,43.871],[-54.094,47.06],[-50.672,48.043],[2.833,49.616],[43.375,50.319],[53.473,51.137],[59.244,49.163]],"c":true}]},{"i":{"x":0.833,"y":1},"o":{"x":0.167,"y":0},"t":150,"s":[{"i":[[3.552,3.819],[0.79,0.907],[-0.179,2.504],[-0.329,1.807],[2.338,3.329],[0.55,3.256],[0.006,1.263],[-0.118,0.002],[-0.296,-0.011],[-0.964,0.051],[-0.942,0.078],[-0.614,0.307],[-0.067,0.065],[0.041,0.699],[0.056,0.95],[0.076,1.294],[17.644,-0.501],[6.904,-0.122],[5.608,-2.745],[0.523,1.202],[5.941,-2.586],[0.774,-3.569],[2.463,-4.543],[-9.077,-4.923],[-2.827,-0.301],[-0.087,-2.696],[2.959,-3.058],[2.659,-1.212],[-3.666,-12.279],[-1.036,-0.755],[-1.196,-0.124],[-17.841,0.109],[-13.496,-0.847],[-3.36,-0.338],[-0.28,3.497]],"o":[[-0.819,-0.88],[-1.656,-1.899],[0.13,-1.831],[0.728,-3.991],[-1.792,-2.551],[-0.21,-1.245],[0.229,0.339],[0.229,-0.003],[1.246,0.045],[0.944,-0.05],[0.694,-0.058],[0.109,-0.055],[0.372,-0.358],[-0.056,-0.951],[-0.076,-1.294],[-0.85,-14.442],[-6.164,-3.141],[-6.238,0.11],[-0.279,-1.207],[-3.465,-7.961],[-3.041,1.324],[-5.889,-0.313],[-3.785,6.977],[2.804,1.521],[-0.441,2.569],[0.127,3.946],[-1.997,2.063],[-11.929,5.44],[0.356,1.192],[0.963,0.702],[17.772,1.834],[13.515,-0.082],[3.371,0.212],[2.832,0.285],[0.4,-5.002]],"v":[[55.284,34.289],[52.721,31.749],[50.385,24.783],[51.5,19.394],[48.952,7.808],[44.788,0.284],[44.509,-3.481],[45.045,-2.935],[45.85,-2.919],[49.746,-2.794],[52.576,-2.987],[55.189,-3.237],[55.45,-3.416],[55.586,-4.993],[55.418,-7.845],[55.189,-11.728],[27.437,-36.516],[7.327,-40.97],[-10.798,-36.719],[-11.984,-40.343],[-29.016,-50.074],[-34.833,-42.291],[-48.469,-35.788],[-38.887,-14.242],[-30.324,-11.532],[-30.784,-3.687],[-33.49,7.83],[-41.106,11.984],[-55.978,43.871],[-54.094,47.06],[-50.672,48.043],[2.833,49.616],[43.375,50.319],[53.473,51.137],[59.244,49.163]],"c":true}]},{"i":{"x":0.667,"y":1},"o":{"x":0.167,"y":0},"t":167,"s":[{"i":[[3.552,3.819],[0.79,0.907],[-0.179,2.504],[-0.329,1.807],[2.338,3.329],[0.55,3.256],[0.006,1.263],[-0.118,0.002],[-0.296,-0.011],[-0.964,0.051],[-0.942,0.078],[-0.614,0.307],[-0.067,0.065],[0.041,0.699],[0.056,0.95],[0.076,1.294],[17.644,-0.501],[6.904,-0.122],[5.608,-2.745],[0.507,3.113],[5.941,-2.586],[0.774,-3.569],[2.463,-4.543],[-5.654,-4.253],[-2.483,-0.35],[-0.087,-2.696],[2.959,-3.058],[2.659,-1.212],[-3.666,-12.279],[-1.036,-0.755],[-1.196,-0.124],[-17.841,0.109],[-13.496,-0.847],[-3.36,-0.338],[-0.28,3.497]],"o":[[-0.819,-0.88],[-1.656,-1.899],[0.13,-1.831],[0.728,-3.991],[-1.792,-2.551],[-0.21,-1.245],[0.229,0.339],[0.229,-0.003],[1.246,0.045],[0.944,-0.05],[0.694,-0.058],[0.109,-0.055],[0.372,-0.358],[-0.056,-0.951],[-0.076,-1.294],[-0.85,-14.442],[-6.164,-3.141],[-6.238,0.11],[3.004,-2.194],[-1.396,-8.569],[-3.041,1.324],[-5.889,-0.313],[-3.785,6.977],[2.2,1.655],[-0.441,2.569],[0.127,3.946],[-1.997,2.063],[-11.929,5.44],[0.356,1.192],[0.963,0.702],[17.772,1.834],[13.515,-0.082],[3.371,0.212],[2.832,0.285],[0.4,-5.002]],"v":[[55.284,34.289],[52.721,31.749],[50.385,24.783],[51.5,19.394],[48.952,7.808],[44.788,0.284],[44.509,-3.481],[45.045,-2.935],[45.85,-2.919],[49.746,-2.794],[52.576,-2.987],[55.189,-3.237],[55.45,-3.416],[55.586,-4.993],[55.418,-7.845],[55.189,-11.728],[27.437,-36.516],[7.327,-40.97],[-10.798,-36.719],[-9.264,-42.844],[-26.296,-52.575],[-32.113,-44.792],[-45.749,-38.289],[-38.679,-14.271],[-30.324,-11.532],[-30.784,-3.687],[-33.49,7.83],[-41.106,11.984],[-55.978,43.871],[-54.094,47.06],[-50.672,48.043],[2.833,49.616],[43.375,50.319],[53.473,51.137],[59.244,49.163]],"c":true}]},{"t":179,"s":[{"i":[[3.552,3.819],[0.79,0.907],[-0.179,2.504],[-0.329,1.807],[2.338,3.329],[0.55,3.256],[0.006,1.263],[-0.118,0.002],[-0.296,-0.011],[-0.964,0.051],[-0.942,0.078],[-0.614,0.307],[-0.067,0.065],[0.041,0.699],[0.056,0.95],[0.076,1.294],[17.644,-0.501],[6.904,-0.122],[5.608,-2.745],[0.523,1.202],[5.941,-2.586],[0.774,-3.569],[2.463,-4.543],[-9.077,-4.923],[-2.827,-0.301],[-0.087,-2.696],[2.959,-3.058],[2.659,-1.212],[-3.666,-12.279],[-1.036,-0.755],[-1.196,-0.124],[-17.841,0.109],[-13.496,-0.847],[-3.36,-0.338],[-0.28,3.497]],"o":[[-0.819,-0.88],[-1.656,-1.899],[0.13,-1.831],[0.728,-3.991],[-1.792,-2.551],[-0.21,-1.245],[0.229,0.339],[0.229,-0.003],[1.246,0.045],[0.944,-0.05],[0.694,-0.058],[0.109,-0.055],[0.372,-0.358],[-0.056,-0.951],[-0.076,-1.294],[-0.85,-14.442],[-6.164,-3.141],[-6.238,0.11],[-0.279,-1.207],[-3.465,-7.961],[-3.041,1.324],[-5.889,-0.313],[-3.785,6.977],[2.804,1.521],[-0.441,2.569],[0.127,3.946],[-1.997,2.063],[-11.929,5.44],[0.356,1.192],[0.963,0.702],[17.772,1.834],[13.515,-0.082],[3.371,0.212],[2.832,0.285],[0.4,-5.002]],"v":[[55.284,34.289],[52.721,31.749],[50.385,24.783],[51.5,19.394],[48.952,7.808],[44.788,0.284],[44.509,-3.481],[45.045,-2.935],[45.85,-2.919],[49.746,-2.794],[52.576,-2.987],[55.189,-3.237],[55.45,-3.416],[55.586,-4.993],[55.418,-7.845],[55.189,-11.728],[27.437,-36.516],[7.327,-40.97],[-10.798,-36.719],[-11.984,-40.343],[-29.016,-50.074],[-34.833,-42.291],[-48.469,-35.788],[-38.887,-14.242],[-30.324,-11.532],[-30.784,-3.687],[-33.49,7.83],[-41.106,11.984],[-55.978,43.871],[-54.094,47.06],[-50.672,48.043],[2.833,49.616],[43.375,50.319],[53.473,51.137],[59.244,49.163]],"c":true}]}],"ix":2},"nm":"Path 1","mn":"ADBE Vector Shape - Group","hd":false},{"ty":"fl","c":{"a":0,"k":[0.067000003889,0.067000003889,0.067000003889,1],"ix":4},"o":{"a":0,"k":100,"ix":5},"r":1,"bm":0,"nm":"Fill 1","mn":"ADBE Vector Graphic - Fill","hd":false},{"ty":"tr","p":{"a":0,"k":[923.371,877.84],"ix":2},"a":{"a":0,"k":[0,0],"ix":1},"s":{"a":0,"k":[100,100],"ix":3},"r":{"a":0,"k":0,"ix":6},"o":{"a":0,"k":100,"ix":7},"sk":{"a":0,"k":0,"ix":4},"sa":{"a":0,"k":0,"ix":5},"nm":"Transform"}],"nm":"Group 19","np":2,"cix":2,"bm":0,"ix":19,"mn":"ADBE Vector Group","hd":false}],"ip":0,"op":180,"st":0,"bm":0},{"ddd":0,"ind":4,"ty":4,"nm":"Ð»Ð°Ð´Ð¾Ð½Ñ 1 Outlines","parent":8,"sr":1,"ks":{"o":{"a":0,"k":100,"ix":11},"r":{"a":1,"k":[{"i":{"x":[0.667],"y":[1]},"o":{"x":[0.333],"y":[0]},"t":90,"s":[0]},{"i":{"x":[0.833],"y":[1]},"o":{"x":[0.333],"y":[0]},"t":110,"s":[-15]},{"i":{"x":[0.667],"y":[1]},"o":{"x":[0.167],"y":[0]},"t":140,"s":[-15]},{"t":160,"s":[0]}],"ix":10},"p":{"a":0,"k":[1047.505,980.711,0],"ix":2},"a":{"a":0,"k":[1047.505,980.711,0],"ix":1},"s":{"a":0,"k":[100,100,100],"ix":6}},"ao":0,"shapes":[{"ty":"gr","it":[{"ind":0,"ty":"sh","ix":1,"ks":{"a":0,"k":{"i":[[-0.043,0.028],[-0.226,-0.206],[-0.012,-0.006],[0.154,-0.325],[0.325,0.152],[0.903,0.829],[-0.243,0.264]],"o":[[0.244,-0.162],[0.752,0.692],[0.326,0.151],[-0.152,0.327],[-0.057,-0.028],[-0.265,-0.244],[0.038,-0.041]],"v":[[-1.448,-1.254],[-0.648,-1.192],[1.344,0.083],[1.658,0.948],[0.793,1.264],[-1.53,-0.231],[-1.57,-1.151]],"c":true},"ix":2},"nm":"Path 1","mn":"ADBE Vector Shape - Group","hd":false},{"ty":"fl","c":{"a":0,"k":[0.877999997606,0.416000007181,0.294000004787,1],"ix":4},"o":{"a":0,"k":100,"ix":5},"r":1,"bm":0,"nm":"Fill 1","mn":"ADBE Vector Graphic - Fill","hd":false},{"ty":"tr","p":{"a":0,"k":[1042.952,966.222],"ix":2},"a":{"a":0,"k":[0,0],"ix":1},"s":{"a":0,"k":[100,100],"ix":3},"r":{"a":0,"k":0,"ix":6},"o":{"a":0,"k":100,"ix":7},"sk":{"a":0,"k":0,"ix":4},"sa":{"a":0,"k":0,"ix":5},"nm":"Transform"}],"nm":"Group 1","np":2,"cix":2,"bm":0,"ix":1,"mn":"ADBE Vector Group","hd":false},{"ty":"gr","it":[{"ind":0,"ty":"sh","ix":1,"ks":{"a":0,"k":{"i":[[-0.055,0.036],[-0.228,-0.182],[0.226,-0.282],[0.949,-1.137],[0.276,0.231],[-0.232,0.276],[-0.002,0.002]],"o":[[0.23,-0.153],[0.28,0.225],[0,0],[-0.227,0.275],[-0.277,-0.23],[0.938,-1.127],[0.044,-0.054]],"v":[[0.525,-1.642],[1.293,-1.607],[1.392,-0.69],[-0.386,1.481],[-1.303,1.564],[-1.386,0.647],[0.376,-1.507]],"c":true},"ix":2},"nm":"Path 1","mn":"ADBE Vector Shape - Group","hd":false},{"ty":"fl","c":{"a":0,"k":[0.877999997606,0.416000007181,0.294000004787,1],"ix":4},"o":{"a":0,"k":100,"ix":5},"r":1,"bm":0,"nm":"Fill 1","mn":"ADBE Vector Graphic - Fill","hd":false},{"ty":"tr","p":{"a":0,"k":[1052.88,950.672],"ix":2},"a":{"a":0,"k":[0,0],"ix":1},"s":{"a":0,"k":[100,100],"ix":3},"r":{"a":0,"k":0,"ix":6},"o":{"a":0,"k":100,"ix":7},"sk":{"a":0,"k":0,"ix":4},"sa":{"a":0,"k":0,"ix":5},"nm":"Transform"}],"nm":"Group 2","np":2,"cix":2,"bm":0,"ix":2,"mn":"ADBE Vector Group","hd":false},{"ty":"gr","it":[{"ind":0,"ty":"sh","ix":1,"ks":{"a":0,"k":{"i":[[-0.056,0.037],[-0.228,-0.182],[0.226,-0.282],[0.95,-1.139],[0.274,0.23],[-0.232,0.275],[-0.002,0.003]],"o":[[0.229,-0.152],[0.28,0.226],[0,0],[-0.233,0.281],[-0.277,-0.231],[0.939,-1.129],[0.044,-0.053]],"v":[[0.526,-1.643],[1.294,-1.608],[1.393,-0.691],[-0.387,1.482],[-1.304,1.565],[-1.387,0.648],[0.377,-1.508]],"c":true},"ix":2},"nm":"Path 1","mn":"ADBE Vector Shape - Group","hd":false},{"ty":"fl","c":{"a":0,"k":[0.877999997606,0.416000007181,0.294000004787,1],"ix":4},"o":{"a":0,"k":100,"ix":5},"r":1,"bm":0,"nm":"Fill 1","mn":"ADBE Vector Graphic - Fill","hd":false},{"ty":"tr","p":{"a":0,"k":[1047.516,958.395],"ix":2},"a":{"a":0,"k":[0,0],"ix":1},"s":{"a":0,"k":[100,100],"ix":3},"r":{"a":0,"k":0,"ix":6},"o":{"a":0,"k":100,"ix":7},"sk":{"a":0,"k":0,"ix":4},"sa":{"a":0,"k":0,"ix":5},"nm":"Transform"}],"nm":"Group 3","np":2,"cix":2,"bm":0,"ix":3,"mn":"ADBE Vector Group","hd":false},{"ty":"gr","it":[{"ind":0,"ty":"sh","ix":1,"ks":{"a":0,"k":{"i":[[-0.079,0.053],[-0.222,-0.131],[0,0],[0.183,-0.311],[0.311,0.184],[0,0],[-0.184,0.31]],"o":[[0.202,-0.133],[0,0],[0.309,0.184],[-0.185,0.31],[0,0],[-0.308,-0.183],[0.052,-0.087]],"v":[[-5.073,-3.366],[-4.382,-3.383],[5.048,2.209],[5.276,3.103],[4.382,3.33],[-5.048,-2.262],[-5.275,-3.155]],"c":true},"ix":2},"nm":"Path 1","mn":"ADBE Vector Shape - Group","hd":false},{"ty":"fl","c":{"a":0,"k":[0.877999997606,0.416000007181,0.294000004787,1],"ix":4},"o":{"a":0,"k":100,"ix":5},"r":1,"bm":0,"nm":"Fill 1","mn":"ADBE Vector Graphic - Fill","hd":false},{"ty":"tr","p":{"a":0,"k":[1047.914,947.444],"ix":2},"a":{"a":0,"k":[0,0],"ix":1},"s":{"a":0,"k":[100,100],"ix":3},"r":{"a":0,"k":0,"ix":6},"o":{"a":0,"k":100,"ix":7},"sk":{"a":0,"k":0,"ix":4},"sa":{"a":0,"k":0,"ix":5},"nm":"Transform"}],"nm":"Group 4","np":2,"cix":2,"bm":0,"ix":4,"mn":"ADBE Vector Group","hd":false},{"ty":"gr","it":[{"ind":0,"ty":"sh","ix":1,"ks":{"a":0,"k":{"i":[[-3.333,5.967],[0,0],[1.887,1.934],[0,0],[2.186,-2.366],[0,0],[0,0],[0,0],[0.29,-1.659],[-1.123,-0.999],[0,0],[0,0],[-0.213,-1.27],[-3.68,-3.244],[0,0],[-0.619,-0.695],[-4.885,-1.998]],"o":[[2.776,-4.971],[-0.051,-3.098],[0,0],[-2.251,-2.306],[0,0],[0,0],[0,0],[-1.482,-0.801],[-0.26,1.481],[0,0],[0,0],[-1.065,-0.722],[0.812,4.838],[0,0],[0,0],[0.517,0.58],[6.043,2.472]],"v":[[14.306,7.908],[17.658,-6.971],[15.321,-14.298],[4.176,-25.716],[-3.984,-25.604],[-6.255,-23.146],[3.026,-18.135],[-10.218,-25.285],[-13.82,-23.54],[-12.43,-19.549],[-0.638,-9.057],[-15.528,-19.152],[-17.793,-17.698],[-10.849,-5.204],[-4.507,-1.07],[-10.745,13.519],[-3.207,18.572]],"c":true},"ix":2},"nm":"Path 1","mn":"ADBE Vector Shape - Group","hd":false},{"ty":"fl","c":{"a":0,"k":[1,0.642999985639,0.522000002394,1],"ix":4},"o":{"a":0,"k":100,"ix":5},"r":1,"bm":0,"nm":"Fill 1","mn":"ADBE Vector Graphic - Fill","hd":false},{"ty":"tr","p":{"a":0,"k":[1048.442,967.971],"ix":2},"a":{"a":0,"k":[0,0],"ix":1},"s":{"a":0,"k":[100,100],"ix":3},"r":{"a":0,"k":0,"ix":6},"o":{"a":0,"k":100,"ix":7},"sk":{"a":0,"k":0,"ix":4},"sa":{"a":0,"k":0,"ix":5},"nm":"Transform"}],"nm":"Group 5","np":2,"cix":2,"bm":0,"ix":5,"mn":"ADBE Vector Group","hd":false},{"ty":"gr","it":[{"ind":0,"ty":"sh","ix":1,"ks":{"a":0,"k":{"i":[[0.841,0.437],[0,0],[-0.437,0.841],[0,0],[-0.842,-0.436],[0,0],[0.437,-0.841],[0,0]],"o":[[0,0],[-0.841,-0.436],[0,0],[0.436,-0.842],[0,0],[0.842,0.436],[0,0],[-0.436,0.84]],"v":[[-11.642,29.502],[-17.399,26.518],[-18.133,24.205],[9.33,-28.769],[11.643,-29.503],[17.4,-26.519],[18.132,-24.206],[-9.329,28.769]],"c":true},"ix":2},"nm":"Path 1","mn":"ADBE Vector Shape - Group","hd":false},{"ty":"fl","c":{"a":0,"k":[0.176000004189,0.195999998205,0.282000014361,1],"ix":4},"o":{"a":0,"k":100,"ix":5},"r":1,"bm":0,"nm":"Fill 1","mn":"ADBE Vector Graphic - Fill","hd":false},{"ty":"tr","p":{"a":0,"k":[1040.558,963.928],"ix":2},"a":{"a":0,"k":[0,0],"ix":1},"s":{"a":0,"k":[100,100],"ix":3},"r":{"a":0,"k":0,"ix":6},"o":{"a":0,"k":100,"ix":7},"sk":{"a":0,"k":0,"ix":4},"sa":{"a":0,"k":0,"ix":5},"nm":"Transform"}],"nm":"Group 6","np":2,"cix":2,"bm":0,"ix":6,"mn":"ADBE Vector Group","hd":false}],"ip":0,"op":180,"st":0,"bm":0},{"ddd":0,"ind":5,"ty":4,"nm":"ÑÑÐºÐ° 2 Outlines","parent":7,"sr":1,"ks":{"o":{"a":0,"k":100,"ix":11},"r":{"a":1,"k":[{"i":{"x":[0.667],"y":[1]},"o":{"x":[0.333],"y":[0]},"t":0,"s":[0]},{"i":{"x":[0.667],"y":[1]},"o":{"x":[0.333],"y":[0]},"t":20,"s":[-17]},{"i":{"x":[0.833],"y":[1]},"o":{"x":[0.333],"y":[0]},"t":30,"s":[-17]},{"i":{"x":[0.833],"y":[1]},"o":{"x":[0.167],"y":[0]},"t":41,"s":[-8]},{"i":{"x":[0.833],"y":[1]},"o":{"x":[0.167],"y":[0]},"t":51,"s":[-3]},{"i":{"x":[0.833],"y":[1]},"o":{"x":[0.167],"y":[0]},"t":61,"s":[-8]},{"i":{"x":[0.833],"y":[1]},"o":{"x":[0.167],"y":[0]},"t":70,"s":[-3]},{"i":{"x":[0.833],"y":[1]},"o":{"x":[0.167],"y":[0]},"t":80,"s":[-8]},{"i":{"x":[0.667],"y":[1]},"o":{"x":[0.167],"y":[0]},"t":160,"s":[-8]},{"t":180,"s":[0]}],"ix":10},"p":{"a":0,"k":[889.178,1009.411,0],"ix":2},"a":{"a":0,"k":[889.178,1009.411,0],"ix":1},"s":{"a":0,"k":[100,100,100],"ix":6}},"ao":0,"shapes":[{"ty":"gr","it":[{"ind":0,"ty":"sh","ix":1,"ks":{"a":0,"k":{"i":[[0.097,0],[0.097,0.143],[-0.229,0.155],[0,0],[-0.155,-0.229],[0.229,-0.155],[0,0]],"o":[[-0.16,0],[-0.154,-0.228],[0,0],[0.229,-0.153],[0.155,0.228],[0,0],[-0.086,0.058]],"v":[[-7.564,5.657],[-7.979,5.438],[-7.845,4.744],[7.285,-5.505],[7.979,-5.37],[7.845,-4.677],[-7.284,5.571]],"c":true},"ix":2},"nm":"Path 1","mn":"ADBE Vector Shape - Group","hd":false},{"ty":"fl","c":{"a":0,"k":[0.176000004189,0.195999998205,0.282000014361,1],"ix":4},"o":{"a":0,"k":100,"ix":5},"r":1,"bm":0,"nm":"Fill 1","mn":"ADBE Vector Graphic - Fill","hd":false},{"ty":"tr","p":{"a":0,"k":[909.834,1017.898],"ix":2},"a":{"a":0,"k":[0,0],"ix":1},"s":{"a":0,"k":[100,100],"ix":3},"r":{"a":0,"k":0,"ix":6},"o":{"a":0,"k":100,"ix":7},"sk":{"a":0,"k":0,"ix":4},"sa":{"a":0,"k":0,"ix":5},"nm":"Transform"}],"nm":"Group 1","np":2,"cix":2,"bm":0,"ix":1,"mn":"ADBE Vector Group","hd":false},{"ty":"gr","it":[{"ind":0,"ty":"sh","ix":1,"ks":{"a":0,"k":{"i":[[0,0],[0.002,0.274],[-0.277,0.003],[0,0],[-0.019,2.257],[0,0],[-0.278,-0.028],[0.02,-0.276],[0,0],[2.799,-0.026],[0,0]],"o":[[-0.274,0],[-0.002,-0.276],[0,0],[2.256,-0.021],[0,0],[0.02,-0.277],[0.276,0.02],[0,0],[-0.022,2.765],[0,0],[0,0]],"v":[[-9.099,11.484],[-9.599,10.99],[-9.103,10.484],[3.172,10.372],[7.298,6.241],[8.583,-10.994],[9.118,-11.456],[9.58,-10.92],[8.297,6.282],[3.18,11.372],[-9.095,11.484]],"c":true},"ix":2},"nm":"Path 1","mn":"ADBE Vector Shape - Group","hd":false},{"ty":"fl","c":{"a":0,"k":[0.067000003889,0.067000003889,0.067000003889,1],"ix":4},"o":{"a":0,"k":100,"ix":5},"r":1,"bm":0,"nm":"Fill 1","mn":"ADBE Vector Graphic - Fill","hd":false},{"ty":"tr","p":{"a":0,"k":[913.227,995.8],"ix":2},"a":{"a":0,"k":[0,0],"ix":1},"s":{"a":0,"k":[100,100],"ix":3},"r":{"a":0,"k":0,"ix":6},"o":{"a":0,"k":100,"ix":7},"sk":{"a":0,"k":0,"ix":4},"sa":{"a":0,"k":0,"ix":5},"nm":"Transform"}],"nm":"Group 2","np":2,"cix":2,"bm":0,"ix":2,"mn":"ADBE Vector Group","hd":false},{"ty":"gr","it":[{"ind":0,"ty":"sh","ix":1,"ks":{"a":0,"k":{"i":[[0.145,0],[0.093,0.077],[0,0],[-0.175,0.212],[-0.212,-0.175],[0,0],[0.176,-0.212]],"o":[[-0.112,0],[0,0],[-0.213,-0.175],[0.177,-0.213],[0,0],[0.213,0.176],[-0.099,0.12]],"v":[[5.68,5.231],[5.362,5.116],[-5.999,-4.287],[-6.066,-4.99],[-5.362,-5.056],[5.999,4.346],[6.066,5.049]],"c":true},"ix":2},"nm":"Path 1","mn":"ADBE Vector Shape - Group","hd":false},{"ty":"fl","c":{"a":0,"k":[0.176000004189,0.195999998205,0.282000014361,1],"ix":4},"o":{"a":0,"k":100,"ix":5},"r":1,"bm":0,"nm":"Fill 1","mn":"ADBE Vector Graphic - Fill","hd":false},{"ty":"tr","p":{"a":0,"k":[958.775,1023.886],"ix":2},"a":{"a":0,"k":[0,0],"ix":1},"s":{"a":0,"k":[100,100],"ix":3},"r":{"a":0,"k":0,"ix":6},"o":{"a":0,"k":100,"ix":7},"sk":{"a":0,"k":0,"ix":4},"sa":{"a":0,"k":0,"ix":5},"nm":"Transform"}],"nm":"Group 3","np":2,"cix":2,"bm":0,"ix":3,"mn":"ADBE Vector Group","hd":false},{"ty":"gr","it":[{"ind":0,"ty":"sh","ix":1,"ks":{"a":0,"k":{"i":[[0.145,0],[0.093,0.077],[0,0],[-0.175,0.212],[-0.212,-0.175],[0,0],[0.176,-0.212]],"o":[[-0.112,0],[0,0],[-0.213,-0.176],[0.178,-0.214],[0,0],[0.213,0.176],[-0.099,0.12]],"v":[[15.619,13.457],[15.301,13.342],[-15.939,-12.513],[-16.006,-13.216],[-15.301,-13.282],[15.938,12.572],[16.005,13.275]],"c":true},"ix":2},"nm":"Path 1","mn":"ADBE Vector Shape - Group","hd":false},{"ty":"fl","c":{"a":0,"k":[0.176000004189,0.195999998205,0.282000014361,1],"ix":4},"o":{"a":0,"k":100,"ix":5},"r":1,"bm":0,"nm":"Fill 1","mn":"ADBE Vector Graphic - Fill","hd":false},{"ty":"tr","p":{"a":0,"k":[953.82,1011.849],"ix":2},"a":{"a":0,"k":[0,0],"ix":1},"s":{"a":0,"k":[100,100],"ix":3},"r":{"a":0,"k":0,"ix":6},"o":{"a":0,"k":100,"ix":7},"sk":{"a":0,"k":0,"ix":4},"sa":{"a":0,"k":0,"ix":5},"nm":"Transform"}],"nm":"Group 4","np":2,"cix":2,"bm":0,"ix":4,"mn":"ADBE Vector Group","hd":false},{"ty":"gr","it":[{"ind":0,"ty":"sh","ix":1,"ks":{"a":0,"k":{"i":[[1.504,-1.002],[0,0],[0,0],[0,0],[0,0],[-17.898,15.041],[0,0],[2.275,1.845],[0,0]],"o":[[0,0],[0,0],[0,0],[0,0],[4.143,23.008],[0,0],[2.298,-1.817],[0,0],[-1.404,-1.138]],"v":[[25.223,-42.458],[-6.378,-21.406],[-6.633,-31.092],[-56.506,-31.583],[-50.943,10.521],[-1.433,28.418],[54.187,-15.531],[54.232,-22.669],[30.11,-42.229]],"c":true},"ix":2},"nm":"Path 1","mn":"ADBE Vector Shape - Group","hd":false},{"ty":"fl","c":{"a":0,"k":[0.067000003889,0.067000003889,0.067000003889,1],"ix":4},"o":{"a":0,"k":100,"ix":5},"r":1,"bm":0,"nm":"Fill 1","mn":"ADBE Vector Graphic - Fill","hd":false},{"ty":"tr","p":{"a":0,"k":[918.839,1037.503],"ix":2},"a":{"a":0,"k":[0,0],"ix":1},"s":{"a":0,"k":[100,100],"ix":3},"r":{"a":0,"k":0,"ix":6},"o":{"a":0,"k":100,"ix":7},"sk":{"a":0,"k":0,"ix":4},"sa":{"a":0,"k":0,"ix":5},"nm":"Transform"}],"nm":"Group 5","np":2,"cix":2,"bm":0,"ix":5,"mn":"ADBE Vector Group","hd":false}],"ip":0,"op":180,"st":0,"bm":0},{"ddd":0,"ind":6,"ty":4,"nm":"Ð»Ð°Ð´Ð¾Ð½Ñ 2 Outlines","parent":5,"sr":1,"ks":{"o":{"a":0,"k":100,"ix":11},"r":{"a":1,"k":[{"i":{"x":[0.667],"y":[1]},"o":{"x":[0.167],"y":[0.167]},"t":30,"s":[-18]},{"i":{"x":[0.833],"y":[0.833]},"o":{"x":[0.333],"y":[0]},"t":41,"s":[-5]},{"i":{"x":[0.833],"y":[0.833]},"o":{"x":[0.167],"y":[0.167]},"t":51,"s":[0]},{"i":{"x":[0.667],"y":[1]},"o":{"x":[0.167],"y":[0.167]},"t":61,"s":[0]},{"i":{"x":[0.833],"y":[0.833]},"o":{"x":[0.333],"y":[0]},"t":70,"s":[4]},{"i":{"x":[0.667],"y":[1]},"o":{"x":[0.167],"y":[0]},"t":80,"s":[0]},{"i":{"x":[0.667],"y":[1]},"o":{"x":[0.333],"y":[0]},"t":146,"s":[0]},{"t":160,"s":[-18]}],"ix":10},"p":{"a":0,"k":[958.465,1009.427,0],"ix":2},"a":{"a":0,"k":[958.465,1009.427,0],"ix":1},"s":{"a":0,"k":[100,100,100],"ix":6}},"ao":0,"shapes":[{"ty":"gr","it":[{"ind":0,"ty":"sh","ix":1,"ks":{"a":0,"k":{"i":[[0.109,-0.043],[0.127,0.066],[-0.122,0.242],[0,0],[-0.243,-0.121],[0.121,-0.242],[0,0]],"o":[[-0.125,0.049],[-0.242,-0.121],[0,0],[0.12,-0.24],[0.241,0.121],[0,0],[-0.057,0.112]],"v":[[-0.624,2.082],[-1.02,2.062],[-1.238,1.406],[0.365,-1.793],[1.022,-2.01],[1.239,-1.354],[-0.364,1.846]],"c":true},"ix":2},"nm":"Path 1","mn":"ADBE Vector Shape - Group","hd":false},{"ty":"fl","c":{"a":0,"k":[0.877999997606,0.416000007181,0.294000004787,1],"ix":4},"o":{"a":0,"k":100,"ix":5},"r":1,"bm":0,"nm":"Fill 1","mn":"ADBE Vector Graphic - Fill","hd":false},{"ty":"tr","p":{"a":0,"k":[997.674,995.424],"ix":2},"a":{"a":0,"k":[0,0],"ix":1},"s":{"a":0,"k":[100,100],"ix":3},"r":{"a":0,"k":0,"ix":6},"o":{"a":0,"k":100,"ix":7},"sk":{"a":0,"k":0,"ix":4},"sa":{"a":0,"k":0,"ix":5},"nm":"Transform"}],"nm":"Group 1","np":2,"cix":2,"bm":0,"ix":1,"mn":"ADBE Vector Group","hd":false},{"ty":"gr","it":[{"ind":0,"ty":"sh","ix":1,"ks":{"a":0,"k":{"i":[[0,0],[0,0]],"o":[[0,0],[0,0]],"v":[[0.802,-1.599],[-0.802,1.599]],"c":false},"ix":2},"nm":"Path 1","mn":"ADBE Vector Shape - Group","hd":false},{"ty":"fl","c":{"a":0,"k":[0.752999997606,0.39199999641,0.294000004787,1],"ix":4},"o":{"a":0,"k":100,"ix":5},"r":1,"bm":0,"nm":"Fill 1","mn":"ADBE Vector Graphic - Fill","hd":false},{"ty":"tr","p":{"a":0,"k":[997.675,995.451],"ix":2},"a":{"a":0,"k":[0,0],"ix":1},"s":{"a":0,"k":[100,100],"ix":3},"r":{"a":0,"k":0,"ix":6},"o":{"a":0,"k":100,"ix":7},"sk":{"a":0,"k":0,"ix":4},"sa":{"a":0,"k":0,"ix":5},"nm":"Transform"}],"nm":"Group 2","np":2,"cix":2,"bm":0,"ix":2,"mn":"ADBE Vector Group","hd":false},{"ty":"gr","it":[{"ind":0,"ty":"sh","ix":1,"ks":{"a":0,"k":{"i":[[0.186,-0.072],[0.061,-0.001],[0,0],[0.004,0.27],[-0.272,0.005],[0,0],[-0.005,-0.269]],"o":[[-0.053,0.021],[0,0],[-0.27,0.003],[-0.005,-0.271],[0,0],[0.271,-0.005],[0.002,0.211]],"v":[[6.286,0.359],[6.115,0.392],[-6.098,0.587],[-6.594,0.105],[-6.114,-0.392],[6.099,-0.585],[6.597,-0.105]],"c":true},"ix":2},"nm":"Path 1","mn":"ADBE Vector Shape - Group","hd":false},{"ty":"fl","c":{"a":0,"k":[0.877999997606,0.416000007181,0.294000004787,1],"ix":4},"o":{"a":0,"k":100,"ix":5},"r":1,"bm":0,"nm":"Fill 1","mn":"ADBE Vector Graphic - Fill","hd":false},{"ty":"tr","p":{"a":0,"k":[999.813,985.938],"ix":2},"a":{"a":0,"k":[0,0],"ix":1},"s":{"a":0,"k":[100,100],"ix":3},"r":{"a":0,"k":0,"ix":6},"o":{"a":0,"k":100,"ix":7},"sk":{"a":0,"k":0,"ix":4},"sa":{"a":0,"k":0,"ix":5},"nm":"Transform"}],"nm":"Group 3","np":2,"cix":2,"bm":0,"ix":3,"mn":"ADBE Vector Group","hd":false},{"ty":"gr","it":[{"ind":0,"ty":"sh","ix":1,"ks":{"a":0,"k":{"i":[[0,0],[0,0]],"o":[[0,0],[0,0]],"v":[[-6.107,0.096],[6.107,-0.096]],"c":false},"ix":2},"nm":"Path 1","mn":"ADBE Vector Shape - Group","hd":false},{"ty":"fl","c":{"a":0,"k":[0.752999997606,0.39199999641,0.294000004787,1],"ix":4},"o":{"a":0,"k":100,"ix":5},"r":1,"bm":0,"nm":"Fill 1","mn":"ADBE Vector Graphic - Fill","hd":false},{"ty":"tr","p":{"a":0,"k":[999.814,985.938],"ix":2},"a":{"a":0,"k":[0,0],"ix":1},"s":{"a":0,"k":[100,100],"ix":3},"r":{"a":0,"k":0,"ix":6},"o":{"a":0,"k":100,"ix":7},"sk":{"a":0,"k":0,"ix":4},"sa":{"a":0,"k":0,"ix":5},"nm":"Transform"}],"nm":"Group 4","np":2,"cix":2,"bm":0,"ix":4,"mn":"ADBE Vector Group","hd":false},{"ty":"gr","it":[{"ind":0,"ty":"sh","ix":1,"ks":{"a":0,"k":{"i":[[0.175,-0.068],[0.071,0.003],[0,0],[-0.012,0.27],[-0.269,-0.009],[0,0],[0.011,-0.269]],"o":[[-0.062,0.023],[0,0],[-0.269,-0.013],[0.012,-0.27],[0,0],[0.269,0.012],[-0.009,0.201]],"v":[[5.172,0.678],[4.973,0.711],[-5.016,0.273],[-5.483,-0.237],[-4.973,-0.706],[5.017,-0.266],[5.484,0.243]],"c":true},"ix":2},"nm":"Path 1","mn":"ADBE Vector Shape - Group","hd":false},{"ty":"fl","c":{"a":0,"k":[0.877999997606,0.416000007181,0.294000004787,1],"ix":4},"o":{"a":0,"k":100,"ix":5},"r":1,"bm":0,"nm":"Fill 1","mn":"ADBE Vector Graphic - Fill","hd":false},{"ty":"tr","p":{"a":0,"k":[995.886,979.157],"ix":2},"a":{"a":0,"k":[0,0],"ix":1},"s":{"a":0,"k":[100,100],"ix":3},"r":{"a":0,"k":0,"ix":6},"o":{"a":0,"k":100,"ix":7},"sk":{"a":0,"k":0,"ix":4},"sa":{"a":0,"k":0,"ix":5},"nm":"Transform"}],"nm":"Group 5","np":2,"cix":2,"bm":0,"ix":5,"mn":"ADBE Vector Group","hd":false},{"ty":"gr","it":[{"ind":0,"ty":"sh","ix":1,"ks":{"a":0,"k":{"i":[[0,0],[0,0]],"o":[[0,0],[0,0]],"v":[[-4.994,-0.219],[4.994,0.219]],"c":false},"ix":2},"nm":"Path 1","mn":"ADBE Vector Shape - Group","hd":false},{"ty":"fl","c":{"a":0,"k":[0.752999997606,0.39199999641,0.294000004787,1],"ix":4},"o":{"a":0,"k":100,"ix":5},"r":1,"bm":0,"nm":"Fill 1","mn":"ADBE Vector Graphic - Fill","hd":false},{"ty":"tr","p":{"a":0,"k":[995.886,979.16],"ix":2},"a":{"a":0,"k":[0,0],"ix":1},"s":{"a":0,"k":[100,100],"ix":3},"r":{"a":0,"k":0,"ix":6},"o":{"a":0,"k":100,"ix":7},"sk":{"a":0,"k":0,"ix":4},"sa":{"a":0,"k":0,"ix":5},"nm":"Transform"}],"nm":"Group 6","np":2,"cix":2,"bm":0,"ix":6,"mn":"ADBE Vector Group","hd":false},{"ty":"gr","it":[{"ind":0,"ty":"sh","ix":1,"ks":{"a":0,"k":{"i":[[0,0],[0,0],[-4.863,1.87],[0,0],[-2.368,-0.507],[0,0],[0.344,-0.625],[0.01,-0.016],[1.876,-0.064],[0,0],[0,0],[-0.482,-1.793],[0,0],[0,0],[0.858,-1.719],[0,0],[0.974,0.585],[-1.126,2.57],[0,0],[0,0],[2.321,-0.785],[0,0],[0,0]],"o":[[0,0],[3.116,-4.174],[0,0],[2.26,-0.869],[0,0],[0.713,0.023],[-0.009,0.016],[-0.897,1.648],[0,0],[0,0],[1.828,0.332],[0,0],[0,0],[1.19,1.507],[0,0],[-0.508,1.018],[-2.409,-1.441],[0,0],[0,0],[-1.708,1.757],[0,0],[0,0],[0,0]],"v":[[-37.617,4.015],[-27.839,-9.086],[-15.627,-18.337],[0.125,-24.391],[7.218,-24.948],[36.469,-24.043],[37.273,-22.631],[37.246,-22.582],[32.756,-19.833],[18.931,-19.359],[19.598,-19.238],[23.381,-15.756],[24.234,-12.571],[25.101,-11.471],[25.645,-6.185],[17.34,10.453],[14.591,11.256],[12.348,4.237],[14.799,-1.352],[4.414,9.328],[-1.717,13.196],[-9.219,15.734],[-27.094,25.455]],"c":true},"ix":2},"nm":"Path 1","mn":"ADBE Vector Shape - Group","hd":false},{"ty":"fl","c":{"a":0,"k":[1,0.642999985639,0.522000002394,1],"ix":4},"o":{"a":0,"k":100,"ix":5},"r":1,"bm":0,"nm":"Fill 1","mn":"ADBE Vector Graphic - Fill","hd":false},{"ty":"tr","p":{"a":0,"k":[982.073,998.402],"ix":2},"a":{"a":0,"k":[0,0],"ix":1},"s":{"a":0,"k":[100,100],"ix":3},"r":{"a":0,"k":0,"ix":6},"o":{"a":0,"k":100,"ix":7},"sk":{"a":0,"k":0,"ix":4},"sa":{"a":0,"k":0,"ix":5},"nm":"Transform"}],"nm":"Group 7","np":2,"cix":2,"bm":0,"ix":7,"mn":"ADBE Vector Group","hd":false}],"ip":0,"op":180,"st":0,"bm":0},{"ddd":0,"ind":7,"ty":4,"nm":"ÑÐµÐ»Ð¾ Outlines","sr":1,"ks":{"o":{"a":0,"k":100,"ix":11},"r":{"a":1,"k":[{"i":{"x":[0.667],"y":[1]},"o":{"x":[0.333],"y":[0]},"t":0,"s":[0]},{"i":{"x":[0.667],"y":[1]},"o":{"x":[0.333],"y":[0]},"t":30,"s":[7]},{"i":{"x":[0.667],"y":[1]},"o":{"x":[0.333],"y":[0]},"t":95,"s":[7]},{"t":142,"s":[0]}],"ix":10},"p":{"a":0,"k":[643.352,1424.781,0],"ix":2},"a":{"a":0,"k":[931.333,1095.269,0],"ix":1},"s":{"a":0,"k":[476.667,476.667,100],"ix":6}},"ao":0,"shapes":[{"ty":"gr","it":[{"ind":0,"ty":"sh","ix":1,"ks":{"a":0,"k":{"i":[[0,0],[-14.266,0],[0,0.105],[10.197,0.484]],"o":[[0,0],[14.266,0],[0,-0.047],[-12.356,-0.587]],"v":[[908.706,937.448],[933.881,955.385],[955.175,939.336],[934.727,938.244]],"c":true},"ix":2},"nm":"Path 1","mn":"ADBE Vector Shape - Group","hd":false},{"ty":"st","c":{"a":0,"k":[0.098038998772,0.356862984452,0.443136985629,1],"ix":3},"o":{"a":0,"k":100,"ix":4},"w":{"a":0,"k":0,"ix":5},"lc":1,"lj":1,"ml":4,"bm":0,"nm":"Stroke 1","mn":"ADBE Vector Graphic - Stroke","hd":false},{"ty":"fl","c":{"a":0,"k":[1,0.643137254902,0.521568627451,1],"ix":4},"o":{"a":0,"k":100,"ix":5},"r":1,"bm":0,"nm":"Fill 1","mn":"ADBE Vector Graphic - Fill","hd":false},{"ty":"tr","p":{"a":0,"k":[0,0],"ix":2},"a":{"a":0,"k":[0,0],"ix":1},"s":{"a":0,"k":[100,100],"ix":3},"r":{"a":0,"k":0,"ix":6},"o":{"a":0,"k":100,"ix":7},"sk":{"a":0,"k":0,"ix":4},"sa":{"a":0,"k":0,"ix":5},"nm":"Transform"}],"nm":"Shape 1","np":3,"cix":2,"bm":0,"ix":1,"mn":"ADBE Vector Group","hd":false},{"ty":"gr","it":[{"ind":0,"ty":"sh","ix":1,"ks":{"a":0,"k":{"i":[[0,0],[-0.294,-0.287],[0,0],[-2.996,19.477],[0,0]],"o":[[-0.412,-0.016],[0,0],[13.727,13.052],[0,0],[0,0]],"v":[[-32.648,-20.037],[-32.98,-19.266],[-6.019,7],[32.375,-7.751],[33.275,-17.475]],"c":true},"ix":2},"nm":"Path 1","mn":"ADBE Vector Shape - Group","hd":false},{"ty":"gr","it":[{"ty":"tr","p":{"a":0,"k":[0,0],"ix":2},"a":{"a":0,"k":[0,0],"ix":1},"s":{"a":0,"k":[100,100],"ix":3},"r":{"a":0,"k":0,"ix":6},"o":{"a":0,"k":100,"ix":7},"sk":{"a":0,"k":0,"ix":4},"sa":{"a":0,"k":0,"ix":5},"nm":"Transform"}],"nm":"Group 1","np":0,"cix":2,"bm":0,"ix":2,"mn":"ADBE Vector Group","hd":false},{"ty":"mm","mm":4,"nm":"Merge Paths 1","mn":"ADBE Vector Filter - Merge","hd":false},{"ty":"fl","c":{"a":0,"k":[0.067000003889,0.067000003889,0.067000003889,1],"ix":4},"o":{"a":0,"k":100,"ix":5},"r":1,"bm":0,"nm":"Fill 1","mn":"ADBE Vector Graphic - Fill","hd":false},{"ty":"tr","p":{"a":0,"k":[928.645,957.055],"ix":2},"a":{"a":0,"k":[0,0],"ix":1},"s":{"a":0,"k":[100,100],"ix":3},"r":{"a":0,"k":0,"ix":6},"o":{"a":0,"k":100,"ix":7},"sk":{"a":0,"k":0,"ix":4},"sa":{"a":0,"k":0,"ix":5},"nm":"Transform"}],"nm":"Group 1","np":4,"cix":2,"bm":0,"ix":2,"mn":"ADBE Vector Group","hd":false},{"ty":"gr","it":[{"ind":0,"ty":"sh","ix":1,"ks":{"a":1,"k":[{"i":{"x":0.667,"y":1},"o":{"x":0.333,"y":0},"t":0,"s":[{"i":[[4.061,3.883],[0,0],[8.508,-1.341],[0,0],[0,0],[0.087,0.01],[0,0],[0,0],[8.365,-5.104],[0.988,-9.496],[1.595,-10.787],[-3.129,0.003],[-5.795,0.005],[0,0],[0,0],[0,0],[0,0]],"o":[[0,0],[-5.914,-5.701],[0,0],[0,0],[-0.087,-0.011],[0,0],[0,0],[-9.678,0.185],[-8.199,5.003],[-0.13,1.25],[-0.458,3.095],[3.771,-0.004],[0,0],[0,0],[0,0],[0,0],[3.26,-4.69]],"v":[[73.018,-43.705],[46.629,-68.935],[24.664,-76.602],[-8.719,-78.098],[-19.045,-77.858],[-19.302,-77.883],[-19.868,-78.864],[-33.86,-79.232],[-58.98,-72.788],[-72.602,-50.393],[-77.24,-16.371],[-72.173,-10.503],[-57.38,-10.517],[-72.619,79.232],[59.174,79.232],[46.446,11.773],[74.438,-28.503]],"c":true}]},{"i":{"x":0.667,"y":1},"o":{"x":0.333,"y":0},"t":20,"s":[{"i":[[4.061,3.883],[0,0],[8.508,-1.341],[0,0],[0,0],[0.087,0.01],[0,0],[0,0],[8.365,-5.104],[0.988,-9.496],[-0.044,-14.457],[-3.129,0.003],[-3.953,2.256],[0,0],[0,0],[0,0],[0,0]],"o":[[0,0],[-5.914,-5.701],[0,0],[0,0],[-0.087,-0.011],[0,0],[0,0],[-9.678,0.185],[-8.199,5.003],[-0.13,1.25],[0.01,3.129],[3.771,-0.004],[0,0],[0,0],[0,0],[0,0],[3.26,-4.69]],"v":[[73.018,-43.705],[46.629,-68.935],[24.664,-76.602],[-8.719,-78.098],[-19.045,-77.858],[-19.302,-77.883],[-19.868,-78.864],[-33.86,-79.232],[-58.98,-72.788],[-72.602,-50.393],[-76.52,-7.273],[-71.453,-1.405],[-58.501,-5.465],[-72.619,79.232],[59.174,79.232],[46.446,11.773],[74.438,-28.503]],"c":true}]},{"i":{"x":0.833,"y":1},"o":{"x":0.333,"y":0},"t":30,"s":[{"i":[[4.061,3.883],[0,0],[8.508,-1.341],[0,0],[0,0],[0.087,0.01],[0,0],[0,0],[8.365,-5.104],[0.988,-9.496],[-0.044,-14.457],[-3.129,0.003],[-3.953,2.256],[0,0],[0,0],[0,0],[0,0]],"o":[[0,0],[-5.914,-5.701],[0,0],[0,0],[-0.087,-0.011],[0,0],[0,0],[-9.678,0.185],[-8.199,5.003],[-0.13,1.25],[0.01,3.129],[3.771,-0.004],[0,0],[0,0],[0,0],[0,0],[3.26,-4.69]],"v":[[73.018,-43.705],[46.629,-68.935],[24.664,-76.602],[-8.719,-78.098],[-19.045,-77.858],[-19.302,-77.883],[-19.868,-78.864],[-33.86,-79.232],[-58.98,-72.788],[-72.602,-50.393],[-76.52,-7.273],[-71.453,-1.405],[-58.501,-5.465],[-72.619,79.232],[59.174,79.232],[46.446,11.773],[74.438,-28.503]],"c":true}]},{"i":{"x":0.833,"y":1},"o":{"x":0.167,"y":0},"t":41,"s":[{"i":[[4.061,3.883],[0,0],[8.508,-1.341],[0,0],[0,0],[0.087,0.01],[0,0],[0,0],[8.365,-5.104],[0.988,-9.496],[-0.044,-14.457],[-3.129,0.003],[-4.844,0.675],[0,0],[0,0],[0,0],[0,0]],"o":[[0,0],[-5.914,-5.701],[0,0],[0,0],[-0.087,-0.011],[0,0],[0,0],[-9.678,0.185],[-8.199,5.003],[-0.13,1.25],[0.01,3.129],[3.771,-0.004],[0,0],[0,0],[0,0],[0,0],[3.26,-4.69]],"v":[[73.018,-43.705],[46.629,-68.935],[24.664,-76.602],[-8.719,-78.098],[-19.045,-77.858],[-19.302,-77.883],[-19.868,-78.864],[-33.86,-79.232],[-58.98,-72.788],[-72.602,-50.393],[-77.009,-11.44],[-72.044,-6.405],[-58.783,-7.755],[-72.619,79.232],[59.174,79.232],[46.446,11.773],[74.438,-28.503]],"c":true}]},{"i":{"x":0.833,"y":1},"o":{"x":0.167,"y":0},"t":51,"s":[{"i":[[4.061,3.883],[0,0],[8.508,-1.341],[0,0],[0,0],[0.087,0.01],[0,0],[0,0],[8.365,-5.104],[0.988,-9.496],[-0.044,-14.457],[-3.129,0.003],[-5.495,0.544],[0,0],[0,0],[0,0],[0,0]],"o":[[0,0],[-5.914,-5.701],[0,0],[0,0],[-0.087,-0.011],[0,0],[0,0],[-9.678,0.185],[-8.199,5.003],[-0.13,1.25],[0.01,3.129],[3.771,-0.004],[0,0],[0,0],[0,0],[0,0],[3.26,-4.69]],"v":[[73.018,-43.705],[46.629,-68.935],[24.664,-76.602],[-8.719,-78.098],[-19.045,-77.858],[-19.302,-77.883],[-19.868,-78.864],[-33.86,-79.232],[-58.98,-72.788],[-72.602,-50.393],[-76.926,-13.353],[-71.962,-8.318],[-59.378,-9.162],[-72.619,79.232],[59.174,79.232],[46.446,11.773],[74.438,-28.503]],"c":true}]},{"i":{"x":0.833,"y":1},"o":{"x":0.167,"y":0},"t":61,"s":[{"i":[[4.061,3.883],[0,0],[8.508,-1.341],[0,0],[0,0],[0.087,0.01],[0,0],[0,0],[8.365,-5.104],[0.988,-9.496],[-0.044,-14.457],[-3.129,0.003],[-4.844,0.675],[0,0],[0,0],[0,0],[0,0]],"o":[[0,0],[-5.914,-5.701],[0,0],[0,0],[-0.087,-0.011],[0,0],[0,0],[-9.678,0.185],[-8.199,5.003],[-0.13,1.25],[0.01,3.129],[3.771,-0.004],[0,0],[0,0],[0,0],[0,0],[3.26,-4.69]],"v":[[73.018,-43.705],[46.629,-68.935],[24.664,-76.602],[-8.719,-78.098],[-19.045,-77.858],[-19.302,-77.883],[-19.868,-78.864],[-33.86,-79.232],[-58.98,-72.788],[-72.602,-50.393],[-77.009,-11.44],[-72.044,-6.405],[-58.783,-7.755],[-72.619,79.232],[59.174,79.232],[46.446,11.773],[74.438,-28.503]],"c":true}]},{"i":{"x":0.833,"y":1},"o":{"x":0.167,"y":0},"t":70,"s":[{"i":[[4.061,3.883],[0,0],[8.508,-1.341],[0,0],[0,0],[0.087,0.01],[0,0],[0,0],[8.365,-5.104],[0.988,-9.496],[-0.044,-14.457],[-3.129,0.003],[-5.495,0.544],[0,0],[0,0],[0,0],[0,0]],"o":[[0,0],[-5.914,-5.701],[0,0],[0,0],[-0.087,-0.011],[0,0],[0,0],[-9.678,0.185],[-8.199,5.003],[-0.13,1.25],[0.01,3.129],[3.771,-0.004],[0,0],[0,0],[0,0],[0,0],[3.26,-4.69]],"v":[[73.018,-43.705],[46.629,-68.935],[24.664,-76.602],[-8.719,-78.098],[-19.045,-77.858],[-19.302,-77.883],[-19.868,-78.864],[-33.86,-79.232],[-58.98,-72.788],[-72.602,-50.393],[-76.926,-13.353],[-71.962,-8.318],[-59.378,-9.162],[-72.619,79.232],[59.174,79.232],[46.446,11.773],[74.438,-28.503]],"c":true}]},{"i":{"x":0.833,"y":1},"o":{"x":0.167,"y":0},"t":80,"s":[{"i":[[4.061,3.883],[0,0],[8.508,-1.341],[0,0],[0,0],[0.087,0.01],[0,0],[0,0],[8.365,-5.104],[0.988,-9.496],[-0.044,-14.457],[-3.129,0.003],[-4.844,0.675],[0,0],[0,0],[0,0],[0,0]],"o":[[0,0],[-5.914,-5.701],[0,0],[0,0],[-0.087,-0.011],[0,0],[0,0],[-9.678,0.185],[-8.199,5.003],[-0.13,1.25],[0.01,3.129],[3.771,-0.004],[0,0],[0,0],[0,0],[0,0],[3.26,-4.69]],"v":[[73.018,-43.705],[46.629,-68.935],[24.664,-76.602],[-8.719,-78.098],[-19.045,-77.858],[-19.302,-77.883],[-19.868,-78.864],[-33.86,-79.232],[-58.98,-72.788],[-72.602,-50.393],[-77.009,-11.44],[-72.044,-6.405],[-58.783,-7.755],[-72.619,79.232],[59.174,79.232],[46.446,11.773],[74.438,-28.503]],"c":true}]},{"i":{"x":0.667,"y":1},"o":{"x":0.167,"y":0},"t":160,"s":[{"i":[[4.061,3.883],[0,0],[8.508,-1.341],[0,0],[0,0],[0.087,0.01],[0,0],[0,0],[8.365,-5.104],[0.988,-9.496],[-0.044,-14.457],[-3.129,0.003],[-4.844,0.675],[0,0],[0,0],[0,0],[0,0]],"o":[[0,0],[-5.914,-5.701],[0,0],[0,0],[-0.087,-0.011],[0,0],[0,0],[-9.678,0.185],[-8.199,5.003],[-0.13,1.25],[0.01,3.129],[3.771,-0.004],[0,0],[0,0],[0,0],[0,0],[3.26,-4.69]],"v":[[73.018,-43.705],[46.629,-68.935],[24.664,-76.602],[-8.719,-78.098],[-19.045,-77.858],[-19.302,-77.883],[-19.868,-78.864],[-33.86,-79.232],[-58.98,-72.788],[-72.602,-50.393],[-77.009,-11.44],[-72.044,-6.405],[-58.783,-7.755],[-72.619,79.232],[59.174,79.232],[46.446,11.773],[74.438,-28.503]],"c":true}]},{"t":180,"s":[{"i":[[4.061,3.883],[0,0],[8.508,-1.341],[0,0],[0,0],[0.087,0.01],[0,0],[0,0],[8.365,-5.104],[0.988,-9.496],[1.595,-10.787],[-3.129,0.003],[-5.795,0.005],[0,0],[0,0],[0,0],[0,0]],"o":[[0,0],[-5.914,-5.701],[0,0],[0,0],[-0.087,-0.011],[0,0],[0,0],[-9.678,0.185],[-8.199,5.003],[-0.13,1.25],[-0.458,3.095],[3.771,-0.004],[0,0],[0,0],[0,0],[0,0],[3.26,-4.69]],"v":[[73.018,-43.705],[46.629,-68.935],[24.664,-76.602],[-8.719,-78.098],[-19.045,-77.858],[-19.302,-77.883],[-19.868,-78.864],[-33.86,-79.232],[-58.98,-72.788],[-72.602,-50.393],[-77.24,-16.371],[-72.173,-10.503],[-57.38,-10.517],[-72.619,79.232],[59.174,79.232],[46.446,11.773],[74.438,-28.503]],"c":true}]}],"ix":2},"nm":"Path 1","mn":"ADBE Vector Shape - Group","hd":false},{"ty":"gr","it":[{"ty":"tr","p":{"a":0,"k":[0,0],"ix":2},"a":{"a":0,"k":[0,0],"ix":1},"s":{"a":0,"k":[100,100],"ix":3},"r":{"a":0,"k":0,"ix":6},"o":{"a":0,"k":100,"ix":7},"sk":{"a":0,"k":0,"ix":4},"sa":{"a":0,"k":0,"ix":5},"nm":"Transform"}],"nm":"Group 1","np":0,"cix":2,"bm":0,"ix":2,"mn":"ADBE Vector Group","hd":false},{"ty":"mm","mm":4,"nm":"Merge Paths 1","mn":"ADBE Vector Filter - Merge","hd":false},{"ty":"fl","c":{"a":0,"k":[0.922000002394,0.552999997606,0.180000005984,1],"ix":4},"o":{"a":0,"k":100,"ix":5},"r":1,"bm":0,"nm":"Fill 1","mn":"ADBE Vector Graphic - Fill","hd":false},{"ty":"tr","p":{"a":0,"k":[931.717,1016.525],"ix":2},"a":{"a":0,"k":[0,0],"ix":1},"s":{"a":0,"k":[100,100],"ix":3},"r":{"a":0,"k":0,"ix":6},"o":{"a":0,"k":100,"ix":7},"sk":{"a":0,"k":0,"ix":4},"sa":{"a":0,"k":0,"ix":5},"nm":"Transform"}],"nm":"Group 3","np":4,"cix":2,"bm":0,"ix":3,"mn":"ADBE Vector Group","hd":false}],"ip":0,"op":180,"st":0,"bm":0},{"ddd":0,"ind":8,"ty":4,"nm":"ÑÑÐºÐ° 1 Outlines","parent":7,"sr":1,"ks":{"o":{"a":0,"k":100,"ix":11},"r":{"a":1,"k":[{"i":{"x":[0.667],"y":[1]},"o":{"x":[0.333],"y":[0]},"t":0,"s":[0]},{"i":{"x":[0.667],"y":[1]},"o":{"x":[0.333],"y":[0]},"t":20,"s":[16]},{"i":{"x":[0.833],"y":[1]},"o":{"x":[0.333],"y":[0]},"t":30,"s":[16]},{"i":{"x":[0.833],"y":[1]},"o":{"x":[0.167],"y":[0]},"t":41,"s":[-16]},{"i":{"x":[0.833],"y":[1]},"o":{"x":[0.167],"y":[0]},"t":90,"s":[-16]},{"t":110,"s":[0]}],"ix":10},"p":{"a":0,"k":[992.411,1009.121,0],"ix":2},"a":{"a":0,"k":[992.411,1009.121,0],"ix":1},"s":{"a":0,"k":[100,100,100],"ix":6}},"ao":0,"shapes":[{"ty":"gr","it":[{"ind":0,"ty":"sh","ix":1,"ks":{"a":0,"k":{"i":[[0.264,0],[0.008,0.001],[0.078,0.124],[-0.233,0.148],[-0.148,-0.232],[-14.524,-0.791],[0.015,-0.275]],"o":[[-0.009,0],[-15.052,-0.819],[-0.147,-0.234],[0.235,-0.144],[0.076,0.12],[0.276,0.015],[-0.015,0.267]],"v":[[11.36,7.032],[11.333,7.031],[-11.727,-6.198],[-11.572,-6.888],[-10.882,-6.734],[11.387,6.034],[11.859,6.56]],"c":true},"ix":2},"nm":"Path 1","mn":"ADBE Vector Shape - Group","hd":false},{"ty":"fl","c":{"a":0,"k":[0.176000004189,0.195999998205,0.282000014361,1],"ix":4},"o":{"a":0,"k":100,"ix":5},"r":1,"bm":0,"nm":"Fill 1","mn":"ADBE Vector Graphic - Fill","hd":false},{"ty":"tr","p":{"a":0,"k":[1039.982,992.989],"ix":2},"a":{"a":0,"k":[0,0],"ix":1},"s":{"a":0,"k":[100,100],"ix":3},"r":{"a":0,"k":0,"ix":6},"o":{"a":0,"k":100,"ix":7},"sk":{"a":0,"k":0,"ix":4},"sa":{"a":0,"k":0,"ix":5},"nm":"Transform"}],"nm":"Group 1","np":2,"cix":2,"bm":0,"ix":1,"mn":"ADBE Vector Group","hd":false},{"ty":"gr","it":[{"ind":0,"ty":"sh","ix":1,"ks":{"a":0,"k":{"i":[[0.133,0],[0.097,0.092],[-0.19,0.2],[0,0],[-0.201,-0.191],[0.19,-0.2],[0,0]],"o":[[-0.123,0],[-0.201,-0.189],[0,0],[0.189,-0.201],[0.2,0.189],[0,0],[-0.098,0.104]],"v":[[-5.288,6.132],[-5.631,5.995],[-5.651,5.289],[4.924,-5.921],[5.631,-5.941],[5.651,-5.235],[-4.924,5.975]],"c":true},"ix":2},"nm":"Path 1","mn":"ADBE Vector Shape - Group","hd":false},{"ty":"fl","c":{"a":0,"k":[0.176000004189,0.195999998205,0.282000014361,1],"ix":4},"o":{"a":0,"k":100,"ix":5},"r":1,"bm":0,"nm":"Fill 1","mn":"ADBE Vector Graphic - Fill","hd":false},{"ty":"tr","p":{"a":0,"k":[1011.209,1002.628],"ix":2},"a":{"a":0,"k":[0,0],"ix":1},"s":{"a":0,"k":[100,100],"ix":3},"r":{"a":0,"k":0,"ix":6},"o":{"a":0,"k":100,"ix":7},"sk":{"a":0,"k":0,"ix":4},"sa":{"a":0,"k":0,"ix":5},"nm":"Transform"}],"nm":"Group 2","np":2,"cix":2,"bm":0,"ix":2,"mn":"ADBE Vector Group","hd":false},{"ty":"gr","it":[{"ind":0,"ty":"sh","ix":1,"ks":{"a":0,"k":{"i":[[0,0],[0,0],[0,0],[0,0],[0,0],[-6.461,11.754],[0,0],[4.281,1.566]],"o":[[0,0],[0,0],[0,0],[0,0],[10.585,8.239],[0,0],[2.386,-3.885],[0,0]],"v":[[16.73,-36.958],[-5.91,-14.138],[-23.519,-34.323],[-47.1,4.145],[-21.876,28.719],[10.614,22.019],[38.982,-21.346],[31.395,-29.45]],"c":true},"ix":2},"nm":"Path 1","mn":"ADBE Vector Shape - Group","hd":false},{"ty":"fl","c":{"a":0,"k":[0.067000003889,0.067000003889,0.067000003889,1],"ix":4},"o":{"a":0,"k":100,"ix":5},"r":1,"bm":0,"nm":"Fill 1","mn":"ADBE Vector Graphic - Fill","hd":false},{"ty":"tr","p":{"a":0,"k":[1017.657,1015.975],"ix":2},"a":{"a":0,"k":[0,0],"ix":1},"s":{"a":0,"k":[100,100],"ix":3},"r":{"a":0,"k":0,"ix":6},"o":{"a":0,"k":100,"ix":7},"sk":{"a":0,"k":0,"ix":4},"sa":{"a":0,"k":0,"ix":5},"nm":"Transform"}],"nm":"Group 3","np":2,"cix":2,"bm":0,"ix":3,"mn":"ADBE Vector Group","hd":false}],"ip":0,"op":180,"st":0,"bm":0}]}],"layers":[{"ddd":0,"ind":1,"ty":0,"nm":"Pre-comp 1","refId":"comp_0","sr":1,"ks":{"o":{"a":0,"k":100,"ix":11},"r":{"a":0,"k":0,"ix":10},"p":{"a":0,"k":[430,542,0],"ix":2},"a":{"a":0,"k":[780,780,0],"ix":1},"s":{"a":0,"k":[77.385,77.385,100],"ix":6}},"ao":0,"hasMask":true,"masksProperties":[{"inv":false,"mode":"a","pt":{"a":0,"k":{"i":[[0,0],[0,0],[0,0],[0,0]],"o":[[0,0],[0,0],[0,0],[0,0]],"v":[[1640,-72],[-52,-72],[-52,1376],[1640,1376]],"c":true},"ix":1},"o":{"a":0,"k":100,"ix":3},"x":{"a":0,"k":0,"ix":4},"nm":"Mask 1"}],"w":1560,"h":1560,"ip":0,"op":180,"st":0,"bm":0}],"markers":[]}