{"v":"5.5.5","fr":29.9700012207031,"ip":0,"op":36.0000014663101,"w":35,"h":35,"nm":"Heart","ddd":0,"assets":[],"layers":[{"ddd":0,"ind":1,"ty":4,"nm":"Path 811 Outlines","sr":1,"ks":{"o":{"a":0,"k":100,"ix":11},"r":{"a":0,"k":0,"ix":10},"p":{"a":0,"k":[17.962,17.5,0],"ix":2},"a":{"a":0,"k":[11.5,10,0],"ix":1},"s":{"a":1,"k":[{"i":{"x":[0.357,0.357,0.667],"y":[1.422,1.422,1]},"o":{"x":[0.167,0.167,0.167],"y":[0.167,0.167,0]},"t":0,"s":[100,100,100]},{"i":{"x":[0.833,0.833,0.833],"y":[0.833,0.833,1]},"o":{"x":[0.214,0.214,0.333],"y":[0.091,0.091,0]},"t":20,"s":[120,120,100]},{"t":33.0000013441176,"s":[100,100,100]}],"ix":6}},"ao":0,"shapes":[{"ty":"gr","it":[{"ind":0,"ty":"sh","ix":1,"ks":{"a":0,"k":{"i":[[1.958,0],[0.394,-3.085],[0,-0.295],[-2.628,-2.413],[0,0],[0,0],[0,0],[-2.63,2.419],[0,3.601],[0.049,0.246],[3.201,0],[1.15,-1.403]],"o":[[-3.195,0],[-0.055,0.252],[0,3.601],[2.622,2.419],[0,0],[0,0],[0,0],[2.622,-2.413],[0,-0.295],[-0.4,-3.097],[-1.958,0],[-1.15,-1.403]],"v":[[-4.728,-9.917],[-10.945,-4.425],[-11.031,-3.614],[-5.652,5.651],[-0.406,9.665],[0,9.917],[0.406,9.665],[5.658,5.651],[11.031,-3.614],[10.951,-4.414],[4.728,-9.917],[0,-7.492]],"c":true},"ix":2},"nm":"Path 1","mn":"ADBE Vector Shape - Group","hd":false},{"ind":1,"ty":"sh","ix":2,"ks":{"a":0,"k":{"i":[[-0.032,0.14]],"o":[[0.307,-2.407]],"v":[[-9.406,-4.13]],"c":true},"ix":2},"nm":"Path 2","mn":"ADBE Vector Shape - Group","hd":false},{"ty":"mm","mm":1,"nm":"Merge Paths 1","mn":"ADBE Vector Filter - Merge","hd":false},{"ty":"fl","c":{"a":1,"k":[{"i":{"x":[0.833],"y":[0.833]},"o":{"x":[0.167],"y":[0.167]},"t":-31,"s":[1,1,1,1]},{"t":-9.00000036657752,"s":[1,0.282352954149,0.352941185236,1]}],"ix":4},"o":{"a":0,"k":100,"ix":5},"r":1,"bm":0,"nm":"Fill 1","mn":"ADBE Vector Graphic - Fill","hd":false},{"ty":"tr","p":{"a":0,"k":[10.906,9.917],"ix":2},"a":{"a":0,"k":[0,0],"ix":1},"s":{"a":0,"k":[100,100],"ix":3},"r":{"a":0,"k":0,"ix":6},"o":{"a":0,"k":100,"ix":7},"sk":{"a":0,"k":0,"ix":4},"sa":{"a":0,"k":0,"ix":5},"nm":"Transform"}],"nm":"Group 1","np":4,"cix":2,"bm":0,"ix":1,"mn":"ADBE Vector Group","hd":false},{"ty":"fl","c":{"a":0,"k":[1,0,0,1],"ix":4},"o":{"a":0,"k":100,"ix":5},"r":1,"bm":0,"nm":"Fill 1","mn":"ADBE Vector Graphic - Fill","hd":false}],"ip":0,"op":900.000036657751,"st":0,"bm":0}],"markers":[]}