{"v":"5.1.1","fr":30,"ip":0,"op":360,"w":1020,"h":737,"nm":"robo internet lost","ddd":0,"assets":[],"fonts":{"list":[{"fName":"Roboto-Regular","fFamily":"Roboto","fStyle":"Regular","ascent":75}]},"layers":[{"ddd":0,"ind":1,"ty":5,"nm":"We couldnât connect","sr":1,"ks":{"o":{"a":0,"k":100,"ix":11},"r":{"a":0,"k":0,"ix":10},"p":{"a":0,"k":[510,635.2,0],"ix":2},"a":{"a":0,"k":[161.279,-13.324,0],"ix":1},"s":{"a":0,"k":[100,100,100],"ix":6}},"ao":0,"t":{"d":{"k":[{"s":{"s":36,"f":"Roboto-Regular","t":"We couldnât connect","j":0,"tr":0,"lh":43.2,"ls":0,"fc":[0,0,0]},"t":0}]},"p":{},"m":{"g":1,"a":{"a":0,"k":[0,0],"ix":2}},"a":[]},"ip":211,"op":360,"st":389,"bm":0},{"ddd":0,"ind":2,"ty":5,"nm":"Weâre Sorry                          ","sr":1,"ks":{"o":{"a":0,"k":100,"ix":11},"r":{"a":0,"k":0,"ix":10},"p":{"a":0,"k":[510,605.2,0],"ix":2},"a":{"a":0,"k":[90.158,-9.659,0],"ix":1},"s":{"a":0,"k":[100,100,100],"ix":6}},"ao":0,"t":{"d":{"k":[{"s":{"s":36,"f":"Roboto-Regular","t":"Weâre Sorry                          ","j":0,"tr":0,"lh":43.2,"ls":0,"fc":[0,0,0]},"t":0}]},"p":{},"m":{"g":1,"a":{"a":0,"k":[0,0],"ix":2}},"a":[]},"ip":211,"op":360,"st":389,"bm":0},{"ddd":0,"ind":3,"ty":5,"nm":"Searching Network....","sr":1,"ks":{"o":{"a":0,"k":100,"ix":11},"r":{"a":0,"k":0,"ix":10},"p":{"a":0,"k":[510,605.248,0],"ix":2},"a":{"a":0,"k":[169.576,-9.756,0],"ix":1},"s":{"a":0,"k":[100,100,100],"ix":6}},"ao":0,"t":{"d":{"k":[{"s":{"s":36,"f":"Roboto-Regular","t":"Searching Network....","j":0,"tr":0,"lh":43.2,"ls":0,"fc":[0,0,0]},"t":0}]},"p":{},"m":{"g":1,"a":{"a":0,"k":[0,0],"ix":2}},"a":[]},"ip":0,"op":210,"st":-1,"bm":0},{"ddd":0,"ind":4,"ty":4,"nm":"red cross/robot 2.1 Outlines","cl":"1","sr":1,"ks":{"o":{"a":0,"k":100,"ix":11},"r":{"a":0,"k":0,"ix":10},"p":{"a":0,"k":[510.262,117.5,0],"ix":2},"a":{"a":0,"k":[21.5,21.5,0],"ix":1},"s":{"a":0,"k":[100,100,100],"ix":6}},"ao":0,"shapes":[{"ty":"gr","it":[{"ind":0,"ty":"sh","ix":1,"ks":{"a":0,"k":{"i":[[0,0],[0,0],[0,0],[0,0],[0,0],[0,0],[0,0],[0,0],[0,0],[0,0],[0,0],[0,0]],"o":[[0,0],[0,0],[0,0],[0,0],[0,0],[0,0],[0,0],[0,0],[0,0],[0,0],[0,0],[0,0]],"v":[[15.507,20.674],[0,5.169],[-15.506,20.674],[-20.674,15.507],[-5.169,0.001],[-20.674,-15.505],[-15.506,-20.674],[0,-5.168],[15.507,-20.674],[20.674,-15.505],[5.168,0.001],[20.674,15.507]],"c":true},"ix":2},"nm":"Path 1","mn":"ADBE Vector Shape - Group","hd":false},{"ty":"st","c":{"a":0,"k":[0.313999998803,0.313999998803,0.313999998803,1],"ix":3},"o":{"a":0,"k":100,"ix":4},"w":{"a":0,"k":0.25,"ix":5},"lc":1,"lj":1,"ml":10,"nm":"Stroke 1","mn":"ADBE Vector Graphic - Stroke","hd":false},{"ty":"fl","c":{"a":0,"k":[0.957000014361,0.289999988032,0.238999998803,1],"ix":4},"o":{"a":0,"k":100,"ix":5},"r":1,"nm":"Fill 1","mn":"ADBE Vector Graphic - Fill","hd":false},{"ty":"tr","p":{"a":0,"k":[21.299,21.299],"ix":2},"a":{"a":0,"k":[0,0],"ix":1},"s":{"a":0,"k":[100,100],"ix":3},"r":{"a":0,"k":0,"ix":6},"o":{"a":0,"k":100,"ix":7},"sk":{"a":0,"k":0,"ix":4},"sa":{"a":0,"k":0,"ix":5},"nm":"Transform"}],"nm":"Group 1","np":3,"cix":2,"ix":1,"mn":"ADBE Vector Group","hd":false}],"ip":210,"op":360,"st":210,"bm":0},{"ddd":0,"ind":5,"ty":4,"nm":"w3/robot 2.1 Outlines 2","cl":"1","sr":1,"ks":{"o":{"a":0,"k":100,"ix":11},"r":{"a":0,"k":0,"ix":10},"p":{"a":0,"k":[510.348,98.5,0],"ix":2},"a":{"a":0,"k":[51.5,19.5,0],"ix":1},"s":{"a":0,"k":[100,100,100],"ix":6}},"ao":0,"shapes":[{"ty":"gr","it":[{"ind":0,"ty":"sh","ix":1,"ks":{"a":0,"k":{"i":[[1.233,1.558],[25.475,-32.165],[-1.558,-1.233],[-1.234,1.558],[-22.586,-28.517],[-1.062,0],[-0.661,0.524]],"o":[[-25.431,-32.109],[-1.234,1.558],[1.558,1.234],[22.555,-28.478],[0.711,0.897],[0.782,0],[1.558,-1.234]],"v":[[49.731,12.938],[-49.73,12.938],[-49.144,17.992],[-44.09,17.405],[44.09,17.405],[46.914,18.77],[49.145,17.992]],"c":true},"ix":2},"nm":"Path 1","mn":"ADBE Vector Shape - Group","hd":false},{"ty":"fl","c":{"a":0,"k":[0.313999998803,0.313999998803,0.313999998803,1],"ix":4},"o":{"a":0,"k":100,"ix":5},"r":1,"nm":"Fill 1","mn":"ADBE Vector Graphic - Fill","hd":false},{"ty":"tr","p":{"a":0,"k":[51.214,19.477],"ix":2},"a":{"a":0,"k":[0,0],"ix":1},"s":{"a":0,"k":[100,100],"ix":3},"r":{"a":0,"k":0,"ix":6},"o":{"a":0,"k":100,"ix":7},"sk":{"a":0,"k":0,"ix":4},"sa":{"a":0,"k":0,"ix":5},"nm":"Transform"}],"nm":"Group 1","np":2,"cix":2,"ix":1,"mn":"ADBE Vector Group","hd":false}],"ip":190,"op":360,"st":190,"bm":0},{"ddd":0,"ind":6,"ty":4,"nm":"w2/robot 2.1 Outlines 2","cl":"1","sr":1,"ks":{"o":{"a":0,"k":100,"ix":11},"r":{"a":0,"k":0,"ix":10},"p":{"a":0,"k":[510.308,116.5,0],"ix":2},"a":{"a":0,"k":[35,14.5,0],"ix":1},"s":{"a":0,"k":[100,100,100],"ix":6}},"ao":0,"shapes":[{"ty":"gr","it":[{"ind":0,"ty":"sh","ix":1,"ks":{"a":0,"k":{"i":[[17.048,-21.514],[-1.557,-1.234],[-0.782,0],[-0.71,0.896],[-14.166,-17.877],[-1.558,1.234],[1.234,1.557]],"o":[[-1.234,1.557],[0.661,0.524],[1.061,0],[14.14,-17.844],[1.233,1.557],[1.556,-1.234],[-17.021,-21.479]],"v":[[-33.27,7.613],[-32.685,12.667],[-30.453,13.445],[-27.631,12.082],[27.631,12.082],[32.685,12.667],[33.27,7.613]],"c":true},"ix":2},"nm":"Path 1","mn":"ADBE Vector Shape - Group","hd":false},{"ty":"fl","c":{"a":0,"k":[0.313999998803,0.313999998803,0.313999998803,1],"ix":4},"o":{"a":0,"k":100,"ix":5},"r":1,"nm":"Fill 1","mn":"ADBE Vector Graphic - Fill","hd":false},{"ty":"tr","p":{"a":0,"k":[34.754,14.151],"ix":2},"a":{"a":0,"k":[0,0],"ix":1},"s":{"a":0,"k":[100,100],"ix":3},"r":{"a":0,"k":0,"ix":6},"o":{"a":0,"k":100,"ix":7},"sk":{"a":0,"k":0,"ix":4},"sa":{"a":0,"k":0,"ix":5},"nm":"Transform"}],"nm":"Group 1","np":2,"cix":2,"ix":1,"mn":"ADBE Vector Group","hd":false}],"ip":180,"op":360,"st":180,"bm":0},{"ddd":0,"ind":7,"ty":4,"nm":"w1/robot 2.1 Outlines 2","cl":"1","sr":1,"ks":{"o":{"a":0,"k":100,"ix":11},"r":{"a":0,"k":0,"ix":10},"p":{"a":0,"k":[510.261,133.5,0],"ix":2},"a":{"a":0,"k":[18.5,9,0],"ix":1},"s":{"a":0,"k":[100,100,100],"ix":6}},"ao":0,"shapes":[{"ty":"gr","it":[{"ind":0,"ty":"sh","ix":1,"ks":{"a":0,"k":{"i":[[8.6,-10.865],[-1.558,-1.234],[-1.233,1.558],[-5.717,-7.222],[-1.558,1.233],[1.232,1.558]],"o":[[-1.233,1.558],[1.558,1.233],[5.707,-7.21],[1.234,1.558],[1.558,-1.234],[-8.586,-10.848]],"v":[[-16.818,2.289],[-16.23,7.343],[-11.176,6.754],[11.176,6.754],[16.23,7.343],[16.819,2.289]],"c":true},"ix":2},"nm":"Path 1","mn":"ADBE Vector Shape - Group","hd":false},{"ty":"fl","c":{"a":0,"k":[0.313999998803,0.313999998803,0.313999998803,1],"ix":4},"o":{"a":0,"k":100,"ix":5},"r":1,"nm":"Fill 1","mn":"ADBE Vector Graphic - Fill","hd":false},{"ty":"tr","p":{"a":0,"k":[18.301,8.826],"ix":2},"a":{"a":0,"k":[0,0],"ix":1},"s":{"a":0,"k":[100,100],"ix":3},"r":{"a":0,"k":0,"ix":6},"o":{"a":0,"k":100,"ix":7},"sk":{"a":0,"k":0,"ix":4},"sa":{"a":0,"k":0,"ix":5},"nm":"Transform"}],"nm":"Group 1","np":2,"cix":2,"ix":1,"mn":"ADBE Vector Group","hd":false}],"ip":170,"op":360,"st":170,"bm":0},{"ddd":0,"ind":8,"ty":4,"nm":"w3/robot 2.1 Outlines 3","cl":"1","sr":1,"ks":{"o":{"a":0,"k":100,"ix":11},"r":{"a":0,"k":0,"ix":10},"p":{"a":0,"k":[510.348,98.5,0],"ix":2},"a":{"a":0,"k":[51.5,19.5,0],"ix":1},"s":{"a":0,"k":[100,100,100],"ix":6}},"ao":0,"shapes":[{"ty":"gr","it":[{"ind":0,"ty":"sh","ix":1,"ks":{"a":0,"k":{"i":[[1.233,1.558],[25.475,-32.165],[-1.558,-1.233],[-1.234,1.558],[-22.586,-28.517],[-1.062,0],[-0.661,0.524]],"o":[[-25.431,-32.109],[-1.234,1.558],[1.558,1.234],[22.555,-28.478],[0.711,0.897],[0.782,0],[1.558,-1.234]],"v":[[49.731,12.938],[-49.73,12.938],[-49.144,17.992],[-44.09,17.405],[44.09,17.405],[46.914,18.77],[49.145,17.992]],"c":true},"ix":2},"nm":"Path 1","mn":"ADBE Vector Shape - Group","hd":false},{"ty":"fl","c":{"a":0,"k":[0.313999998803,0.313999998803,0.313999998803,1],"ix":4},"o":{"a":0,"k":100,"ix":5},"r":1,"nm":"Fill 1","mn":"ADBE Vector Graphic - Fill","hd":false},{"ty":"tr","p":{"a":0,"k":[51.214,19.477],"ix":2},"a":{"a":0,"k":[0,0],"ix":1},"s":{"a":0,"k":[100,100],"ix":3},"r":{"a":0,"k":0,"ix":6},"o":{"a":0,"k":100,"ix":7},"sk":{"a":0,"k":0,"ix":4},"sa":{"a":0,"k":0,"ix":5},"nm":"Transform"}],"nm":"Group 1","np":2,"cix":2,"ix":1,"mn":"ADBE Vector Group","hd":false}],"ip":155,"op":165,"st":155,"bm":0},{"ddd":0,"ind":9,"ty":4,"nm":"w2/robot 2.1 Outlines 3","cl":"1","sr":1,"ks":{"o":{"a":0,"k":100,"ix":11},"r":{"a":0,"k":0,"ix":10},"p":{"a":0,"k":[510.308,116.5,0],"ix":2},"a":{"a":0,"k":[35,14.5,0],"ix":1},"s":{"a":0,"k":[100,100,100],"ix":6}},"ao":0,"shapes":[{"ty":"gr","it":[{"ind":0,"ty":"sh","ix":1,"ks":{"a":0,"k":{"i":[[17.048,-21.514],[-1.557,-1.234],[-0.782,0],[-0.71,0.896],[-14.166,-17.877],[-1.558,1.234],[1.234,1.557]],"o":[[-1.234,1.557],[0.661,0.524],[1.061,0],[14.14,-17.844],[1.233,1.557],[1.556,-1.234],[-17.021,-21.479]],"v":[[-33.27,7.613],[-32.685,12.667],[-30.453,13.445],[-27.631,12.082],[27.631,12.082],[32.685,12.667],[33.27,7.613]],"c":true},"ix":2},"nm":"Path 1","mn":"ADBE Vector Shape - Group","hd":false},{"ty":"fl","c":{"a":0,"k":[0.313999998803,0.313999998803,0.313999998803,1],"ix":4},"o":{"a":0,"k":100,"ix":5},"r":1,"nm":"Fill 1","mn":"ADBE Vector Graphic - Fill","hd":false},{"ty":"tr","p":{"a":0,"k":[34.754,14.151],"ix":2},"a":{"a":0,"k":[0,0],"ix":1},"s":{"a":0,"k":[100,100],"ix":3},"r":{"a":0,"k":0,"ix":6},"o":{"a":0,"k":100,"ix":7},"sk":{"a":0,"k":0,"ix":4},"sa":{"a":0,"k":0,"ix":5},"nm":"Transform"}],"nm":"Group 1","np":2,"cix":2,"ix":1,"mn":"ADBE Vector Group","hd":false}],"ip":145,"op":165,"st":145,"bm":0},{"ddd":0,"ind":10,"ty":4,"nm":"w1/robot 2.1 Outlines 3","cl":"1","sr":1,"ks":{"o":{"a":0,"k":100,"ix":11},"r":{"a":0,"k":0,"ix":10},"p":{"a":0,"k":[510.261,133.5,0],"ix":2},"a":{"a":0,"k":[18.5,9,0],"ix":1},"s":{"a":0,"k":[100,100,100],"ix":6}},"ao":0,"shapes":[{"ty":"gr","it":[{"ind":0,"ty":"sh","ix":1,"ks":{"a":0,"k":{"i":[[8.6,-10.865],[-1.558,-1.234],[-1.233,1.558],[-5.717,-7.222],[-1.558,1.233],[1.232,1.558]],"o":[[-1.233,1.558],[1.558,1.233],[5.707,-7.21],[1.234,1.558],[1.558,-1.234],[-8.586,-10.848]],"v":[[-16.818,2.289],[-16.23,7.343],[-11.176,6.754],[11.176,6.754],[16.23,7.343],[16.819,2.289]],"c":true},"ix":2},"nm":"Path 1","mn":"ADBE Vector Shape - Group","hd":false},{"ty":"fl","c":{"a":0,"k":[0.313999998803,0.313999998803,0.313999998803,1],"ix":4},"o":{"a":0,"k":100,"ix":5},"r":1,"nm":"Fill 1","mn":"ADBE Vector Graphic - Fill","hd":false},{"ty":"tr","p":{"a":0,"k":[18.301,8.826],"ix":2},"a":{"a":0,"k":[0,0],"ix":1},"s":{"a":0,"k":[100,100],"ix":3},"r":{"a":0,"k":0,"ix":6},"o":{"a":0,"k":100,"ix":7},"sk":{"a":0,"k":0,"ix":4},"sa":{"a":0,"k":0,"ix":5},"nm":"Transform"}],"nm":"Group 1","np":2,"cix":2,"ix":1,"mn":"ADBE Vector Group","hd":false}],"ip":135,"op":165,"st":135,"bm":0},{"ddd":0,"ind":11,"ty":4,"nm":"w3/robot 2.1 Outlines","cl":"1","sr":1,"ks":{"o":{"a":0,"k":100,"ix":11},"r":{"a":0,"k":0,"ix":10},"p":{"a":0,"k":[510.348,98.5,0],"ix":2},"a":{"a":0,"k":[51.5,19.5,0],"ix":1},"s":{"a":0,"k":[100,100,100],"ix":6}},"ao":0,"shapes":[{"ty":"gr","it":[{"ind":0,"ty":"sh","ix":1,"ks":{"a":0,"k":{"i":[[1.233,1.558],[25.475,-32.165],[-1.558,-1.233],[-1.234,1.558],[-22.586,-28.517],[-1.062,0],[-0.661,0.524]],"o":[[-25.431,-32.109],[-1.234,1.558],[1.558,1.234],[22.555,-28.478],[0.711,0.897],[0.782,0],[1.558,-1.234]],"v":[[49.731,12.938],[-49.73,12.938],[-49.144,17.992],[-44.09,17.405],[44.09,17.405],[46.914,18.77],[49.145,17.992]],"c":true},"ix":2},"nm":"Path 1","mn":"ADBE Vector Shape - Group","hd":false},{"ty":"fl","c":{"a":0,"k":[0.313999998803,0.313999998803,0.313999998803,1],"ix":4},"o":{"a":0,"k":100,"ix":5},"r":1,"nm":"Fill 1","mn":"ADBE Vector Graphic - Fill","hd":false},{"ty":"tr","p":{"a":0,"k":[51.214,19.477],"ix":2},"a":{"a":0,"k":[0,0],"ix":1},"s":{"a":0,"k":[100,100],"ix":3},"r":{"a":0,"k":0,"ix":6},"o":{"a":0,"k":100,"ix":7},"sk":{"a":0,"k":0,"ix":4},"sa":{"a":0,"k":0,"ix":5},"nm":"Transform"}],"nm":"Group 1","np":2,"cix":2,"ix":1,"mn":"ADBE Vector Group","hd":false}],"ip":120,"op":130,"st":120,"bm":0},{"ddd":0,"ind":12,"ty":4,"nm":"w2/robot 2.1 Outlines","cl":"1","sr":1,"ks":{"o":{"a":0,"k":100,"ix":11},"r":{"a":0,"k":0,"ix":10},"p":{"a":0,"k":[510.308,116.5,0],"ix":2},"a":{"a":0,"k":[35,14.5,0],"ix":1},"s":{"a":0,"k":[100,100,100],"ix":6}},"ao":0,"shapes":[{"ty":"gr","it":[{"ind":0,"ty":"sh","ix":1,"ks":{"a":0,"k":{"i":[[17.048,-21.514],[-1.557,-1.234],[-0.782,0],[-0.71,0.896],[-14.166,-17.877],[-1.558,1.234],[1.234,1.557]],"o":[[-1.234,1.557],[0.661,0.524],[1.061,0],[14.14,-17.844],[1.233,1.557],[1.556,-1.234],[-17.021,-21.479]],"v":[[-33.27,7.613],[-32.685,12.667],[-30.453,13.445],[-27.631,12.082],[27.631,12.082],[32.685,12.667],[33.27,7.613]],"c":true},"ix":2},"nm":"Path 1","mn":"ADBE Vector Shape - Group","hd":false},{"ty":"fl","c":{"a":0,"k":[0.313999998803,0.313999998803,0.313999998803,1],"ix":4},"o":{"a":0,"k":100,"ix":5},"r":1,"nm":"Fill 1","mn":"ADBE Vector Graphic - Fill","hd":false},{"ty":"tr","p":{"a":0,"k":[34.754,14.151],"ix":2},"a":{"a":0,"k":[0,0],"ix":1},"s":{"a":0,"k":[100,100],"ix":3},"r":{"a":0,"k":0,"ix":6},"o":{"a":0,"k":100,"ix":7},"sk":{"a":0,"k":0,"ix":4},"sa":{"a":0,"k":0,"ix":5},"nm":"Transform"}],"nm":"Group 1","np":2,"cix":2,"ix":1,"mn":"ADBE Vector Group","hd":false}],"ip":110,"op":130,"st":110,"bm":0},{"ddd":0,"ind":13,"ty":4,"nm":"w1/robot 2.1 Outlines","cl":"1","sr":1,"ks":{"o":{"a":0,"k":100,"ix":11},"r":{"a":0,"k":0,"ix":10},"p":{"a":0,"k":[510.261,133.5,0],"ix":2},"a":{"a":0,"k":[18.5,9,0],"ix":1},"s":{"a":0,"k":[100,100,100],"ix":6}},"ao":0,"shapes":[{"ty":"gr","it":[{"ind":0,"ty":"sh","ix":1,"ks":{"a":0,"k":{"i":[[8.6,-10.865],[-1.558,-1.234],[-1.233,1.558],[-5.717,-7.222],[-1.558,1.233],[1.232,1.558]],"o":[[-1.233,1.558],[1.558,1.233],[5.707,-7.21],[1.234,1.558],[1.558,-1.234],[-8.586,-10.848]],"v":[[-16.818,2.289],[-16.23,7.343],[-11.176,6.754],[11.176,6.754],[16.23,7.343],[16.819,2.289]],"c":true},"ix":2},"nm":"Path 1","mn":"ADBE Vector Shape - Group","hd":false},{"ty":"fl","c":{"a":0,"k":[0.313999998803,0.313999998803,0.313999998803,1],"ix":4},"o":{"a":0,"k":100,"ix":5},"r":1,"nm":"Fill 1","mn":"ADBE Vector Graphic - Fill","hd":false},{"ty":"tr","p":{"a":0,"k":[18.301,8.826],"ix":2},"a":{"a":0,"k":[0,0],"ix":1},"s":{"a":0,"k":[100,100],"ix":3},"r":{"a":0,"k":0,"ix":6},"o":{"a":0,"k":100,"ix":7},"sk":{"a":0,"k":0,"ix":4},"sa":{"a":0,"k":0,"ix":5},"nm":"Transform"}],"nm":"Group 1","np":2,"cix":2,"ix":1,"mn":"ADBE Vector Group","hd":false}],"ip":100,"op":130,"st":100,"bm":0},{"ddd":0,"ind":14,"ty":4,"nm":"white box/robot 2.1 Outlines","cl":"1","sr":1,"ks":{"o":{"a":0,"k":100,"ix":11},"r":{"a":0,"k":0,"ix":10},"p":{"a":0,"k":[510.312,650.5,0],"ix":2},"a":{"a":0,"k":[175.5,126,0],"ix":1},"s":{"a":0,"k":[100,100,100],"ix":6}},"ao":0,"shapes":[{"ty":"gr","it":[{"ind":0,"ty":"sh","ix":1,"ks":{"a":0,"k":{"i":[[96.65,0],[0,11.556],[0,0],[0,0],[0,0]],"o":[[-96.65,0],[0,0],[0,0],[0,0],[0,11.556]],"v":[[0,-104.616],[-175,-125.538],[-175,125.538],[175,125.538],[175,-125.538]],"c":true},"ix":2},"nm":"Path 1","mn":"ADBE Vector Shape - Group","hd":false},{"ty":"fl","c":{"a":0,"k":[1,1,1,1],"ix":4},"o":{"a":0,"k":100,"ix":5},"r":1,"nm":"Fill 1","mn":"ADBE Vector Graphic - Fill","hd":false},{"ty":"tr","p":{"a":0,"k":[175.25,125.789],"ix":2},"a":{"a":0,"k":[0,0],"ix":1},"s":{"a":0,"k":[100,100],"ix":3},"r":{"a":0,"k":0,"ix":6},"o":{"a":0,"k":100,"ix":7},"sk":{"a":0,"k":0,"ix":4},"sa":{"a":0,"k":0,"ix":5},"nm":"Transform"}],"nm":"Group 1","np":2,"cix":2,"ix":1,"mn":"ADBE Vector Group","hd":false}],"ip":0,"op":360,"st":0,"bm":0},{"ddd":0,"ind":15,"ty":4,"nm":"Layer 81/robot 2.1 Outlines","cl":"1","sr":1,"ks":{"o":{"a":0,"k":100,"ix":11},"r":{"a":1,"k":[{"i":{"x":[0.833],"y":[0.833]},"o":{"x":[0.167],"y":[0.167]},"n":["0p833_0p833_0p167_0p167"],"t":80,"s":[0],"e":[120]},{"i":{"x":[0.833],"y":[0.833]},"o":{"x":[0.167],"y":[0.167]},"n":["0p833_0p833_0p167_0p167"],"t":90,"s":[120],"e":[120]},{"i":{"x":[0.833],"y":[0.833]},"o":{"x":[0.167],"y":[0.167]},"n":["0p833_0p833_0p167_0p167"],"t":210,"s":[120],"e":[0]},{"t":220}],"ix":10},"p":{"a":1,"k":[{"i":{"x":0.833,"y":0.833},"o":{"x":0.167,"y":0.167},"n":"0p833_0p833_0p167_0p167","t":0,"s":[510.087,672.5,0],"e":[510.545,232.5,0],"to":[0.07620303332806,-73.3333358764648,0],"ti":[-0.07620303332806,60,0]},{"i":{"x":0.833,"y":0.833},"o":{"x":0.167,"y":0.167},"n":"0p833_0p833_0p167_0p167","t":30,"s":[510.545,232.5,0],"e":[510.545,312.5,0],"to":[0.07620303332806,-60,0],"ti":[0,0,0]},{"i":{"x":0.833,"y":0.833},"o":{"x":0.167,"y":0.167},"n":"0p833_0p833_0p167_0p167","t":40,"s":[510.545,312.5,0],"e":[510.545,232.5,0],"to":[0,0,0],"ti":[0,0,0]},{"i":{"x":0.833,"y":0.833},"o":{"x":0.167,"y":0.167},"n":"0p833_0p833_0p167_0p167","t":50,"s":[510.545,232.5,0],"e":[510.545,312.5,0],"to":[0,0,0],"ti":[0,-8.33333301544189,0]},{"i":{"x":0.833,"y":0.833},"o":{"x":0.167,"y":0.167},"n":"0p833_0p833_0p167_0p167","t":60,"s":[510.545,312.5,0],"e":[510.545,282.5,0],"to":[0,8.33333301544189,0],"ti":[0,5,0]},{"i":{"x":0.833,"y":0.833},"o":{"x":0.167,"y":0.167},"n":"0p833_0p833_0p167_0p167","t":70,"s":[510.545,282.5,0],"e":[510.545,282.5,0],"to":[0,0,0],"ti":[0,0,0]},{"i":{"x":0.833,"y":0.833},"o":{"x":0.167,"y":0.167},"n":"0p833_0p833_0p167_0p167","t":241,"s":[510.545,282.5,0],"e":[510.545,312.5,0],"to":[0,5,0],"ti":[0,-5,0]},{"t":251}],"ix":2},"a":{"a":0,"k":[28.5,29,0],"ix":1},"s":{"a":0,"k":[100,100,100],"ix":6}},"ao":0,"shapes":[{"ty":"gr","it":[{"ind":0,"ty":"sh","ix":1,"ks":{"a":0,"k":{"i":[[-5.28,0],[0,-5.295],[5.28,0],[0,5.296]],"o":[[5.28,0],[0,5.296],[-5.28,0],[0,-5.295]],"v":[[0,-9.589],[9.56,0],[0,9.589],[-9.56,0]],"c":true},"ix":2},"nm":"Path 1","mn":"ADBE Vector Shape - Group","hd":false},{"ty":"fl","c":{"a":0,"k":[0.980000035903,0.995999983245,1,1],"ix":4},"o":{"a":0,"k":100,"ix":5},"r":1,"nm":"Fill 1","mn":"ADBE Vector Graphic - Fill","hd":false},{"ty":"tr","p":{"a":0,"k":[20.543,34.04],"ix":2},"a":{"a":0,"k":[0,0],"ix":1},"s":{"a":0,"k":[100,100],"ix":3},"r":{"a":0,"k":0,"ix":6},"o":{"a":0,"k":100,"ix":7},"sk":{"a":0,"k":0,"ix":4},"sa":{"a":0,"k":0,"ix":5},"nm":"Transform"}],"nm":"Group 1","np":2,"cix":2,"ix":1,"mn":"ADBE Vector Group","hd":false},{"ty":"gr","it":[{"ind":0,"ty":"sh","ix":1,"ks":{"a":0,"k":{"i":[[-10.157,0],[0,-10.187],[10.157,0],[0,10.188]],"o":[[10.157,0],[0,10.188],[-10.157,0],[0,-10.187]],"v":[[-0.001,-18.447],[18.392,-0.001],[-0.001,18.447],[-18.392,-0.001]],"c":true},"ix":2},"nm":"Path 1","mn":"ADBE Vector Shape - Group","hd":false},{"ty":"fl","c":{"a":0,"k":[0.187999994615,0.187999994615,0.187999994615,1],"ix":4},"o":{"a":0,"k":100,"ix":5},"r":1,"nm":"Fill 1","mn":"ADBE Vector Graphic - Fill","hd":false},{"ty":"tr","p":{"a":0,"k":[29.203,28.56],"ix":2},"a":{"a":0,"k":[0,0],"ix":1},"s":{"a":0,"k":[100,100],"ix":3},"r":{"a":0,"k":0,"ix":6},"o":{"a":0,"k":100,"ix":7},"sk":{"a":0,"k":0,"ix":4},"sa":{"a":0,"k":0,"ix":5},"nm":"Transform"}],"nm":"Group 2","np":2,"cix":2,"ix":2,"mn":"ADBE Vector Group","hd":false},{"ty":"gr","it":[{"ind":0,"ty":"sh","ix":1,"ks":{"a":0,"k":{"i":[[15.569,0],[0,-15.617],[-15.569,0],[0,15.615]],"o":[[-15.569,0],[0,15.615],[15.569,0],[0,-15.617]],"v":[[0,-28.31],[-28.225,0.001],[0,28.31],[28.225,0.001]],"c":true},"ix":2},"nm":"Path 1","mn":"ADBE Vector Shape - Group","hd":false},{"ty":"fl","c":{"a":0,"k":[0.349000010771,0.349000010771,0.349000010771,1],"ix":4},"o":{"a":0,"k":100,"ix":5},"r":1,"nm":"Fill 1","mn":"ADBE Vector Graphic - Fill","hd":false},{"ty":"tr","p":{"a":0,"k":[28.474,28.56],"ix":2},"a":{"a":0,"k":[0,0],"ix":1},"s":{"a":0,"k":[100,100],"ix":3},"r":{"a":0,"k":0,"ix":6},"o":{"a":0,"k":100,"ix":7},"sk":{"a":0,"k":0,"ix":4},"sa":{"a":0,"k":0,"ix":5},"nm":"Transform"}],"nm":"Group 3","np":2,"cix":2,"ix":3,"mn":"ADBE Vector Group","hd":false}],"ip":0,"op":360,"st":0,"bm":0},{"ddd":0,"ind":16,"ty":4,"nm":"eye/robot 2.1 Outlines","cl":"1","sr":1,"ks":{"o":{"a":0,"k":100,"ix":11},"r":{"a":0,"k":0,"ix":10},"p":{"a":1,"k":[{"i":{"x":0.833,"y":0.833},"o":{"x":0.167,"y":0.167},"n":"0p833_0p833_0p167_0p167","t":0,"s":[510.387,672.5,0],"e":[510.845,232.5,0],"to":[0.07620303332806,-73.3333358764648,0],"ti":[-0.07620303332806,60,0]},{"i":{"x":0.833,"y":0.833},"o":{"x":0.167,"y":0.167},"n":"0p833_0p833_0p167_0p167","t":30,"s":[510.845,232.5,0],"e":[510.845,312.5,0],"to":[0.07620303332806,-60,0],"ti":[0,0,0]},{"i":{"x":0.833,"y":0.833},"o":{"x":0.167,"y":0.167},"n":"0p833_0p833_0p167_0p167","t":40,"s":[510.845,312.5,0],"e":[510.845,232.5,0],"to":[0,0,0],"ti":[0,0,0]},{"i":{"x":0.833,"y":0.833},"o":{"x":0.167,"y":0.167},"n":"0p833_0p833_0p167_0p167","t":50,"s":[510.845,232.5,0],"e":[510.845,312.5,0],"to":[0,0,0],"ti":[0,-13.3333330154419,0]},{"t":60}],"ix":2},"a":{"a":0,"k":[72,72,0],"ix":1},"s":{"a":0,"k":[100,100,100],"ix":6}},"ao":0,"shapes":[{"ty":"gr","it":[{"ind":0,"ty":"sh","ix":1,"ks":{"a":0,"k":{"i":[[31.958,0],[0,32.054],[-31.957,0],[0,-32.054]],"o":[[-31.957,0],[0,-32.054],[31.958,0],[0,32.054]],"v":[[0,58.171],[-57.997,0],[0,-58.171],[57.997,0]],"c":true},"ix":2},"nm":"Path 1","mn":"ADBE Vector Shape - Group","hd":false},{"ty":"fl","c":{"a":0,"k":[0.980000035903,0.995999983245,1,1],"ix":4},"o":{"a":0,"k":100,"ix":5},"r":1,"nm":"Fill 1","mn":"ADBE Vector Graphic - Fill","hd":false},{"ty":"st","c":{"a":0,"k":[0.313999998803,0.313999998803,0.313999998803,1],"ix":3},"o":{"a":0,"k":100,"ix":4},"w":{"a":0,"k":5.471,"ix":5},"lc":1,"lj":1,"ml":10,"nm":"Stroke 1","mn":"ADBE Vector Graphic - Stroke","hd":false},{"ty":"tr","p":{"a":0,"k":[71.674,71.848],"ix":2},"a":{"a":0,"k":[0,0],"ix":1},"s":{"a":0,"k":[100,100],"ix":3},"r":{"a":0,"k":0,"ix":6},"o":{"a":0,"k":100,"ix":7},"sk":{"a":0,"k":0,"ix":4},"sa":{"a":0,"k":0,"ix":5},"nm":"Transform"}],"nm":"Group 1","np":3,"cix":2,"ix":1,"mn":"ADBE Vector Group","hd":false},{"ty":"gr","it":[{"ind":0,"ty":"sh","ix":1,"ks":{"a":0,"k":{"i":[[0,30.866],[-30.318,1.918],[1.183,0],[0,-32.054],[-31.957,0],[-1.183,0]],"o":[[0,-30.866],[-1.183,-0.091],[-31.957,0],[0,32.054],[1.183,0],[-30.318,-1.917]],"v":[[-23.535,0],[30.82,-58.08],[27.178,-58.171],[-30.82,0],[27.178,58.171],[30.82,58.079]],"c":true},"ix":2},"nm":"Path 1","mn":"ADBE Vector Shape - Group","hd":false},{"ty":"fl","c":{"a":0,"k":[0.917999985639,0.917999985639,0.917999985639,1],"ix":4},"o":{"a":0,"k":100,"ix":5},"r":1,"nm":"Fill 1","mn":"ADBE Vector Graphic - Fill","hd":false},{"ty":"tr","p":{"a":0,"k":[44.497,71.849],"ix":2},"a":{"a":0,"k":[0,0],"ix":1},"s":{"a":0,"k":[100,100],"ix":3},"r":{"a":0,"k":0,"ix":6},"o":{"a":0,"k":100,"ix":7},"sk":{"a":0,"k":0,"ix":4},"sa":{"a":0,"k":0,"ix":5},"nm":"Transform"}],"nm":"Group 2","np":2,"cix":2,"ix":2,"mn":"ADBE Vector Group","hd":false}],"ip":0,"op":360,"st":0,"bm":0},{"ddd":0,"ind":17,"ty":4,"nm":"Robot/robot 2.1 Outlines","cl":"1","sr":1,"ks":{"o":{"a":0,"k":100,"ix":11},"r":{"a":0,"k":0,"ix":10},"p":{"a":1,"k":[{"i":{"x":0.833,"y":0.833},"o":{"x":0.167,"y":0.167},"n":"0p833_0p833_0p167_0p167","t":0,"s":[510.384,692.5,0],"e":[510.732,252.5,0],"to":[0.05790242180228,-73.3333358764648,0],"ti":[-0.05790242180228,60,0]},{"i":{"x":0.833,"y":0.833},"o":{"x":0.167,"y":0.167},"n":"0p833_0p833_0p167_0p167","t":30,"s":[510.732,252.5,0],"e":[510.732,332.5,0],"to":[0.05790242180228,-60,0],"ti":[0,0,0]},{"i":{"x":0.833,"y":0.833},"o":{"x":0.167,"y":0.167},"n":"0p833_0p833_0p167_0p167","t":40,"s":[510.732,332.5,0],"e":[510.732,252.5,0],"to":[0,0,0],"ti":[0,0,0]},{"i":{"x":0.833,"y":0.833},"o":{"x":0.167,"y":0.167},"n":"0p833_0p833_0p167_0p167","t":50,"s":[510.732,252.5,0],"e":[510.732,332.5,0],"to":[0,0,0],"ti":[0,-13.3333330154419,0]},{"t":60}],"ix":2},"a":{"a":0,"k":[164,179,0],"ix":1},"s":{"a":0,"k":[100,100,100],"ix":6}},"ao":0,"shapes":[{"ty":"gr","it":[{"ind":0,"ty":"sh","ix":1,"ks":{"a":0,"k":{"i":[[-11.464,0],[0,-11.499],[11.465,0],[0,11.499]],"o":[[11.465,0],[0,11.499],[-11.464,0],[0,-11.499]],"v":[[0,-20.822],[20.758,-0.001],[0,20.822],[-20.758,-0.001]],"c":true},"ix":2},"nm":"Path 1","mn":"ADBE Vector Shape - Group","hd":false},{"ty":"st","c":{"a":0,"k":[0.313999998803,0.313999998803,0.313999998803,1],"ix":3},"o":{"a":0,"k":100,"ix":4},"w":{"a":0,"k":5.471,"ix":5},"lc":1,"lj":1,"ml":10,"nm":"Stroke 1","mn":"ADBE Vector Graphic - Stroke","hd":false},{"ty":"tr","p":{"a":0,"k":[163.177,314.728],"ix":2},"a":{"a":0,"k":[0,0],"ix":1},"s":{"a":0,"k":[100,100],"ix":3},"r":{"a":0,"k":0,"ix":6},"o":{"a":0,"k":100,"ix":7},"sk":{"a":0,"k":0,"ix":4},"sa":{"a":0,"k":0,"ix":5},"nm":"Transform"}],"nm":"Group 1","np":2,"cix":2,"ix":1,"mn":"ADBE Vector Group","hd":false},{"ty":"gr","it":[{"ind":0,"ty":"sh","ix":1,"ks":{"a":0,"k":{"i":[[0,8.219],[-6.92,3.379],[3.278,0],[0,-11.506],[-11.472,0],[-2.731,1.37]],"o":[[0,-8.219],[-2.731,-1.369],[-11.472,0],[0,11.507],[3.278,0],[-6.92,-3.379]],"v":[[3.277,0],[14.931,-18.721],[5.826,-20.821],[-14.932,0],[5.826,20.821],[14.931,18.721]],"c":true},"ix":2},"nm":"Path 1","mn":"ADBE Vector Shape - Group","hd":false},{"ty":"fl","c":{"a":0,"k":[0.4,0.6,0,1],"ix":4},"o":{"a":0,"k":100,"ix":5},"r":1,"nm":"Fill 1","mn":"ADBE Vector Graphic - Fill","hd":false},{"ty":"tr","p":{"a":0,"k":[157.35,314.728],"ix":2},"a":{"a":0,"k":[0,0],"ix":1},"s":{"a":0,"k":[100,100],"ix":3},"r":{"a":0,"k":0,"ix":6},"o":{"a":0,"k":100,"ix":7},"sk":{"a":0,"k":0,"ix":4},"sa":{"a":0,"k":0,"ix":5},"nm":"Transform"}],"nm":"Group 2","np":2,"cix":2,"ix":2,"mn":"ADBE Vector Group","hd":false},{"ty":"gr","it":[{"ind":0,"ty":"sh","ix":1,"ks":{"a":0,"k":{"i":[[-11.464,0],[0,-11.499],[11.465,0],[0,11.499]],"o":[[11.465,0],[0,11.499],[-11.464,0],[0,-11.499]],"v":[[0,-20.822],[20.758,-0.001],[0,20.822],[-20.758,-0.001]],"c":true},"ix":2},"nm":"Path 1","mn":"ADBE Vector Shape - Group","hd":false},{"ty":"fl","c":{"a":0,"k":[0.54900004069,0.788000009574,0.023999999551,1],"ix":4},"o":{"a":0,"k":100,"ix":5},"r":1,"nm":"Fill 1","mn":"ADBE Vector Graphic - Fill","hd":false},{"ty":"tr","p":{"a":0,"k":[163.177,314.728],"ix":2},"a":{"a":0,"k":[0,0],"ix":1},"s":{"a":0,"k":[100,100],"ix":3},"r":{"a":0,"k":0,"ix":6},"o":{"a":0,"k":100,"ix":7},"sk":{"a":0,"k":0,"ix":4},"sa":{"a":0,"k":0,"ix":5},"nm":"Transform"}],"nm":"Group 3","np":2,"cix":2,"ix":3,"mn":"ADBE Vector Group","hd":false},{"ty":"gr","it":[{"ind":0,"ty":"sh","ix":1,"ks":{"a":0,"k":{"i":[[0,0],[0,0],[0,0],[0,0],[0,0],[0,0],[0,0],[0,0]],"o":[[0,0],[0,0],[0,0],[0,0],[0,0],[0,0],[0,0],[0,0]],"v":[[20.758,-13.904],[-20.759,-13.904],[-118.088,-13.904],[-118.088,13.905],[-20.759,13.905],[20.758,13.905],[118.088,13.905],[118.088,-13.904]],"c":true},"ix":2},"nm":"Path 1","mn":"ADBE Vector Shape - Group","hd":false},{"ty":"st","c":{"a":0,"k":[0.313999998803,0.313999998803,0.313999998803,1],"ix":3},"o":{"a":0,"k":100,"ix":4},"w":{"a":0,"k":4.159,"ix":5},"lc":1,"lj":1,"ml":10,"nm":"Stroke 1","mn":"ADBE Vector Graphic - Stroke","hd":false},{"ty":"tr","p":{"a":0,"k":[163.177,300.955],"ix":2},"a":{"a":0,"k":[0,0],"ix":1},"s":{"a":0,"k":[100,100],"ix":3},"r":{"a":0,"k":0,"ix":6},"o":{"a":0,"k":100,"ix":7},"sk":{"a":0,"k":0,"ix":4},"sa":{"a":0,"k":0,"ix":5},"nm":"Transform"}],"nm":"Group 4","np":2,"cix":2,"ix":4,"mn":"ADBE Vector Group","hd":false},{"ty":"gr","it":[{"ind":0,"ty":"sh","ix":1,"ks":{"a":0,"k":{"i":[[0,0],[0,0]],"o":[[0,0],[0,0]],"v":[[98.534,248.384],[227.795,248.384]],"c":false},"ix":2},"nm":"Path 1","mn":"ADBE Vector Shape - Group","hd":false},{"ty":"st","c":{"a":0,"k":[0.313999998803,0.313999998803,0.313999998803,1],"ix":3},"o":{"a":0,"k":100,"ix":4},"w":{"a":0,"k":4.78,"ix":5},"lc":1,"lj":1,"ml":10,"nm":"Stroke 1","mn":"ADBE Vector Graphic - Stroke","hd":false},{"ty":"tr","p":{"a":0,"k":[0,0],"ix":2},"a":{"a":0,"k":[0,0],"ix":1},"s":{"a":0,"k":[100,100],"ix":3},"r":{"a":0,"k":0,"ix":6},"o":{"a":0,"k":100,"ix":7},"sk":{"a":0,"k":0,"ix":4},"sa":{"a":0,"k":0,"ix":5},"nm":"Transform"}],"nm":"Group 5","np":2,"cix":2,"ix":5,"mn":"ADBE Vector Group","hd":false},{"ty":"gr","it":[{"ind":0,"ty":"sh","ix":1,"ks":{"a":0,"k":{"i":[[0,0],[0,0]],"o":[[0,0],[0,0]],"v":[[163.743,21.548],[163.743,2.736]],"c":false},"ix":2},"nm":"Path 1","mn":"ADBE Vector Shape - Group","hd":false},{"ty":"st","c":{"a":0,"k":[0.313999998803,0.313999998803,0.313999998803,1],"ix":3},"o":{"a":0,"k":100,"ix":4},"w":{"a":0,"k":5.471,"ix":5},"lc":2,"lj":1,"ml":10,"nm":"Stroke 1","mn":"ADBE Vector Graphic - Stroke","hd":false},{"ty":"tr","p":{"a":0,"k":[0,0],"ix":2},"a":{"a":0,"k":[0,0],"ix":1},"s":{"a":0,"k":[100,100],"ix":3},"r":{"a":0,"k":0,"ix":6},"o":{"a":0,"k":100,"ix":7},"sk":{"a":0,"k":0,"ix":4},"sa":{"a":0,"k":0,"ix":5},"nm":"Transform"}],"nm":"Group 6","np":2,"cix":2,"ix":6,"mn":"ADBE Vector Group","hd":false},{"ty":"gr","it":[{"ind":0,"ty":"sh","ix":1,"ks":{"a":0,"k":{"i":[[65.19,0],[0,-65.385],[0,0],[-6.555,0],[0,0],[0,6.575],[0,0]],"o":[[-65.189,0],[0,0],[0,6.575],[0,0],[6.556,0],[0,0],[0,-65.386]],"v":[[-0.001,-142.505],[-118.088,-24.063],[-118.088,130.542],[-106.162,142.505],[106.16,142.505],[118.088,130.542],[118.088,-24.154]],"c":true},"ix":2},"nm":"Path 1","mn":"ADBE Vector Shape - Group","hd":false},{"ty":"st","c":{"a":0,"k":[0.313999998803,0.313999998803,0.313999998803,1],"ix":3},"o":{"a":0,"k":100,"ix":4},"w":{"a":0,"k":5.471,"ix":5},"lc":1,"lj":1,"ml":10,"nm":"Stroke 1","mn":"ADBE Vector Graphic - Stroke","hd":false},{"ty":"tr","p":{"a":0,"k":[163.178,201.672],"ix":2},"a":{"a":0,"k":[0,0],"ix":1},"s":{"a":0,"k":[100,100],"ix":3},"r":{"a":0,"k":0,"ix":6},"o":{"a":0,"k":100,"ix":7},"sk":{"a":0,"k":0,"ix":4},"sa":{"a":0,"k":0,"ix":5},"nm":"Transform"}],"nm":"Group 7","np":2,"cix":2,"ix":7,"mn":"ADBE Vector Group","hd":false},{"ty":"gr","it":[{"ind":0,"ty":"sh","ix":1,"ks":{"a":0,"k":{"i":[[0,0],[0,0]],"o":[[0,0],[0,0]],"v":[[97.128,258.068],[97.128,238.068]],"c":false},"ix":2},"nm":"Path 1","mn":"ADBE Vector Shape - Group","hd":false},{"ty":"st","c":{"a":0,"k":[0.313999998803,0.313999998803,0.313999998803,1],"ix":3},"o":{"a":0,"k":100,"ix":4},"w":{"a":0,"k":4,"ix":5},"lc":1,"lj":1,"ml":10,"nm":"Stroke 1","mn":"ADBE Vector Graphic - Stroke","hd":false},{"ty":"tr","p":{"a":0,"k":[0,0],"ix":2},"a":{"a":0,"k":[0,0],"ix":1},"s":{"a":0,"k":[100,100],"ix":3},"r":{"a":0,"k":0,"ix":6},"o":{"a":0,"k":100,"ix":7},"sk":{"a":0,"k":0,"ix":4},"sa":{"a":0,"k":0,"ix":5},"nm":"Transform"}],"nm":"Group 8","np":2,"cix":2,"ix":8,"mn":"ADBE Vector Group","hd":false},{"ty":"gr","it":[{"ind":0,"ty":"sh","ix":1,"ks":{"a":0,"k":{"i":[[0,0],[0,0]],"o":[[0,0],[0,0]],"v":[[227.795,258.068],[227.795,238.068]],"c":false},"ix":2},"nm":"Path 1","mn":"ADBE Vector Shape - Group","hd":false},{"ty":"st","c":{"a":0,"k":[0.313999998803,0.313999998803,0.313999998803,1],"ix":3},"o":{"a":0,"k":100,"ix":4},"w":{"a":0,"k":4,"ix":5},"lc":1,"lj":1,"ml":10,"nm":"Stroke 1","mn":"ADBE Vector Graphic - Stroke","hd":false},{"ty":"tr","p":{"a":0,"k":[0,0],"ix":2},"a":{"a":0,"k":[0,0],"ix":1},"s":{"a":0,"k":[100,100],"ix":3},"r":{"a":0,"k":0,"ix":6},"o":{"a":0,"k":100,"ix":7},"sk":{"a":0,"k":0,"ix":4},"sa":{"a":0,"k":0,"ix":5},"nm":"Transform"}],"nm":"Group 9","np":2,"cix":2,"ix":9,"mn":"ADBE Vector Group","hd":false},{"ty":"gr","it":[{"ind":0,"ty":"sh","ix":1,"ks":{"a":0,"k":{"i":[[0,6.575],[0,0],[-61.002,4.657],[3.096,0],[0,-65.386],[0,0],[-6.555,0],[0,0]],"o":[[0,0],[0,-62.281],[-3.005,-0.274],[-65.189,0],[0,0],[0,6.575],[0,0],[-6.555,0.091]],"v":[[-45.387,130.588],[-45.387,-24.108],[63.596,-142.186],[54.49,-142.55],[-63.596,-24.108],[-63.596,130.497],[-51.67,142.46],[-33.461,142.46]],"c":true},"ix":2},"nm":"Path 1","mn":"ADBE Vector Shape - Group","hd":false},{"ty":"fl","c":{"a":0,"k":[0.910000011968,0.455000005984,0.039000002543,1],"ix":4},"o":{"a":0,"k":100,"ix":5},"r":1,"nm":"Fill 1","mn":"ADBE Vector Graphic - Fill","hd":false},{"ty":"tr","p":{"a":0,"k":[108.686,201.626],"ix":2},"a":{"a":0,"k":[0,0],"ix":1},"s":{"a":0,"k":[100,100],"ix":3},"r":{"a":0,"k":0,"ix":6},"o":{"a":0,"k":100,"ix":7},"sk":{"a":0,"k":0,"ix":4},"sa":{"a":0,"k":0,"ix":5},"nm":"Transform"}],"nm":"Group 10","np":2,"cix":2,"ix":10,"mn":"ADBE Vector Group","hd":false},{"ty":"gr","it":[{"ind":0,"ty":"sh","ix":1,"ks":{"a":0,"k":{"i":[[65.19,0],[0,-65.385],[0,0],[-6.555,0],[0,0],[0,6.575],[0,0]],"o":[[-65.189,0],[0,0],[0,6.575],[0,0],[6.556,0],[0,0],[0,-65.386]],"v":[[-0.001,-142.505],[-118.088,-24.063],[-118.088,130.542],[-106.162,142.505],[106.16,142.505],[118.088,130.542],[118.088,-24.154]],"c":true},"ix":2},"nm":"Path 1","mn":"ADBE Vector Shape - Group","hd":false},{"ty":"fl","c":{"a":0,"k":[1,0.545000023935,0.090000002992,1],"ix":4},"o":{"a":0,"k":100,"ix":5},"r":1,"nm":"Fill 1","mn":"ADBE Vector Graphic - Fill","hd":false},{"ty":"tr","p":{"a":0,"k":[163.178,201.672],"ix":2},"a":{"a":0,"k":[0,0],"ix":1},"s":{"a":0,"k":[100,100],"ix":3},"r":{"a":0,"k":0,"ix":6},"o":{"a":0,"k":100,"ix":7},"sk":{"a":0,"k":0,"ix":4},"sa":{"a":0,"k":0,"ix":5},"nm":"Transform"}],"nm":"Group 11","np":2,"cix":2,"ix":11,"mn":"ADBE Vector Group","hd":false},{"ty":"gr","it":[{"ind":0,"ty":"sh","ix":1,"ks":{"a":0,"k":{"i":[[12.109,0],[0,-10.319],[0,0],[-1.183,0],[0,0],[0,1.097],[0,0]],"o":[[-12.109,0],[0,0],[0,1.005],[0,0],[1.184,0],[0,0],[0,-10.319]],"v":[[0,-22.419],[-21.852,-3.79],[-21.852,20.501],[-19.666,22.419],[19.667,22.419],[21.852,20.501],[21.852,-3.79]],"c":true},"ix":2},"nm":"Path 1","mn":"ADBE Vector Shape - Group","hd":false},{"ty":"st","c":{"a":0,"k":[0.313999998803,0.313999998803,0.313999998803,1],"ix":3},"o":{"a":0,"k":100,"ix":4},"w":{"a":0,"k":5.471,"ix":5},"lc":1,"lj":1,"ml":10,"nm":"Stroke 1","mn":"ADBE Vector Graphic - Stroke","hd":false},{"ty":"tr","p":{"a":0,"k":[163.177,44.784],"ix":2},"a":{"a":0,"k":[0,0],"ix":1},"s":{"a":0,"k":[100,100],"ix":3},"r":{"a":0,"k":0,"ix":6},"o":{"a":0,"k":100,"ix":7},"sk":{"a":0,"k":0,"ix":4},"sa":{"a":0,"k":0,"ix":5},"nm":"Transform"}],"nm":"Group 12","np":2,"cix":2,"ix":12,"mn":"ADBE Vector Group","hd":false},{"ty":"gr","it":[{"ind":0,"ty":"sh","ix":1,"ks":{"a":0,"k":{"i":[[0,1.005],[0,0],[-10.288,1.461],[1.275,0],[0,-10.319],[0,0],[-1.183,0],[0,0]],"o":[[0,0],[0,-9.223],[-1.183,-0.183],[-12.109,0],[0,0],[0,1.005],[0,0],[-1.184,-0.091]],"v":[[-5.462,20.501],[-5.462,-3.79],[12.746,-22.145],[9.104,-22.419],[-12.747,-3.79],[-12.747,20.501],[-10.562,22.419],[-3.277,22.419]],"c":true},"ix":2},"nm":"Path 1","mn":"ADBE Vector Shape - Group","hd":false},{"ty":"fl","c":{"a":0,"k":[0.910000011968,0.455000005984,0.039000002543,1],"ix":4},"o":{"a":0,"k":100,"ix":5},"r":1,"nm":"Fill 1","mn":"ADBE Vector Graphic - Fill","hd":false},{"ty":"tr","p":{"a":0,"k":[154.072,44.784],"ix":2},"a":{"a":0,"k":[0,0],"ix":1},"s":{"a":0,"k":[100,100],"ix":3},"r":{"a":0,"k":0,"ix":6},"o":{"a":0,"k":100,"ix":7},"sk":{"a":0,"k":0,"ix":4},"sa":{"a":0,"k":0,"ix":5},"nm":"Transform"}],"nm":"Group 13","np":2,"cix":2,"ix":13,"mn":"ADBE Vector Group","hd":false},{"ty":"gr","it":[{"ind":0,"ty":"sh","ix":1,"ks":{"a":0,"k":{"i":[[12.109,0],[0,-10.319],[0,0],[-1.183,0],[0,0],[0,1.097],[0,0]],"o":[[-12.109,0],[0,0],[0,1.005],[0,0],[1.184,0],[0,0],[0,-10.319]],"v":[[0,-22.419],[-21.852,-3.79],[-21.852,20.501],[-19.666,22.419],[19.667,22.419],[21.852,20.501],[21.852,-3.79]],"c":true},"ix":2},"nm":"Path 1","mn":"ADBE Vector Shape - Group","hd":false},{"ty":"fl","c":{"a":0,"k":[1,0.545000023935,0.090000002992,1],"ix":4},"o":{"a":0,"k":100,"ix":5},"r":1,"nm":"Fill 1","mn":"ADBE Vector Graphic - Fill","hd":false},{"ty":"tr","p":{"a":0,"k":[163.177,44.784],"ix":2},"a":{"a":0,"k":[0,0],"ix":1},"s":{"a":0,"k":[100,100],"ix":3},"r":{"a":0,"k":0,"ix":6},"o":{"a":0,"k":100,"ix":7},"sk":{"a":0,"k":0,"ix":4},"sa":{"a":0,"k":0,"ix":5},"nm":"Transform"}],"nm":"Group 14","np":2,"cix":2,"ix":14,"mn":"ADBE Vector Group","hd":false},{"ty":"gr","it":[{"ind":0,"ty":"sh","ix":1,"ks":{"a":0,"k":{"i":[[10.015,0],[0,0],[0,10.045],[0,0],[-10.015,0],[0,0],[0,-10.045],[0,0]],"o":[[0,0],[-10.015,0],[0,0],[0,-10.045],[0,0],[10.015,0],[0,0],[0,10.045]],"v":[[7.785,30.455],[-7.784,30.455],[-25.994,12.191],[-25.994,-12.191],[-7.784,-30.455],[7.785,-30.455],[25.994,-12.191],[25.994,12.191]],"c":true},"ix":2},"nm":"Path 1","mn":"ADBE Vector Shape - Group","hd":false},{"ty":"st","c":{"a":0,"k":[0.313999998803,0.313999998803,0.313999998803,1],"ix":3},"o":{"a":0,"k":100,"ix":4},"w":{"a":0,"k":5.471,"ix":5},"lc":1,"lj":1,"ml":10,"nm":"Stroke 1","mn":"ADBE Vector Graphic - Stroke","hd":false},{"ty":"tr","p":{"a":0,"k":[39.671,228.977],"ix":2},"a":{"a":0,"k":[0,0],"ix":1},"s":{"a":0,"k":[100,100],"ix":3},"r":{"a":0,"k":0,"ix":6},"o":{"a":0,"k":100,"ix":7},"sk":{"a":0,"k":0,"ix":4},"sa":{"a":0,"k":0,"ix":5},"nm":"Transform"}],"nm":"Group 15","np":2,"cix":2,"ix":15,"mn":"ADBE Vector Group","hd":false},{"ty":"gr","it":[{"ind":0,"ty":"sh","ix":1,"ks":{"a":0,"k":{"i":[[10.015,0],[0,0],[0,10.045],[0,0],[-10.015,0],[0,0],[0,-10.045],[0,0]],"o":[[0,0],[-10.015,0],[0,0],[0,-10.045],[0,0],[10.015,0],[0,0],[0,10.045]],"v":[[7.785,30.455],[-7.784,30.455],[-25.993,12.191],[-25.993,-12.191],[-7.784,-30.455],[7.785,-30.455],[25.993,-12.191],[25.993,12.191]],"c":true},"ix":2},"nm":"Path 1","mn":"ADBE Vector Shape - Group","hd":false},{"ty":"st","c":{"a":0,"k":[0.313999998803,0.313999998803,0.313999998803,1],"ix":3},"o":{"a":0,"k":100,"ix":4},"w":{"a":0,"k":5.471,"ix":5},"lc":1,"lj":1,"ml":10,"nm":"Stroke 1","mn":"ADBE Vector Graphic - Stroke","hd":false},{"ty":"tr","p":{"a":0,"k":[287.684,228.977],"ix":2},"a":{"a":0,"k":[0,0],"ix":1},"s":{"a":0,"k":[100,100],"ix":3},"r":{"a":0,"k":0,"ix":6},"o":{"a":0,"k":100,"ix":7},"sk":{"a":0,"k":0,"ix":4},"sa":{"a":0,"k":0,"ix":5},"nm":"Transform"}],"nm":"Group 16","np":2,"cix":2,"ix":16,"mn":"ADBE Vector Group","hd":false},{"ty":"gr","it":[{"ind":0,"ty":"sh","ix":1,"ks":{"a":0,"k":{"i":[[0,0],[0,0],[0,0],[0,0]],"o":[[0,0],[0,0],[0,0],[0,0]],"v":[[-3.505,-30.455],[3.505,-30.455],[3.505,30.456],[-3.505,30.456]],"c":true},"ix":2},"nm":"Path 1","mn":"ADBE Vector Shape - Group","hd":false},{"ty":"fl","c":{"a":0,"k":[0.910000011968,0.455000005984,0.039000002543,1],"ix":4},"o":{"a":0,"k":100,"ix":5},"r":1,"nm":"Fill 1","mn":"ADBE Vector Graphic - Fill","hd":false},{"ty":"tr","p":{"a":0,"k":[287.502,229.068],"ix":2},"a":{"a":0,"k":[0,0],"ix":1},"s":{"a":0,"k":[100,100],"ix":3},"r":{"a":0,"k":0,"ix":6},"o":{"a":0,"k":100,"ix":7},"sk":{"a":0,"k":0,"ix":4},"sa":{"a":0,"k":0,"ix":5},"nm":"Transform"}],"nm":"Group 17","np":2,"cix":2,"ix":17,"mn":"ADBE Vector Group","hd":false},{"ty":"gr","it":[{"ind":0,"ty":"sh","ix":1,"ks":{"a":0,"k":{"i":[[0,0],[0,0],[0,0],[0,0]],"o":[[0,0],[0,0],[0,0],[0,0]],"v":[[-3.506,-30.455],[3.506,-30.455],[3.506,30.456],[-3.506,30.456]],"c":true},"ix":2},"nm":"Path 1","mn":"ADBE Vector Shape - Group","hd":false},{"ty":"fl","c":{"a":0,"k":[0.910000011968,0.455000005984,0.039000002543,1],"ix":4},"o":{"a":0,"k":100,"ix":5},"r":1,"nm":"Fill 1","mn":"ADBE Vector Graphic - Fill","hd":false},{"ty":"tr","p":{"a":0,"k":[38.943,229.068],"ix":2},"a":{"a":0,"k":[0,0],"ix":1},"s":{"a":0,"k":[100,100],"ix":3},"r":{"a":0,"k":0,"ix":6},"o":{"a":0,"k":100,"ix":7},"sk":{"a":0,"k":0,"ix":4},"sa":{"a":0,"k":0,"ix":5},"nm":"Transform"}],"nm":"Group 18","np":2,"cix":2,"ix":18,"mn":"ADBE Vector Group","hd":false},{"ty":"gr","it":[{"ind":0,"ty":"sh","ix":1,"ks":{"a":0,"k":{"i":[[10.015,0],[0,0],[0,10.045],[0,0],[-10.015,0],[0,0],[0,-10.045],[0,0]],"o":[[0,0],[-10.015,0],[0,0],[0,-10.045],[0,0],[10.015,0],[0,0],[0,10.045]],"v":[[7.785,30.455],[-7.784,30.455],[-25.994,12.191],[-25.994,-12.191],[-7.784,-30.455],[7.785,-30.455],[25.994,-12.191],[25.994,12.191]],"c":true},"ix":2},"nm":"Path 1","mn":"ADBE Vector Shape - Group","hd":false},{"ty":"fl","c":{"a":0,"k":[1,0.545000023935,0.090000002992,1],"ix":4},"o":{"a":0,"k":100,"ix":5},"r":1,"nm":"Fill 1","mn":"ADBE Vector Graphic - Fill","hd":false},{"ty":"tr","p":{"a":0,"k":[39.671,228.977],"ix":2},"a":{"a":0,"k":[0,0],"ix":1},"s":{"a":0,"k":[100,100],"ix":3},"r":{"a":0,"k":0,"ix":6},"o":{"a":0,"k":100,"ix":7},"sk":{"a":0,"k":0,"ix":4},"sa":{"a":0,"k":0,"ix":5},"nm":"Transform"}],"nm":"Group 19","np":2,"cix":2,"ix":19,"mn":"ADBE Vector Group","hd":false},{"ty":"gr","it":[{"ind":0,"ty":"sh","ix":1,"ks":{"a":0,"k":{"i":[[10.015,0],[0,0],[0,10.045],[0,0],[-10.015,0],[0,0],[0,-10.045],[0,0]],"o":[[0,0],[-10.015,0],[0,0],[0,-10.045],[0,0],[10.015,0],[0,0],[0,10.045]],"v":[[7.785,30.455],[-7.784,30.455],[-25.993,12.191],[-25.993,-12.191],[-7.784,-30.455],[7.785,-30.455],[25.993,-12.191],[25.993,12.191]],"c":true},"ix":2},"nm":"Path 1","mn":"ADBE Vector Shape - Group","hd":false},{"ty":"fl","c":{"a":0,"k":[1,0.545000023935,0.090000002992,1],"ix":4},"o":{"a":0,"k":100,"ix":5},"r":1,"nm":"Fill 1","mn":"ADBE Vector Graphic - Fill","hd":false},{"ty":"tr","p":{"a":0,"k":[287.684,228.977],"ix":2},"a":{"a":0,"k":[0,0],"ix":1},"s":{"a":0,"k":[100,100],"ix":3},"r":{"a":0,"k":0,"ix":6},"o":{"a":0,"k":100,"ix":7},"sk":{"a":0,"k":0,"ix":4},"sa":{"a":0,"k":0,"ix":5},"nm":"Transform"}],"nm":"Group 20","np":2,"cix":2,"ix":20,"mn":"ADBE Vector Group","hd":false}],"ip":0,"op":360,"st":0,"bm":0},{"ddd":0,"ind":18,"ty":4,"nm":"black hole/robot 2.1 Outlines","cl":"1","sr":1,"ks":{"o":{"a":0,"k":100,"ix":11},"r":{"a":0,"k":0,"ix":10},"p":{"a":0,"k":[510.312,526.5,0],"ix":2},"a":{"a":0,"k":[175.5,21.5,0],"ix":1},"s":{"a":0,"k":[100,100,100],"ix":6}},"ao":0,"shapes":[{"ty":"gr","it":[{"ind":0,"ty":"sh","ix":1,"ks":{"a":0,"k":{"i":[[0,-11.542],[96.649,0],[0,11.542],[-96.65,0]],"o":[[0,11.542],[-96.65,0],[0,-11.542],[96.649,0]],"v":[[175,0.001],[0,20.898],[-175,0.001],[0,-20.898]],"c":true},"ix":2},"nm":"Path 1","mn":"ADBE Vector Shape - Group","hd":false},{"ty":"fl","c":{"a":0,"k":[0.588000009574,0.588000009574,0.588000009574,1],"ix":4},"o":{"a":0,"k":100,"ix":5},"r":1,"nm":"Fill 1","mn":"ADBE Vector Graphic - Fill","hd":false},{"ty":"tr","p":{"a":0,"k":[175.25,21.147],"ix":2},"a":{"a":0,"k":[0,0],"ix":1},"s":{"a":0,"k":[100,100],"ix":3},"r":{"a":0,"k":0,"ix":6},"o":{"a":0,"k":100,"ix":7},"sk":{"a":0,"k":0,"ix":4},"sa":{"a":0,"k":0,"ix":5},"nm":"Transform"}],"nm":"Group 1","np":2,"cix":2,"ix":1,"mn":"ADBE Vector Group","hd":false}],"ip":0,"op":360,"st":0,"bm":0}],"markers":[],"chars":[{"ch":"S","size":36,"style":"Regular","w":59.33,"data":{"shapes":[{"ty":"gr","it":[{"ind":0,"ty":"sh","ix":1,"ks":{"a":0,"k":{"i":[[-2.441,-1.904],[0,-3.483],[2.637,-2.018],[4.948,0],[3.174,2.49],[0,4.297],[0,0],[-2.295,-3.255],[-4.232,-1.871],[-4.883,0],[-4.492,3.467],[0,5.762],[1.611,2.67],[3.336,2.002],[5.908,1.663],[2.457,2.006],[0,2.903],[-2.588,2.039],[-4.623,0],[-2.734,-2.466],[0,-4.312],[0,0],[2.1,3.32],[3.825,1.888],[4.883,0],[4.475,-3.662],[0,-5.598],[-3.662,-3.369],[-8.041,-2.311]],"o":[[2.441,1.904],[0,3.484],[-2.637,2.019],[-5.306,0],[-3.174,-2.49],[0,0],[0,4.134],[2.295,3.255],[4.231,1.871],[7.52,0],[4.492,-3.467],[0,-3.613],[-1.611,-2.669],[-3.337,-2.002],[-5.908,-1.663],[-2.458,-2.005],[0,-3.619],[2.588,-2.039],[4.98,0],[2.734,2.467],[0,0],[0,-3.938],[-2.1,-3.32],[-3.825,-1.888],[-7.162,0],[-4.476,3.662],[0,4.948],[3.662,3.369],[6.413,1.855]],"v":[[42.48,-26.05],[46.143,-17.969],[42.188,-9.717],[30.811,-6.689],[18.091,-10.425],[13.33,-20.605],[3.906,-20.605],[7.349,-9.521],[17.139,-1.831],[30.811,0.977],[48.828,-4.224],[55.566,-18.066],[53.149,-27.49],[45.728,-34.497],[31.86,-39.995],[19.312,-45.498],[15.625,-52.86],[19.507,-61.346],[30.322,-64.404],[41.895,-60.705],[45.996,-50.537],[55.42,-50.537],[52.271,-61.426],[43.384,-69.238],[30.322,-72.07],[12.866,-66.577],[6.152,-52.686],[11.646,-40.21],[29.199,-31.689]],"c":true},"ix":2},"nm":"S","mn":"ADBE Vector Shape - Group","hd":false}],"nm":"S","np":3,"cix":2,"ix":1,"mn":"ADBE Vector Group","hd":false}]},"fFamily":"Roboto"},{"ch":"e","size":36,"style":"Regular","w":52.98,"data":{"shapes":[{"ty":"gr","it":[{"ind":0,"ty":"sh","ix":1,"ks":{"a":0,"k":{"i":[[-4.427,6.804],[0,0],[2.213,-1.302],[3.19,0],[2.913,3.207],[0.13,5.209],[0,0],[0,0],[3.809,4.525],[6.868,0],[3.596,-2.327],[2.002,-4.118],[0,-5.241],[0,0],[-4.492,-4.704],[-7.162,0]],"o":[[0,0],[-1.66,2.148],[-2.214,1.302],[-4.492,0],[-2.914,-3.206],[0,0],[0,0],[0,-8.43],[-3.809,-4.524],[-4.199,0],[-3.597,2.328],[-2.002,4.118],[0,0],[0,7.878],[4.492,4.704],[8.854,0]],"v":[[48.682,-9.229],[43.164,-13.525],[37.354,-8.35],[29.248,-6.396],[18.14,-11.206],[13.574,-23.828],[49.365,-23.828],[49.365,-27.588],[43.652,-47.021],[27.637,-53.809],[15.942,-50.317],[7.544,-40.649],[4.541,-26.611],[4.541,-24.951],[11.279,-6.079],[28.76,0.977]],"c":true},"ix":2},"nm":"e","mn":"ADBE Vector Shape - Group","hd":false},{"ind":1,"ty":"sh","ix":2,"ks":{"a":0,"k":{"i":[[-2.214,-2.522],[-0.261,-4.59],[0,0],[0,0],[-2.474,2.654],[-3.646,0]],"o":[[2.213,2.523],[0,0],[0,0],[0.586,-4.785],[2.473,-2.653],[3.776,0]],"v":[[36.621,-42.603],[40.332,-31.934],[40.332,-31.25],[13.867,-31.25],[18.457,-42.407],[27.637,-46.387]],"c":true},"ix":2},"nm":"e","mn":"ADBE Vector Shape - Group","hd":false}],"nm":"e","np":5,"cix":2,"ix":1,"mn":"ADBE Vector Group","hd":false}]},"fFamily":"Roboto"},{"ch":"a","size":36,"style":"Regular","w":54.39,"data":{"shapes":[{"ty":"gr","it":[{"ind":0,"ty":"sh","ix":1,"ks":{"a":0,"k":{"i":[[0,0],[0,0],[0,4.851],[0,0],[3.45,3.044],[6.087,0],[3.206,-1.432],[1.871,-2.457],[0,-2.637],[0,0],[-2.181,1.628],[-3.223,0],[-1.888,-1.871],[0,-3.157],[0,0],[0,0],[4.182,-3.043],[0,-5.501],[-3.337,-2.946],[-5.209,0],[-4.199,4.362],[-0.521,-1.041]],"o":[[0,0],[-1.237,-2.864],[0,0],[-0.13,-5.338],[-3.451,-3.043],[-3.841,0],[-3.207,1.433],[-1.872,2.458],[0,0],[0,-2.311],[2.18,-1.627],[3.678,0],[1.888,1.872],[0,0],[0,0],[-7.585,0],[-4.183,3.044],[0,4.525],[3.336,2.946],[5.827,0],[0.325,2.67],[0,0]],"v":[[48.926,0],[48.926,-0.781],[47.07,-12.354],[47.07,-36.67],[41.699,-49.243],[27.393,-53.809],[16.821,-51.66],[9.204,-45.825],[6.396,-38.184],[15.479,-38.184],[18.75,-44.092],[26.855,-46.533],[35.205,-43.726],[38.037,-36.182],[38.037,-32.031],[29.248,-32.031],[11.597,-27.466],[5.322,-14.648],[10.327,-3.442],[23.145,0.977],[38.184,-5.566],[39.453,0]],"c":true},"ix":2},"nm":"a","mn":"ADBE Vector Shape - Group","hd":false},{"ind":1,"ty":"sh","ix":2,"ks":{"a":0,"k":{"i":[[1.888,1.595],[0,2.832],[-11.068,0],[0,0],[0,0],[2.539,-1.465],[2.832,0]],"o":[[-1.888,-1.595],[0,-6.477],[0,0],[0,0],[-1.14,2.344],[-2.539,1.465],[-2.962,0]],"v":[[17.188,-9.277],[14.355,-15.918],[30.957,-25.635],[38.037,-25.635],[38.037,-14.795],[32.52,-9.082],[24.463,-6.885]],"c":true},"ix":2},"nm":"a","mn":"ADBE Vector Shape - Group","hd":false}],"nm":"a","np":5,"cix":2,"ix":1,"mn":"ADBE Vector Group","hd":false}]},"fFamily":"Roboto"},{"ch":"r","size":36,"style":"Regular","w":33.84,"data":{"shapes":[{"ty":"gr","it":[{"ind":0,"ty":"sh","ix":1,"ks":{"a":0,"k":{"i":[[0,0],[1.758,0],[2.962,-4.72],[0,0],[0,0],[0,0],[0,0],[0,0],[-5.925,0],[-1.367,-0.227]],"o":[[-0.912,-0.455],[-5.437,0],[0,0],[0,0],[0,0],[0,0],[0,0],[2.116,-5.045],[1.595,0],[0,0]],"v":[[32.373,-53.125],[28.369,-53.809],[15.771,-46.729],[15.625,-52.832],[6.836,-52.832],[6.836,0],[15.869,0],[15.869,-37.5],[27.93,-45.068],[32.373,-44.727]],"c":true},"ix":2},"nm":"r","mn":"ADBE Vector Shape - Group","hd":false}],"nm":"r","np":3,"cix":2,"ix":1,"mn":"ADBE Vector Group","hd":false}]},"fFamily":"Roboto"},{"ch":"c","size":36,"style":"Regular","w":52.34,"data":{"shapes":[{"ty":"gr","it":[{"ind":0,"ty":"sh","ix":1,"ks":{"a":0,"k":{"i":[[2.506,3.288],[0,6.087],[0,0],[-2.523,3.304],[-4.59,0],[-2.328,-2.197],[-0.261,-3.418],[0,0],[3.922,3.548],[5.924,0],[3.532,-2.213],[1.888,-4.004],[0,-5.143],[0,0],[-4.248,-4.801],[-7.195,0],[-3.207,1.627],[-1.921,2.734],[-0.163,3.027],[0,0],[2.409,-1.953],[3.223,0]],"o":[[-2.507,-3.288],[0,0],[0,-6.25],[2.522,-3.304],[3.418,0],[2.327,2.197],[0,0],[-0.261,-5.664],[-3.923,-3.548],[-4.818,0],[-3.532,2.214],[-1.888,4.004],[0,0],[0,8.334],[4.248,4.802],[3.58,0],[3.206,-1.627],[1.92,-2.734],[0,0],[-0.261,2.93],[-2.409,1.953],[-4.655,0]],"v":[[17.285,-11.328],[13.525,-25.391],[13.525,-27.1],[17.31,-41.431],[27.979,-46.387],[36.597,-43.091],[40.479,-34.668],[49.023,-34.668],[42.749,-48.486],[27.979,-53.809],[15.454,-50.488],[7.324,-41.162],[4.492,-27.441],[4.492,-25.928],[10.864,-6.226],[28.027,0.977],[38.208,-1.465],[45.898,-8.008],[49.023,-16.65],[40.479,-16.65],[36.475,-9.326],[28.027,-6.396]],"c":true},"ix":2},"nm":"c","mn":"ADBE Vector Shape - Group","hd":false}],"nm":"c","np":3,"cix":2,"ix":1,"mn":"ADBE Vector Group","hd":false}]},"fFamily":"Roboto"},{"ch":"h","size":36,"style":"Regular","w":55.08,"data":{"shapes":[{"ty":"gr","it":[{"ind":0,"ty":"sh","ix":1,"ks":{"a":0,"k":{"i":[[0,0],[0,0],[0,0],[0,0],[0,0],[-2.214,1.563],[-2.93,0],[-1.709,-1.823],[-0.033,-3.809],[0,0],[0,0],[0,0],[11.165,0],[4.004,-4.915]],"o":[[0,0],[0,0],[0,0],[0,0],[1.237,-2.539],[2.213,-1.563],[3.613,0],[1.709,1.823],[0,0],[0,0],[0,0],[-0.098,-12.598],[-6.413,0],[0,0]],"v":[[15.869,-75],[6.836,-75],[6.836,0],[15.869,0],[15.869,-37.646],[21.045,-43.799],[28.76,-46.143],[36.743,-43.408],[39.355,-34.961],[39.355,0],[48.389,0],[48.389,-34.912],[31.494,-53.809],[15.869,-46.436]],"c":true},"ix":2},"nm":"h","mn":"ADBE Vector Shape - Group","hd":false}],"nm":"h","np":3,"cix":2,"ix":1,"mn":"ADBE Vector Group","hd":false}]},"fFamily":"Roboto"},{"ch":"i","size":36,"style":"Regular","w":24.27,"data":{"shapes":[{"ty":"gr","it":[{"ind":0,"ty":"sh","ix":1,"ks":{"a":0,"k":{"i":[[0,0],[0,0],[0,0],[0,0]],"o":[[0,0],[0,0],[0,0],[0,0]],"v":[[16.65,-52.832],[7.617,-52.832],[7.617,0],[16.65,0]],"c":true},"ix":2},"nm":"i","mn":"ADBE Vector Shape - Group","hd":false},{"ind":1,"ty":"sh","ix":2,"ks":{"a":0,"k":{"i":[[-0.896,-0.977],[-1.758,0],[-0.912,0.977],[0,1.465],[0.911,1.009],[1.758,0],[0.895,-1.009],[0,-1.465]],"o":[[0.895,0.977],[1.758,0],[0.911,-0.977],[0,-1.465],[-0.912,-1.009],[-1.758,0],[-0.896,1.009],[0,1.465]],"v":[[8.228,-63.184],[12.207,-61.719],[16.211,-63.184],[17.578,-66.846],[16.211,-70.557],[12.207,-72.07],[8.228,-70.557],[6.885,-66.846]],"c":true},"ix":2},"nm":"i","mn":"ADBE Vector Shape - Group","hd":false}],"nm":"i","np":5,"cix":2,"ix":1,"mn":"ADBE Vector Group","hd":false}]},"fFamily":"Roboto"},{"ch":"n","size":36,"style":"Regular","w":55.18,"data":{"shapes":[{"ty":"gr","it":[{"ind":0,"ty":"sh","ix":1,"ks":{"a":0,"k":{"i":[[0,0],[0,0],[0,0],[0,0],[-2.214,1.563],[-2.93,0],[-1.709,-1.823],[-0.033,-3.809],[0,0],[0,0],[0,0],[11.165,0],[4.036,-5.078],[0,0]],"o":[[0,0],[0,0],[0,0],[1.237,-2.539],[2.213,-1.563],[3.613,0],[1.709,1.823],[0,0],[0,0],[0,0],[-0.098,-12.598],[-6.511,0],[0,0],[0,0]],"v":[[6.836,-52.832],[6.836,0],[15.869,0],[15.869,-37.646],[21.045,-43.799],[28.76,-46.143],[36.743,-43.408],[39.355,-34.961],[39.355,0],[48.389,0],[48.389,-34.912],[31.494,-53.809],[15.674,-46.191],[15.381,-52.832]],"c":true},"ix":2},"nm":"n","mn":"ADBE Vector Shape - Group","hd":false}],"nm":"n","np":3,"cix":2,"ix":1,"mn":"ADBE Vector Group","hd":false}]},"fFamily":"Roboto"},{"ch":"g","size":36,"style":"Regular","w":56.1,"data":{"shapes":[{"ty":"gr","it":[{"ind":0,"ty":"sh","ix":1,"ks":{"a":0,"k":{"i":[[-3.825,-4.98],[-6.185,0],[-3.613,4.167],[0,0],[2.457,-2.474],[4.395,0],[3.873,4.785],[0,0],[-3.646,-1.628],[-3.809,0],[-4.053,3.938],[0,6.836],[0,0],[0,0],[0,0],[6.445,0],[3.809,-4.866],[0,-8.235]],"o":[[3.825,4.98],[6.25,0],[0,0],[0,4.492],[-2.458,2.473],[-5.599,0],[0,0],[1.92,2.832],[3.645,1.627],[6.836,0],[4.053,-3.939],[0,0],[0,0],[0,0],[-3.613,-4.557],[-6.283,0],[-3.809,4.867],[0,8.594]],"v":[[10.425,-6.494],[25.439,0.977],[40.234,-5.273],[40.234,-0.732],[36.548,9.717],[26.27,13.428],[12.061,6.25],[7.373,11.67],[15.723,18.359],[26.904,20.801],[43.237,14.893],[49.316,-1.27],[49.316,-52.832],[41.064,-52.832],[40.625,-46.973],[25.537,-53.809],[10.4,-46.509],[4.688,-26.855]],"c":true},"ix":2},"nm":"g","mn":"ADBE Vector Shape - Group","hd":false},{"ind":1,"ty":"sh","ix":2,"ks":{"a":0,"k":{"i":[[-2.474,3.418],[-4.395,0],[-2.767,-5.045],[0,0],[5.696,0],[2.441,3.402],[0,5.957]],"o":[[2.473,-3.418],[5.534,0],[0,0],[-2.67,5.176],[-4.395,0],[-2.441,-3.401],[0,-6.705]],"v":[[17.48,-41.016],[27.783,-46.143],[40.234,-38.574],[40.234,-14.453],[27.686,-6.689],[17.432,-11.792],[13.77,-25.83]],"c":true},"ix":2},"nm":"g","mn":"ADBE Vector Shape - Group","hd":false}],"nm":"g","np":5,"cix":2,"ix":1,"mn":"ADBE Vector Group","hd":false}]},"fFamily":"Roboto"},{"ch":" ","size":36,"style":"Regular","w":24.76,"data":{},"fFamily":"Roboto"},{"ch":"N","size":36,"style":"Regular","w":71.29,"data":{"shapes":[{"ty":"gr","it":[{"ind":0,"ty":"sh","ix":1,"ks":{"a":0,"k":{"i":[[0,0],[0,0],[0,0],[0,0],[0,0],[0,0],[0,0],[0,0],[0,0],[0,0]],"o":[[0,0],[0,0],[0,0],[0,0],[0,0],[0,0],[0,0],[0,0],[0,0],[0,0]],"v":[[62.891,-71.094],[53.564,-71.094],[53.564,-16.064],[17.676,-71.094],[8.252,-71.094],[8.252,0],[17.676,0],[17.676,-54.785],[53.467,0],[62.891,0]],"c":true},"ix":2},"nm":"N","mn":"ADBE Vector Shape - Group","hd":false}],"nm":"N","np":3,"cix":2,"ix":1,"mn":"ADBE Vector Group","hd":false}]},"fFamily":"Roboto"},{"ch":"t","size":36,"style":"Regular","w":32.67,"data":{"shapes":[{"ty":"gr","it":[{"ind":0,"ty":"sh","ix":1,"ks":{"a":0,"k":{"i":[[0,0],[0,0],[0,0],[0,0],[0,0],[0,0],[-2.051,-2.441],[-4.037,0],[-2.377,0.647],[0,0],[1.041,0],[0.879,1.059],[0,2.119],[0,0],[0,0],[0,0],[0,0],[0,0]],"o":[[0,0],[0,0],[0,0],[0,0],[0,0],[0,4.492],[2.051,2.441],[2.246,0],[0,0],[-1.823,0.391],[-2.116,0],[-0.879,-1.059],[0,0],[0,0],[0,0],[0,0],[0,0],[0,0]],"v":[[10.059,-65.625],[10.059,-52.832],[0.439,-52.832],[0.439,-45.85],[10.059,-45.85],[10.059,-13.086],[13.135,-2.686],[22.266,0.977],[29.199,0.006],[29.199,-7.275],[24.902,-6.689],[20.41,-8.278],[19.092,-13.045],[19.092,-45.85],[28.955,-45.85],[28.955,-52.832],[19.092,-52.832],[19.092,-65.625]],"c":true},"ix":2},"nm":"t","mn":"ADBE Vector Shape - Group","hd":false}],"nm":"t","np":3,"cix":2,"ix":1,"mn":"ADBE Vector Group","hd":false}]},"fFamily":"Roboto"},{"ch":"w","size":36,"style":"Regular","w":75.15,"data":{"shapes":[{"ty":"gr","it":[{"ind":0,"ty":"sh","ix":1,"ks":{"a":0,"k":{"i":[[0,0],[0,0],[0,0],[0,0],[0,0],[0,0],[0,0],[0,0],[0,0],[0,0],[0,0],[0,0],[0,0]],"o":[[0,0],[0,0],[0,0],[0,0],[0,0],[0,0],[0,0],[0,0],[0,0],[0,0],[0,0],[0,0],[0,0]],"v":[[41.064,-52.832],[33.789,-52.832],[21.484,-13.281],[11.084,-52.832],[2.1,-52.832],[17.432,0],[24.756,0],[37.256,-40.039],[50.098,0],[57.422,0],[72.803,-52.832],[63.77,-52.832],[53.613,-12.451]],"c":true},"ix":2},"nm":"w","mn":"ADBE Vector Shape - Group","hd":false}],"nm":"w","np":3,"cix":2,"ix":1,"mn":"ADBE Vector Group","hd":false}]},"fFamily":"Roboto"},{"ch":"o","size":36,"style":"Regular","w":57.03,"data":{"shapes":[{"ty":"gr","it":[{"ind":0,"ty":"sh","ix":1,"ks":{"a":0,"k":{"i":[[0,0],[-4.443,-4.98],[-7.162,0],[-3.662,2.279],[-1.97,4.086],[0,5.144],[0,0],[4.443,4.98],[7.194,0],[3.629,-2.246],[2.034,-4.134],[0,-5.176]],"o":[[0,8.203],[4.443,4.98],[4.752,0],[3.662,-2.278],[1.969,-4.085],[0,0],[0,-8.268],[-4.443,-4.98],[-4.655,0],[-3.63,2.246],[-2.035,4.134],[0,0]],"v":[[4.443,-26.27],[11.108,-6.494],[28.516,0.977],[41.138,-2.441],[49.585,-11.987],[52.539,-25.83],[52.539,-26.465],[45.874,-46.338],[28.418,-53.809],[15.991,-50.439],[7.495,-40.869],[4.443,-26.904]],"c":true},"ix":2},"nm":"o","mn":"ADBE Vector Shape - Group","hd":false},{"ind":1,"ty":"sh","ix":2,"ks":{"a":0,"k":{"i":[[-2.734,3.548],[-4.46,0],[-2.751,-3.596],[0,-5.794],[2.702,-3.596],[4.59,0],[2.718,3.548],[0,5.859]],"o":[[2.734,-3.548],[4.557,0],[2.75,3.597],[0,6.478],[-2.702,3.597],[-4.558,0],[-2.718,-3.548],[0,-6.608]],"v":[[17.627,-41.064],[28.418,-46.387],[39.38,-40.991],[43.506,-26.904],[39.453,-11.792],[28.516,-6.396],[17.603,-11.719],[13.525,-25.83]],"c":true},"ix":2},"nm":"o","mn":"ADBE Vector Shape - Group","hd":false}],"nm":"o","np":5,"cix":2,"ix":1,"mn":"ADBE Vector Group","hd":false}]},"fFamily":"Roboto"},{"ch":"k","size":36,"style":"Regular","w":50.68,"data":{"shapes":[{"ty":"gr","it":[{"ind":0,"ty":"sh","ix":1,"ks":{"a":0,"k":{"i":[[0,0],[0,0],[0,0],[0,0],[0,0],[0,0],[0,0],[0,0],[0,0],[0,0],[0,0],[0,0],[0,0]],"o":[[0,0],[0,0],[0,0],[0,0],[0,0],[0,0],[0,0],[0,0],[0,0],[0,0],[0,0],[0,0],[0,0]],"v":[[39.99,0],[50.586,0],[27.637,-30.762],[48.193,-52.832],[37.207,-52.832],[20.752,-35.449],[15.918,-29.639],[15.918,-75],[6.885,-75],[6.885,0],[15.918,0],[15.918,-18.555],[21.582,-24.463]],"c":true},"ix":2},"nm":"k","mn":"ADBE Vector Shape - Group","hd":false}],"nm":"k","np":3,"cix":2,"ix":1,"mn":"ADBE Vector Group","hd":false}]},"fFamily":"Roboto"},{"ch":".","size":36,"style":"Regular","w":26.32,"data":{"shapes":[{"ty":"gr","it":[{"ind":0,"ty":"sh","ix":1,"ks":{"a":0,"k":{"i":[[-0.928,-1.009],[-1.855,0],[-0.961,1.009],[0,1.498],[0.96,1.042],[1.855,0],[0.928,-1.041],[0,-1.563]],"o":[[0.928,1.009],[1.855,0],[0.96,-1.009],[0,-1.563],[-0.961,-1.041],[-1.855,0],[-0.928,1.042],[0,1.498]],"v":[[8.423,-0.977],[12.598,0.537],[16.821,-0.977],[18.262,-4.736],[16.821,-8.643],[12.598,-10.205],[8.423,-8.643],[7.031,-4.736]],"c":true},"ix":2},"nm":".","mn":"ADBE Vector Shape - Group","hd":false}],"nm":".","np":3,"cix":2,"ix":1,"mn":"ADBE Vector Group","hd":false}]},"fFamily":"Roboto"},{"ch":"W","size":36,"style":"Regular","w":88.72,"data":{"shapes":[{"ty":"gr","it":[{"ind":0,"ty":"sh","ix":1,"ks":{"a":0,"k":{"i":[[0,0],[0,0],[0,0],[0,0],[0,0],[0,0],[0,0],[0,0],[0,0],[0,0],[0,0],[0,0],[0,0],[0,0],[0,0],[0,0],[0,0],[0,0],[0,0]],"o":[[0,0],[0,0],[0,0],[0,0],[0,0],[0,0],[0,0],[0,0],[0,0],[0,0],[0,0],[0,0],[0,0],[0,0],[0,0],[0,0],[0,0],[0,0],[0,0]],"v":[[12.354,-71.094],[2.979,-71.094],[20.166,0],[28.711,0],[43.896,-51.807],[45.02,-57.227],[46.143,-51.807],[60.791,0],[69.336,0],[86.572,-71.094],[77.148,-71.094],[66.113,-22.461],[64.6,-12.891],[62.646,-21.484],[48.926,-71.094],[41.016,-71.094],[26.953,-21.484],[24.951,-13.037],[23.584,-22.412]],"c":true},"ix":2},"nm":"W","mn":"ADBE Vector Shape - Group","hd":false}],"nm":"W","np":3,"cix":2,"ix":1,"mn":"ADBE Vector Group","hd":false}]},"fFamily":"Roboto"},{"ch":"â","size":36,"style":"Regular","w":14.75,"data":{"shapes":[{"ty":"gr","it":[{"ind":0,"ty":"sh","ix":1,"ks":{"a":0,"k":{"i":[[-1.579,3.239],[-0.033,3.255],[0,0],[0,0],[0,0],[3.027,-4.231],[0,0]],"o":[[1.579,-3.239],[0,0],[0,0],[0,0],[-0.098,4.688],[0,0],[2.473,-1.985]],"v":[[13.55,-58.911],[15.967,-68.652],[15.967,-75],[7.031,-75],[7.031,-67.969],[2.344,-54.59],[7.471,-51.074]],"c":true},"ix":2},"nm":"â","mn":"ADBE Vector Shape - Group","hd":false}],"nm":"â","np":3,"cix":2,"ix":1,"mn":"ADBE Vector Group","hd":false}]},"fFamily":"Roboto"},{"ch":"y","size":36,"style":"Regular","w":47.31,"data":{"shapes":[{"ty":"gr","it":[{"ind":0,"ty":"sh","ix":1,"ks":{"a":0,"k":{"i":[[0,0],[0,0],[0,0],[0,0],[1.709,-1.237],[3.059,0],[0,0],[0,0],[0,0],[0,0],[-3.288,8.789],[0,0],[0,0],[0,0]],"o":[[0,0],[0,0],[0,0],[-1.107,3.288],[-1.709,1.237],[0,0],[0,0],[0,0],[0,0],[7.161,0],[0,0],[0,0],[0,0],[0,0]],"v":[[10.938,-52.832],[1.074,-52.832],[19.922,-0.586],[17.92,4.785],[13.696,11.572],[6.543,13.428],[4.102,13.232],[4.102,20.557],[7.471,21.191],[9.18,21.338],[24.854,8.154],[46.094,-52.832],[36.426,-52.832],[24.121,-13.232]],"c":true},"ix":2},"nm":"y","mn":"ADBE Vector Shape - Group","hd":false}],"nm":"y","np":3,"cix":2,"ix":1,"mn":"ADBE Vector Group","hd":false}]},"fFamily":"Roboto"},{"ch":"u","size":36,"style":"Regular","w":55.13,"data":{"shapes":[{"ty":"gr","it":[{"ind":0,"ty":"sh","ix":1,"ks":{"a":0,"k":{"i":[[0,0],[0,0],[0,0],[0,0],[0,0],[6.901,0],[0,8.008],[0,0],[0,0],[0,0],[-2.946,-3.271],[-5.632,0],[-3.516,4.134]],"o":[[0,0],[0,0],[0,0],[0,0],[-2.279,5.144],[-6.511,0],[0,0],[0,0],[0,0],[0.032,6.413],[2.946,3.271],[6.803,0],[0,0]],"v":[[39.648,0],[48.242,0],[48.242,-52.832],[39.209,-52.832],[39.209,-14.404],[25.439,-6.689],[15.674,-18.701],[15.674,-52.832],[6.641,-52.832],[6.641,-18.457],[11.108,-3.931],[23.975,0.977],[39.453,-5.225]],"c":true},"ix":2},"nm":"u","mn":"ADBE Vector Shape - Group","hd":false}],"nm":"u","np":3,"cix":2,"ix":1,"mn":"ADBE Vector Group","hd":false}]},"fFamily":"Roboto"},{"ch":"l","size":36,"style":"Regular","w":24.27,"data":{"shapes":[{"ty":"gr","it":[{"ind":0,"ty":"sh","ix":1,"ks":{"a":0,"k":{"i":[[0,0],[0,0],[0,0],[0,0]],"o":[[0,0],[0,0],[0,0],[0,0]],"v":[[16.65,-75],[7.617,-75],[7.617,0],[16.65,0]],"c":true},"ix":2},"nm":"l","mn":"ADBE Vector Shape - Group","hd":false}],"nm":"l","np":3,"cix":2,"ix":1,"mn":"ADBE Vector Group","hd":false}]},"fFamily":"Roboto"},{"ch":"d","size":36,"style":"Regular","w":56.4,"data":{"shapes":[{"ty":"gr","it":[{"ind":0,"ty":"sh","ix":1,"ks":{"a":0,"k":{"i":[[0,0],[-3.857,-5.013],[-6.12,0],[-3.613,4.427],[0,0],[0,0],[0,0],[0,0],[0,0],[6.184,0],[3.841,-4.932],[0,-8.105]],"o":[[0,8.073],[3.857,5.013],[6.445,0],[0,0],[0,0],[0,0],[0,0],[0,0],[-3.613,-4.231],[-6.218,0],[-3.841,4.932],[0,0]],"v":[[4.639,-26.172],[10.425,-6.543],[25.391,0.977],[40.479,-5.664],[40.918,0],[49.219,0],[49.219,-75],[40.186,-75],[40.186,-47.461],[25.488,-53.809],[10.4,-46.411],[4.639,-26.855]],"c":true},"ix":2},"nm":"d","mn":"ADBE Vector Shape - Group","hd":false},{"ind":1,"ty":"sh","ix":2,"ks":{"a":0,"k":{"i":[[-2.474,3.418],[-4.427,0],[-2.702,-4.98],[0,0],[5.729,0],[2.473,3.386],[0,5.99]],"o":[[2.473,-3.418],[5.598,0],[0,0],[-2.637,5.144],[-4.362,0],[-2.474,-3.385],[0,-6.705]],"v":[[17.383,-41.016],[27.734,-46.143],[40.186,-38.672],[40.186,-14.404],[27.637,-6.689],[17.383,-11.768],[13.672,-25.83]],"c":true},"ix":2},"nm":"d","mn":"ADBE Vector Shape - Group","hd":false}],"nm":"d","np":5,"cix":2,"ix":1,"mn":"ADBE Vector Group","hd":false}]},"fFamily":"Roboto"}]}