{"v":"4.6.7","fr":29.9700012207031,"ip":0,"op":60.0000024438501,"w":300,"h":246,"nm":"Feedback","ddd":0,"assets":[],"layers":[{"ddd":0,"ind":10,"ty":4,"nm":"feedback2 Outlines 2","ks":{"o":{"a":1,"k":[{"i":{"x":[0.485],"y":[0.989]},"o":{"x":[0.15],"y":[0.426]},"n":["0p485_0p989_0p15_0p426"],"t":15,"s":[0],"e":[100]},{"t":45.0000018328876}]},"r":{"a":0,"k":0},"p":{"s":true,"x":{"a":0,"k":150},"y":{"a":0,"k":123}},"a":{"a":0,"k":[36,36,0]},"s":{"a":0,"k":[100,100,100]}},"ao":0,"shapes":[{"ty":"gr","it":[{"ind":0,"ty":"sh","ix":1,"ks":{"a":0,"k":{"i":[[0,0],[0,0],[0,0],[0,0],[0,0]],"o":[[0,0],[0,0],[0,0],[0,0],[0,0]],"v":[[3,6],[3,6],[-3,6],[-3,-6],[3,-6]],"c":true}},"nm":"Path 1","mn":"ADBE Vector Shape - Group"},{"ty":"fl","c":{"a":0,"k":[1,1,1,1]},"o":{"a":0,"k":100},"r":1,"nm":"Fill 1","mn":"ADBE Vector Graphic - Fill"},{"ty":"tr","p":{"a":0,"k":[36,24],"ix":2},"a":{"a":0,"k":[0,0],"ix":1},"s":{"a":0,"k":[100,100],"ix":3},"r":{"a":0,"k":0,"ix":6},"o":{"a":0,"k":100,"ix":7},"sk":{"a":0,"k":0,"ix":4},"sa":{"a":0,"k":0,"ix":5},"nm":"Transform"}],"nm":"Group 1","np":2,"cix":2,"ix":1,"mn":"ADBE Vector Group"},{"ty":"gr","it":[{"ind":0,"ty":"sh","ix":1,"ks":{"a":0,"k":{"i":[[0,0],[0,0],[0,0],[0,0],[0,0]],"o":[[0,0],[0,0],[0,0],[0,0],[0,0]],"v":[[3,3],[3,3],[-3,3],[-3,-3],[3,-3]],"c":true}},"nm":"Path 1","mn":"ADBE Vector Shape - Group"},{"ty":"fl","c":{"a":0,"k":[1,1,1,1]},"o":{"a":0,"k":100},"r":1,"nm":"Fill 1","mn":"ADBE Vector Graphic - Fill"},{"ty":"tr","p":{"a":0,"k":[36,39],"ix":2},"a":{"a":0,"k":[0,0],"ix":1},"s":{"a":0,"k":[100,100],"ix":3},"r":{"a":0,"k":0,"ix":6},"o":{"a":0,"k":100,"ix":7},"sk":{"a":0,"k":0,"ix":4},"sa":{"a":0,"k":0,"ix":5},"nm":"Transform"}],"nm":"Group 2","np":2,"cix":2,"ix":2,"mn":"ADBE Vector Group"}],"ip":11.0000004480392,"op":911.000037105791,"st":11.0000004480392,"bm":0,"sr":1},{"ddd":0,"ind":11,"ty":4,"nm":"Shape Layer 1","td":1,"ks":{"o":{"a":0,"k":100},"r":{"a":0,"k":0},"p":{"a":0,"k":[150,123,0]},"a":{"a":0,"k":[0,0,0]},"s":{"a":0,"k":[100,100,100]}},"ao":0,"hasMask":true,"masksProperties":[{"inv":false,"mode":"a","pt":{"a":0,"k":{"i":[[0,0],[0,0],[0,0],[0,0]],"o":[[0,0],[0,0],[0,0],[0,0]],"v":[[-17.375,-30],[-17.375,14.663],[18.056,14.663],[18.056,-30]],"c":true}},"o":{"a":0,"k":100},"x":{"a":0,"k":0},"nm":"Mask 1"}],"shapes":[{"ty":"gr","it":[{"ty":"rc","d":1,"s":{"a":0,"k":[35.431,44.663]},"p":{"a":0,"k":[0,0]},"r":{"a":0,"k":0},"nm":"Rectangle Path 1","mn":"ADBE Vector Shape - Rect"},{"ty":"fl","c":{"a":0,"k":[0.921569,0.211765,0.211765,1]},"o":{"a":0,"k":100},"r":1,"nm":"Fill 1","mn":"ADBE Vector Graphic - Fill"},{"ty":"tr","p":{"a":0,"k":[0.341,-7.669],"ix":2},"a":{"a":0,"k":[0,0],"ix":1},"s":{"a":0,"k":[100,100],"ix":3},"r":{"a":0,"k":0,"ix":6},"o":{"a":0,"k":100,"ix":7},"sk":{"a":0,"k":0,"ix":4},"sa":{"a":0,"k":0,"ix":5},"nm":"Transform"}],"nm":"Rectangle 1","np":3,"cix":2,"ix":1,"mn":"ADBE Vector Group"}],"ip":0,"op":900.000036657751,"st":0,"bm":0,"sr":1},{"ddd":0,"ind":12,"ty":4,"nm":"feedback2 Outlines","tt":1,"ks":{"o":{"a":0,"k":100},"r":{"a":0,"k":0},"p":{"s":true,"x":{"a":1,"k":[{"i":{"x":[0.99],"y":[0.99]},"o":{"x":[0.01],"y":[0.01]},"n":["0p99_0p99_0p01_0p01"],"t":0,"s":[150],"e":[150]},{"t":30.0000012219251}]},"y":{"a":1,"k":[{"i":{"x":[0.628],"y":[0.921]},"o":{"x":[0.078],"y":[1.071]},"n":["0p628_0p921_0p078_1p071"],"t":0,"s":[123],"e":[25.5]},{"t":30.0000012219251}]}},"a":{"a":0,"k":[36,36,0]},"s":{"a":0,"k":[100,100,100]}},"ao":0,"shapes":[{"ty":"gr","it":[{"ind":0,"ty":"sh","ix":1,"ks":{"a":0,"k":{"i":[[0,0],[0,0],[0,0],[0,0],[0,0]],"o":[[0,0],[0,0],[0,0],[0,0],[0,0]],"v":[[3,6],[3,6],[-3,6],[-3,-6],[3,-6]],"c":true}},"nm":"Path 1","mn":"ADBE Vector Shape - Group"},{"ty":"fl","c":{"a":0,"k":[1,1,1,1]},"o":{"a":0,"k":100},"r":1,"nm":"Fill 1","mn":"ADBE Vector Graphic - Fill"},{"ty":"tr","p":{"a":0,"k":[36,24],"ix":2},"a":{"a":0,"k":[0,0],"ix":1},"s":{"a":0,"k":[100,100],"ix":3},"r":{"a":0,"k":0,"ix":6},"o":{"a":0,"k":100,"ix":7},"sk":{"a":0,"k":0,"ix":4},"sa":{"a":0,"k":0,"ix":5},"nm":"Transform"}],"nm":"Group 1","np":2,"cix":2,"ix":1,"mn":"ADBE Vector Group"},{"ty":"gr","it":[{"ind":0,"ty":"sh","ix":1,"ks":{"a":0,"k":{"i":[[0,0],[0,0],[0,0],[0,0],[0,0]],"o":[[0,0],[0,0],[0,0],[0,0],[0,0]],"v":[[3,3],[3,3],[-3,3],[-3,-3],[3,-3]],"c":true}},"nm":"Path 1","mn":"ADBE Vector Shape - Group"},{"ty":"fl","c":{"a":0,"k":[1,1,1,1]},"o":{"a":0,"k":100},"r":1,"nm":"Fill 1","mn":"ADBE Vector Graphic - Fill"},{"ty":"tr","p":{"a":0,"k":[36,39],"ix":2},"a":{"a":0,"k":[0,0],"ix":1},"s":{"a":0,"k":[100,100],"ix":3},"r":{"a":0,"k":0,"ix":6},"o":{"a":0,"k":100,"ix":7},"sk":{"a":0,"k":0,"ix":4},"sa":{"a":0,"k":0,"ix":5},"nm":"Transform"}],"nm":"Group 2","np":2,"cix":2,"ix":2,"mn":"ADBE Vector Group"}],"ip":0,"op":900.000036657751,"st":0,"bm":0,"sr":1},{"ddd":0,"ind":13,"ty":4,"nm":"feedback1 Outlines","ks":{"o":{"a":0,"k":100},"r":{"a":0,"k":0},"p":{"s":true,"x":{"a":0,"k":150},"y":{"a":0,"k":123}},"a":{"a":0,"k":[36,36,0]},"s":{"a":0,"k":[100,100,100]}},"ao":0,"shapes":[{"ty":"gr","it":[{"ind":0,"ty":"sh","ix":1,"ks":{"a":0,"k":{"i":[[3.313,0],[0,0],[0,-3.313],[0,0],[0,0],[0,0],[0,3.313],[0,0]],"o":[[0,0],[-3.313,0],[0,0],[0,0],[0,0],[3.313,0],[0,0],[0,-3.313]],"v":[[24,-30],[-24,-30],[-30,-24],[-30,30],[-18,18],[24,18],[30,12],[30,-24]],"c":true}},"nm":"Path 1","mn":"ADBE Vector Shape - Group"},{"ty":"fl","c":{"a":0,"k":[0.298,0.506,0.549,1]},"o":{"a":0,"k":100},"r":1,"nm":"Fill 1","mn":"ADBE Vector Graphic - Fill"},{"ty":"tr","p":{"a":0,"k":[36,36],"ix":2},"a":{"a":0,"k":[0,0],"ix":1},"s":{"a":0,"k":[100,100],"ix":3},"r":{"a":0,"k":0,"ix":6},"o":{"a":0,"k":100,"ix":7},"sk":{"a":0,"k":0,"ix":4},"sa":{"a":0,"k":0,"ix":5},"nm":"Transform"}],"nm":"Group 1","np":2,"cix":2,"ix":1,"mn":"ADBE Vector Group"}],"ip":0,"op":900.000036657751,"st":0,"bm":0,"sr":1},{"ddd":0,"ind":14,"ty":4,"nm":"feedback3 Outlines","ks":{"o":{"a":1,"k":[{"i":{"x":[0.493],"y":[0.939]},"o":{"x":[0.108],"y":[0.757]},"n":["0p493_0p939_0p108_0p757"],"t":9,"s":[100],"e":[0]},{"t":30.0000012219251}]},"r":{"a":0,"k":0},"p":{"s":true,"x":{"a":0,"k":150},"y":{"a":1,"k":[{"i":{"x":[0.628],"y":[0.921]},"o":{"x":[0.078],"y":[1.071]},"n":["0p628_0p921_0p078_1p071"],"t":0,"s":[123],"e":[25.5]},{"t":30.0000012219251}]}},"a":{"a":0,"k":[36,36,0]},"s":{"a":0,"k":[100,100,100]}},"ao":0,"shapes":[{"ty":"gr","it":[{"ind":0,"ty":"sh","ix":1,"ks":{"a":0,"k":{"i":[[0,0],[0,0],[0,0],[0,0],[0,0]],"o":[[0,0],[0,0],[0,0],[0,0],[0,0]],"v":[[3,6],[3,6],[-3,6],[-3,-6],[3,-6]],"c":true}},"nm":"Path 1","mn":"ADBE Vector Shape - Group"},{"ty":"fl","c":{"a":0,"k":[0.298,0.506,0.549,1]},"o":{"a":0,"k":100},"r":1,"nm":"Fill 1","mn":"ADBE Vector Graphic - Fill"},{"ty":"tr","p":{"a":0,"k":[36,24],"ix":2},"a":{"a":0,"k":[0,0],"ix":1},"s":{"a":0,"k":[100,100],"ix":3},"r":{"a":0,"k":0,"ix":6},"o":{"a":0,"k":100,"ix":7},"sk":{"a":0,"k":0,"ix":4},"sa":{"a":0,"k":0,"ix":5},"nm":"Transform"}],"nm":"Group 1","np":2,"cix":2,"ix":1,"mn":"ADBE Vector Group"},{"ty":"gr","it":[{"ind":0,"ty":"sh","ix":1,"ks":{"a":0,"k":{"i":[[0,0],[0,0],[0,0],[0,0],[0,0]],"o":[[0,0],[0,0],[0,0],[0,0],[0,0]],"v":[[3,3],[3,3],[-3,3],[-3,-3],[3,-3]],"c":true}},"nm":"Path 1","mn":"ADBE Vector Shape - Group"},{"ty":"fl","c":{"a":0,"k":[0.298,0.506,0.549,1]},"o":{"a":0,"k":100},"r":1,"nm":"Fill 1","mn":"ADBE Vector Graphic - Fill"},{"ty":"tr","p":{"a":0,"k":[36,39],"ix":2},"a":{"a":0,"k":[0,0],"ix":1},"s":{"a":0,"k":[100,100],"ix":3},"r":{"a":0,"k":0,"ix":6},"o":{"a":0,"k":100,"ix":7},"sk":{"a":0,"k":0,"ix":4},"sa":{"a":0,"k":0,"ix":5},"nm":"Transform"}],"nm":"Group 2","np":2,"cix":2,"ix":2,"mn":"ADBE Vector Group"}],"ip":0,"op":900.000036657751,"st":0,"bm":0,"sr":1},{"ddd":0,"ind":15,"ty":4,"nm":"feedback1 Outlines 2","ks":{"o":{"a":1,"k":[{"i":{"x":[0.584],"y":[0.994]},"o":{"x":[0.276],"y":[0.019]},"n":["0p584_0p994_0p276_0p019"],"t":0,"s":[0],"e":[100]},{"i":{"x":[0.847],"y":[0.76]},"o":{"x":[0.622],"y":[-0.012]},"n":["0p847_0p76_0p622_-0p012"],"t":23,"s":[100],"e":[0]},{"t":45.0000018328876}]},"r":{"a":0,"k":0},"p":{"s":true,"x":{"a":0,"k":150},"y":{"a":1,"k":[{"i":{"x":[0.667],"y":[1]},"o":{"x":[0.152],"y":[1.089]},"n":["0p667_1_0p152_1p089"],"t":0,"s":[160.5],"e":[130.5]},{"t":45.0000018328876}]}},"a":{"a":0,"k":[36,36,0]},"s":{"a":0,"k":[100,100,100]}},"ao":0,"shapes":[{"ty":"gr","it":[{"ind":0,"ty":"sh","ix":1,"ks":{"a":0,"k":{"i":[[3.313,0],[0,0],[0,-3.313],[0,0],[0,0],[0,0],[0,3.313],[0,0]],"o":[[0,0],[-3.313,0],[0,0],[0,0],[0,0],[3.313,0],[0,0],[0,-3.313]],"v":[[24,-30],[-24,-30],[-30,-24],[-30,30],[-18,18],[24,18],[30,12],[30,-24]],"c":true}},"nm":"Path 1","mn":"ADBE Vector Shape - Group"},{"ty":"fl","c":{"a":0,"k":[0.298,0.506,0.549,1]},"o":{"a":0,"k":8},"r":1,"nm":"Fill 1","mn":"ADBE Vector Graphic - Fill"},{"ty":"tr","p":{"a":0,"k":[36,36],"ix":2},"a":{"a":0,"k":[0,0],"ix":1},"s":{"a":0,"k":[226,226],"ix":3},"r":{"a":0,"k":0,"ix":6},"o":{"a":0,"k":100,"ix":7},"sk":{"a":0,"k":0,"ix":4},"sa":{"a":0,"k":0,"ix":5},"nm":"Transform"}],"nm":"Group 1","np":2,"cix":2,"ix":1,"mn":"ADBE Vector Group"}],"ip":0,"op":900.000036657751,"st":0,"bm":0,"sr":1}]}